"","S1.sorted.bam","S2.sorted.bam","S3.sorted.bam","S4.sorted.bam","S5.sorted.bam","S6.sorted.bam"
"497097",2,3,5,4,0,1
"100503874",0,0,0,0,0,0
"100038431",0,0,0,0,0,0
"19888",1,3,4,3,0,1
"20671",0,0,0,0,0,0
"27395",960,811,757,876,863,759
"18777",1225,965,877,996,869,874
"100503730",2,0,0,5,0,2
"21399",1897,1342,1344,1527,1427,1262
"58175",35,43,26,32,24,24
"108664",1455,1031,1121,1345,1189,1031
"18387",0,0,0,0,0,0
"226304",0,0,0,0,0,0
"12421",2033,1592,1419,1740,1401,1507
"620393",1,0,0,1,1,0
"240690",11,8,4,12,1,9
"319263",1563,1217,1174,1277,1176,1136
"71096",0,1,0,1,1,1
"59014",527,399,518,546,517,471
"76187",11,12,15,8,18,11
"72481",4,2,6,3,1,10
"76982",3,2,4,3,1,1
"17864",33,32,18,24,21,28
"70675",914,670,503,816,562,679
"73331",0,0,0,2,1,0
"170755",18,17,20,27,10,16
"620986",3,0,0,0,0,0
"240697",0,0,0,0,2,0
"73824",254,165,201,168,184,161
"266793",2,1,4,1,1,1
"100038398",13,5,8,13,6,5
"100039596",0,0,1,1,1,0
"69312",1,0,0,1,1,0
"26754",2777,2244,2115,2330,2163,2115
"211660",243,202,208,241,174,144
"211673",3163,2366,2049,2770,1931,2286
"329093",24,13,20,8,14,9
"109294",5,4,2,12,1,6
"320492",5,6,7,2,0,2
"329096",0,0,0,0,0,0
"240725",1649,1135,1212,1375,1126,1275
"240726",1489,1143,1083,1167,823,1127
"383491",0,0,0,0,0,0
"17978",1321,1062,793,1207,819,1037
"72265",872,611,686,710,721,699
"212442",799,615,540,708,657,585
"381246",0,0,0,0,0,0
"433273",1,1,1,0,0,0
"14048",151,130,120,171,104,130
"17681",4,6,1,2,8,1
"277328",9,5,3,5,3,3
"98741",5,1,0,2,1,1
"21749",65,64,75,72,69,64
"226866",2,0,0,0,2,0
"665434",0,0,0,0,0,0
"75799",0,0,0,0,0,1
"19989",11325,8931,8916,9980,9760,8429
"98711",137,107,101,138,152,137
"29819",974,781,685,849,699,819
"66799",528,408,415,479,418,404
"67923",1643,1332,1284,1331,1411,1242
"329101",1,0,3,1,4,0
"70397",1260,1074,1129,1175,1014,1027
"17087",43,21,36,34,27,25
"57339",4086,3220,3214,3581,3063,3087
"14545",48,39,36,46,35,46
"94227",228,120,122,177,136,173
"83691",2,2,2,2,4,2
"78081",0,0,0,0,0,0
"654454",0,0,0,0,0,0
"654460",0,0,0,0,0,0
"77673",0,0,0,0,0,0
"654464",0,0,0,0,0,0
"226896",0,0,0,0,0,0
"21419",0,0,0,0,0,0
"241035",1212,853,655,926,584,699
"75028",0,0,0,1,0,0
"387202",6,5,24,5,16,3
"723817",535,341,510,390,382,314
"16171",0,0,0,0,1,0
"257630",0,1,0,0,0,0
"17215",76,58,79,59,54,63
"77741",3,1,0,0,1,1
"74229",331,228,222,224,186,289
"71877",21,16,18,17,14,19
"170829",258,202,209,166,158,211
"75712",25,27,18,26,21,21
"14859",57,47,44,70,57,72
"241041",0,0,0,0,0,0
"368204",0,0,0,0,0,0
"433278",0,0,0,0,0,0
"98582",0,0,0,0,0,0
"226922",177,162,134,216,132,159
"116837",10,3,3,7,9,1
"66755",0,0,0,2,0,0
"387225",0,0,0,0,0,0
"723964",1,1,0,1,0,0
"70155",143,103,122,115,125,88
"100503399",0,0,0,0,0,0
"280645",14,11,9,15,5,8
"98366",408,341,329,364,403,331
"68002",242,186,185,222,196,208
"68187",773,605,536,650,593,637
"12839",1,0,2,2,0,0
"12823",941,627,513,632,515,554
"68421",1435,1130,1107,1163,1104,1093
"210933",5,1,2,3,0,3
"100504323",0,0,0,0,0,0
"210940",0,0,0,0,0,0
"433281",0,0,0,0,0,0
"665903",14,12,14,12,17,6
"210962",0,0,0,2,2,0
"623924",0,0,0,0,0,0
"791350",0,0,0,0,0,0
"213109",2153,1581,1524,1807,1351,1570
"19243",2384,1855,1901,2048,2088,1771
"70988",0,0,0,0,0,0
"266744",0,0,0,0,0,0
"74708",0,0,0,0,0,0
"226957",0,0,0,0,0,0
"624262",0,1,0,0,0,0
"170771",3,0,1,2,1,1
"408192",0,0,0,1,0,0
"408191",1,0,1,1,0,0
"19076",54,40,36,39,47,33
"67503",3,4,6,5,1,1
"19335",189,135,137,170,169,133
"213539",1203,959,1054,1051,1026,1051
"98403",328,248,258,274,231,235
"433287",2,2,2,1,3,1
"320705",24,20,27,24,17,26
"13518",21994,13971,9320,17517,7164,16108
"100628580",2,0,1,5,5,2
"69668",357,269,319,324,353,289
"27993",446,348,351,424,420,340
"52318",171,145,160,176,157,130
"19253",4,4,2,2,0,5
"21755",0,0,0,0,0,0
"12627",0,0,0,0,0,0
"21756",0,0,0,0,0,0
"211383",0,0,1,0,0,2
"241051",0,0,0,0,0,0
"226970",39,29,44,47,27,30
"214469",1718,1269,1295,1565,1365,1209
"226971",1825,1424,1291,1543,1378,1292
"50785",3997,3394,3418,3537,3020,3175
"320011",2875,2201,2007,2579,1866,2313
"214854",18,16,20,21,31,17
"214855",512,440,440,491,422,393
"226976",1296,1083,1063,1201,1022,1012
"214895",1172,909,939,1084,846,947
"94220",909,699,751,744,637,687
"94218",464,396,429,413,402,386
"78321",8391,7098,8107,7776,7861,7401
"109346",338,302,293,332,274,238
"20353",656,453,555,603,589,500
"381337",11,7,7,8,13,7
"12859",3108,2791,2942,3139,3456,2986
"226977",2882,2415,2420,2691,2301,2324
"71166",2,5,3,6,6,4
"22637",144,122,145,163,164,139
"56030",2436,1720,1858,2098,1544,1820
"70853",2,0,1,0,0,0
"12790",2,0,0,3,1,3
"269180",876,710,588,709,587,648
"76178",2761,2352,2184,2454,2059,2082
"67387",390,327,387,386,402,382
"269181",78,47,57,63,38,55
"77633",1,0,1,2,0,0
"100861893",0,0,0,0,0,0
"72097",26,26,23,26,21,16
"100503734",0,0,0,0,0,0
"211484",131,115,151,131,136,104
"623661",194,172,171,184,171,170
"69028",86,62,57,53,59,62
"107734",1004,931,870,1001,975,862
"332427",0,0,0,0,0,0
"69541",0,0,0,0,0,0
"98258",1303,887,995,1089,1038,984
"226982",4684,3479,4133,3951,4355,3415
"56210",464,356,339,379,310,277
"16764",20,7,8,13,8,7
"381338",59,36,33,40,34,48
"98388",66,61,48,69,60,42
"100503760",2,5,3,1,2,2
"433292",0,0,0,0,0,0
"68833",1406,1078,1159,1179,1182,1074
"18143",16,11,17,25,9,8
"114641",5302,4590,4133,4455,4917,4115
"54610",1530,1229,1282,1382,1261,1089
"52846",730,579,628,685,625,565
"100217461",3,4,4,3,2,0
"67702",667,502,512,548,558,492
"263764",16,5,12,13,10,5
"619289",10,8,7,5,8,6
"100042065",5,9,1,2,1,6
"73426",0,0,0,1,0,0
"26921",13590,10478,9476,10961,9110,9237
"100047133",1,1,3,0,1,3
"16178",4,2,2,3,0,0
"16177",191,127,128,130,101,128
"107527",20,18,20,29,14,26
"17082",278,189,197,244,248,257
"16182",0,0,0,0,0,0
"16174",51,43,41,41,25,30
"110895",5,3,11,4,6,5
"226999",221,187,166,217,170,169
"211798",49,44,39,57,41,31
"381339",2465,2088,1819,2102,1667,1861
"74897",0,0,0,0,0,0
"66297",0,0,1,0,0,0
"18993",3,3,7,6,4,5
"73100",0,0,0,0,1,1
"69527",625,464,554,555,575,478
"93690",0,0,1,1,2,0
"73122",719,536,556,671,512,566
"98404",858,632,613,733,641,638
"14200",472,316,373,339,383,349
"666642",231,206,193,234,246,244
"17974",780,536,584,632,618,567
"100861934",4,5,6,7,4,0
"78896",20,9,17,10,15,7
"67883",849,549,679,722,697,586
"100503192",0,1,1,1,0,0
"22019",2779,2044,1870,2289,1770,2004
"433294",12,32,28,31,15,29
"75623",94,55,74,61,74,48
"72050",403,300,283,333,317,282
"246229",246,158,178,184,195,172
"22592",603,417,453,463,413,412
"100861960",0,0,0,0,0,0
"403183",7,4,7,10,4,8
"70676",44,30,26,37,30,30
"75066",0,0,0,0,0,0
"12825",10352,7007,8357,8403,7567,7843
"12832",7176,4792,5275,6485,5244,5592
"73674",715,591,528,676,529,460
"433297",117,67,62,62,53,51
"53945",115,97,99,119,103,107
"100042453",0,0,0,0,0,0
"212225",0,0,0,0,0,0
"227058",32,26,15,34,23,18
"100101919",5,3,4,4,7,3
"227059",403,309,303,345,231,277
"442837",0,0,0,0,0,0
"56363",41,46,34,45,44,45
"442821",8,9,4,12,4,6
"20324",1312,939,877,1020,900,741
"109019",443,316,308,358,311,294
"100045066",3,0,0,1,0,0
"17912",453,352,342,416,316,351
"20849",0,0,0,0,0,0
"100042634",0,0,0,0,0,0
"20846",166,168,136,224,108,232
"14660",1079,883,772,932,760,784
"17936",952,717,636,722,673,690
"227094",22,14,27,21,31,12
"98682",253,169,159,213,156,174
"16329",71,43,56,68,57,39
"227095",397,321,307,370,347,324
"67080",0,0,0,2,3,0
"17700",206,164,134,176,120,107
"69397",2,1,0,1,0,0
"227099",105,74,86,81,83,87
"227102",177,110,127,127,109,107
"72085",653,567,494,531,502,491
"70396",2030,1647,1549,1849,1675,1548
"627872",16,7,9,11,6,4
"98267",3659,2922,2632,3250,2744,2555
"329152",449,349,335,460,344,342
"78016",65,46,55,49,42,35
"98488",560,453,403,553,431,388
"241062",236,184,131,189,128,169
"329154",686,483,505,570,421,417
"81898",3810,2949,3026,3288,2713,2669
"67876",751,535,604,614,618,584
"15510",5066,3908,4039,4596,4246,3855
"15528",1223,991,1054,1143,1210,969
"19070",2189,1679,1683,1786,1789,1488
"74013",1799,1519,1620,1641,1617,1464
"212679",337,304,238,298,272,278
"75388",3,4,5,7,2,8
"227120",229,180,147,239,177,181
"626009",510,360,409,329,418,346
"329159",8,5,10,4,6,6
"71066",0,0,0,0,0,0
"212712",177,101,120,149,118,135
"329160",61,34,47,54,38,38
"407809",0,0,0,2,0,0
"75323",0,0,0,0,0,0
"73467",169,113,91,137,111,93
"68736",92,83,82,99,109,80
"68115",328,260,270,265,268,277
"67198",448,326,439,422,364,349
"51960",144,104,110,115,129,94
"68549",11,14,5,12,15,9
"11761",290,251,226,247,189,162
"71724",6,13,6,10,6,7
"71872",4,1,1,5,4,3
"213043",4,2,3,3,1,1
"66882",4007,3119,3016,3565,3218,2911
"12747",765,590,715,696,654,559
"70225",302,244,258,278,294,230
"65102",505,423,394,475,411,454
"18393",759,655,605,710,656,649
"100504455",4,1,2,4,5,2
"213056",230,174,135,189,160,142
"66495",1020,804,731,917,946,791
"100504501",15,9,8,14,16,4
"108812",2,1,4,1,1,0
"12633",1235,847,883,1021,852,871
"12370",198,142,118,143,125,137
"70827",3248,2447,2158,2632,2115,2352
"227154",1040,913,868,960,860,823
"73463",0,0,0,0,0,1
"381259",190,155,157,152,153,138
"227157",9,1,6,12,11,6
"74018",1259,999,856,1105,793,927
"271697",6,4,1,3,3,4
"14369",1494,1150,1256,1378,1272,1203
"381260",0,2,0,0,0,1
"22218",1405,1086,1069,1146,1212,985
"55989",1632,1161,1256,1371,1404,1152
"100217459",0,2,0,0,0,0
"100217421",1,0,0,0,0,0
"12168",1751,1256,799,1485,700,1276
"100504533",184,120,173,149,171,132
"72750",133,110,153,161,148,116
"70375",7,7,3,4,3,1
"57750",534,441,432,484,448,386
"241066",75,57,38,59,39,50
"100504573",0,0,1,0,2,0
"269198",906,597,367,697,362,615
"77951",298,228,277,287,226,263
"329165",669,480,417,511,440,505
"77300",2202,1664,1614,1964,1466,1650
"100043027",1,1,0,0,3,0
"100042533",24,22,25,30,30,20
"12487",53,41,44,46,33,28
"100504618",1,0,0,0,0,0
"12477",0,0,1,1,0,0
"54167",1,0,0,1,0,0
"77341",0,0,0,0,0,0
"72823",99,81,85,99,52,90
"18187",1188,786,699,1162,752,882
"74992",2,0,0,1,0,1
"227195",570,373,380,402,367,397
"100380944",56,32,49,27,32,21
"100504668",21,14,12,15,14,7
"227197",4535,3844,3684,4034,3607,3733
"55949",10739,8460,8570,9319,9761,7813
"100217464",9,5,8,6,4,3
"241070",3,6,2,4,4,2
"73884",6188,4096,2983,4879,2864,3837
"23792",163,122,101,136,126,113
"241073",0,0,0,0,0,0
"76668",0,0,0,2,0,0
"75619",330,243,235,266,223,209
"74426",5,3,3,1,0,3
"433315",3,0,0,0,0,0
"93691",66,42,32,35,42,42
"12912",416,325,292,349,321,303
"67099",390,275,284,330,290,280
"69941",12,8,6,3,5,4
"227210",428,404,385,404,362,357
"14367",204,114,155,123,122,114
"241075",231,188,144,201,150,173
"70861",0,0,0,0,0,0
"667276",0,0,0,0,0,0
"12968",0,0,1,0,0,0
"12967",0,0,0,0,0,0
"12966",0,0,0,0,0,0
"12965",0,0,0,0,0,0
"12964",0,0,0,0,0,0
"98303",1,0,0,0,0,1
"15926",1641,1094,1171,1408,1275,1188
"18711",711,476,408,594,361,478
"213527",0,0,0,0,2,0
"12969",0,0,0,0,0,0
"17756",63,60,34,60,41,39
"100038569",0,0,0,0,0,0
"329178",5,3,7,3,1,3
"66646",405,271,301,383,293,266
"68691",1183,918,944,971,828,937
"11363",5364,4558,4323,4652,4503,4188
"100862127",1,0,0,1,1,0
"17901",124974,107917,103489,109568,108168,100696
"14768",715,556,595,562,613,522
"227231",3,1,0,0,0,0
"13869",11,6,4,16,6,8
"100502712",0,0,0,0,0,0
"22779",114,72,73,71,80,79
"66722",0,0,0,1,0,0
"320460",0,0,2,0,0,0
"12021",30,12,20,14,18,17
"74591",1,1,2,0,2,3
"108147",1737,1378,1448,1590,1478,1397
"14268",67227,44413,38639,61213,35759,49338
"100042814",0,2,1,2,1,2
"667931",10,6,5,6,7,3
"71134",1,1,1,0,0,1
"433319",0,0,0,0,0,0
"381269",31,42,56,49,39,40
"111175",186,143,149,140,162,178
"271711",5,0,5,4,0,3
"22596",512,382,416,409,456,387
"381270",2,1,3,0,0,0
"54380",802,608,613,706,628,622
"319695",0,0,0,1,0,0
"19981",5004,3944,3983,4154,4864,4101
"16008",850,654,789,848,930,678
"16011",45311,34104,34738,40481,33921,31826
"21958",0,0,0,0,0,0
"69449",1,0,0,0,0,0
"723792",0,0,0,0,0,0
"78718",0,0,0,0,0,0
"109198",6,0,0,3,5,1
"21961",8909,7183,6437,8211,6343,6626
"435626",2,0,2,1,1,0
"100862357",0,0,0,0,0,0
"12765",0,0,0,0,0,0
"227288",0,0,0,0,0,0
"100316687",0,0,0,0,0,0
"76709",5317,4261,4607,4794,4797,4152
"227289",1,2,0,0,1,1
"227290",3665,2920,3123,3134,3234,2947
"56695",1400,1157,1137,1171,1125,1076
"69660",4259,3401,3355,3559,3366,3220
"241112",22,18,8,15,17,12
"18173",12,4,7,6,9,7
"227292",1287,1069,1184,1208,1189,1103
"387219",3,2,1,6,0,0
"22349",0,3,1,1,1,0
"319651",317,241,239,283,239,219
"58184",650,489,471,536,500,458
"18802",13,10,8,13,13,9
"77264",609,480,513,554,457,496
"66821",405,339,348,362,330,337
"57751",643,513,576,549,557,497
"269209",231,168,145,199,165,169
"67534",538,412,357,418,272,410
"104086",296,228,279,218,217,182
"241113",5216,4414,4543,4161,3838,3441
"22420",11,19,24,25,14,26
"22409",133,163,179,131,163,153
"12570",34,33,29,39,26,17
"260298",0,0,0,0,0,0
"12958",0,1,1,1,0,0
"723900",0,0,0,0,0,0
"241116",2,0,2,0,0,1
"16147",6,3,2,2,2,2
"75570",63,64,56,53,51,55
"22626",2,1,0,1,2,1
"69171",941,740,783,855,883,758
"227298",588,448,484,523,553,492
"68818",261,217,225,229,249,199
"74104",1193,1017,987,1061,971,1029
"245860",2797,2350,2312,2343,2123,2309
"52231",314,236,285,271,266,216
"74577",90,85,74,94,71,81
"20872",844,736,755,731,755,729
"22145",5153,4385,4543,4899,4648,4686
"381272",2,1,2,1,0,1
"56812",2059,1693,1796,1829,1871,1643
"19275",1424,889,1170,1289,1119,1102
"19711",2,2,1,5,1,0
"13437",1416,1112,1182,1147,1177,1137
"13346",134967,115552,116939,127434,118387,118414
"100503248",41,40,35,41,42,36
"11790",4067,3103,3293,3703,2848,3067
"69080",642,520,603,560,597,479
"100862164",0,0,0,0,2,0
"241118",5,4,1,5,3,4
"74241",1556,1244,1402,1543,1458,1290
"319998",110,57,97,91,101,58
"98733",15900,12064,12875,14191,12493,11931
"16322",185,151,197,165,204,155
"71728",581,494,560,527,503,456
"20536",3395,2508,3284,2968,2621,2139
"100862333",0,0,0,0,0,0
"620079",0,0,0,0,0,0
"13838",134,109,86,112,73,83
"18505",70,62,73,95,71,59
"100039210",0,0,0,0,0,0
"433323",1,4,6,10,11,4
"23874",1561,1279,1374,1483,1337,1264
"68393",0,2,6,0,1,0
"74205",7407,5782,5666,6810,6353,5978
"195434",371,237,216,317,267,242
"57814",75,61,52,70,54,46
"20254",37,25,55,47,39,24
"100862182",0,0,0,0,0,0
"252903",6,4,2,2,1,1
"69368",344,216,305,255,258,178
"100038695",0,0,0,0,0,0
"69163",494,392,487,554,487,435
"100862198",0,2,2,1,1,0
"20720",1496,1025,1080,1354,1185,1110
"241128",1,3,3,2,1,6
"26554",4190,3299,3229,3600,3204,3075
"72208",0,0,0,0,0,0
"210293",21,11,2,6,6,8
"241134",1,0,2,0,1,0
"16367",2145,1448,1552,1561,1488,1644
"100503073",10,12,10,15,12,7
"76867",650,459,454,568,486,480
"100503095",0,0,0,0,0,0
"12829",16,13,15,17,8,14
"12828",15,15,13,19,10,18
"75734",2448,2001,1977,2080,2044,1880
"66261",0,0,0,0,0,0
"100044526",0,0,0,0,0,0
"15463",1049,893,898,944,875,847
"80721",2,2,1,6,3,3
"71386",0,0,0,0,0,0
"20297",1,0,0,4,4,4
"71227",1,0,1,0,0,0
"77629",5,7,7,2,3,0
"98496",122,93,97,102,95,70
"227325",451,378,310,380,346,301
"100628595",0,0,0,0,0,0
"14897",9110,6780,5763,7758,5482,6482
"66153",38,29,30,35,46,18
"71781",1,0,0,0,0,1
"100503433",0,0,0,0,0,0
"381287",0,1,0,1,1,1
"621875",0,4,0,0,0,0
"100040135",0,0,0,0,0,0
"665378",0,0,0,0,1,0
"620078",0,2,0,0,0,0
"100040213",0,0,0,0,0,0
"100039794",15,6,6,9,14,14
"665338",0,0,0,0,0,0
"109032",6,6,3,2,5,13
"434484",9,7,6,4,4,9
"100503502",0,0,0,0,0,0
"100503045",0,0,0,0,0,0
"20684",31,18,24,34,26,35
"319997",11,2,2,7,3,2
"12283",3932,3147,3043,3471,3109,3173
"64294",2682,1914,2173,2242,2248,1975
"71141",1,0,0,0,0,0
"227326",0,1,0,0,0,0
"70060",0,0,0,0,0,0
"72792",5,5,1,3,1,1
"70247",6597,5279,5282,5500,5258,4888
"15559",50,38,43,49,48,34
"78795",182,149,166,160,167,150
"100861644",0,0,1,0,0,0
"227327",0,0,1,2,0,0
"383538",0,0,0,0,0,0
"17975",9951,7277,7322,8880,7806,7301
"100303740",2,1,0,2,1,0
"80828",0,0,0,0,0,0
"319336",13,8,7,2,9,9
"14767",1,0,1,0,0,0
"71863",0,0,0,0,0,0
"19231",3099,2228,2590,2774,3005,2325
"18582",405,303,381,371,423,372
"26895",548,462,505,462,529,450
"18159",3,7,2,5,0,4
"208718",472,397,368,391,337,401
"11650",0,0,0,0,0,0
"76768",5,7,3,4,2,3
"11648",1,1,2,0,1,2
"13599",11,9,15,10,6,7
"69453",15,18,8,9,5,14
"11447",9500,7969,8080,7971,7446,7091
"11449",16145,12613,13544,12970,12742,11345
"26987",4296,3450,3418,3647,3619,3270
"98363",2,0,1,1,4,1
"227331",2627,1946,1886,2093,1652,1710
"100040591",5,1,2,2,2,2
"73234",0,0,0,0,0,0
"53972",63,36,54,52,73,36
"319977",0,0,1,0,0,0
"620454",0,0,2,0,0,0
"23956",47,31,29,45,39,38
"16331",27,20,24,27,15,12
"77040",854,643,690,725,669,625
"100217415",1,0,2,1,0,1
"20215",25,16,11,19,15,15
"100503175",18,18,23,17,37,14
"227333",3311,2595,2470,2962,2386,2603
"227334",980,839,782,825,696,738
"394430",0,0,0,0,0,0
"394434",0,0,0,0,0,0
"394432",53,34,40,52,35,34
"394435",5,7,3,4,9,1
"94284",43,40,17,50,33,39
"394433",0,0,0,0,0,0
"22236",1,0,0,0,0,0
"15504",19,16,27,18,23,32
"394436",0,0,2,0,2,0
"100040766",56,40,42,36,36,52
"381280",217,146,139,163,138,131
"78605",0,0,0,0,0,0
"171382",0,1,0,0,1,0
"75396",0,0,1,0,1,0
"14659",3,2,6,3,4,9
"100503197",0,1,1,0,1,0
"320982",435,308,376,432,395,377
"78650",4,1,5,2,1,6
"73475",0,0,0,0,1,0
"98402",1627,1449,1288,1414,1228,1335
"77331",0,0,0,0,0,0
"347722",2225,1615,1506,1777,1836,1633
"74403",1,1,0,0,0,0
"14472",2,2,2,1,3,0
"208372",10,13,7,11,9,7
"74918",0,0,0,0,1,0
"12778",63,56,66,72,73,71
"108679",1561,1351,1299,1343,1432,1263
"433332",0,1,1,1,0,0
"12835",2189,1334,1365,1636,1140,1587
"171531",5,0,4,8,5,5
"623503",0,0,0,0,0,0
"19329",0,0,0,0,1,0
"16978",6792,5375,5429,6108,5381,4992
"329207",2,1,1,1,3,3
"51801",346,320,325,395,348,325
"67921",1253,1042,1018,1164,1062,1071
"665783",4,4,2,8,10,3
"50880",446,347,375,458,481,363
"227357",13,11,8,11,10,5
"100503326",0,1,1,3,0,0
"70788",4477,3783,4228,4199,4025,3692
"227358",117,89,108,106,96,88
"67444",1669,1367,1496,1564,1566,1242
"67086",0,0,0,0,0,1
"55927",6133,5536,5506,5699,6262,5164
"18627",301,241,272,260,204,231
"74019",300,249,262,259,301,243
"65247",806,643,589,685,575,551
"13345",62,39,57,50,50,37
"208727",363,262,246,300,221,224
"67273",3976,3480,3507,3632,3923,3239
"259040",0,0,0,0,0,0
"258228",0,0,0,0,0,0
"259041",0,0,0,0,0,0
"259039",0,0,0,0,0,0
"258274",0,0,0,0,0,0
"258483",0,0,0,0,0,0
"258484",0,0,0,0,0,0
"257890",0,0,0,0,0,0
"66915",855,726,650,740,828,620
"260301",18,16,10,18,9,5
"14733",30644,25683,26355,26364,25582,25677
"100504295",0,1,0,0,0,0
"387167",1,1,0,0,1,1
"241158",100,73,97,72,68,53
"67446",504,469,474,482,574,481
"108657",1227,1008,1159,1198,1168,1015
"100037260",3,4,6,6,4,4
"23830",246,196,247,213,220,205
"64095",31,23,33,25,23,29
"208760",0,0,0,0,0,0
"16560",1366,933,863,1377,931,986
"11611",0,0,0,0,0,0
"71874",1,0,0,3,2,1
"381284",2,1,3,4,1,0
"208777",245,158,150,184,105,135
"69821",478,388,417,386,413,366
"269224",32,24,12,27,21,23
"66385",840,655,677,827,703,687
"404545",0,0,1,1,0,0
"110611",15578,12638,11510,13543,11131,11930
"18000",5813,4309,3941,4995,4152,4125
"227377",382,306,259,297,244,304
"59041",4087,3388,3625,3374,3433,3071
"51800",314,281,270,311,333,258
"67026",549,462,492,479,518,496
"66615",891,753,774,786,730,652
"21915",258,238,217,259,236,198
"66262",160,142,144,133,128,125
"98314",331,234,278,374,287,281
"381334",72,68,59,60,53,45
"100041596",34,29,19,25,17,10
"666009",7,5,2,11,6,6
"619597",16,10,10,11,5,6
"241159",1,0,0,0,0,0
"18566",0,0,1,0,0,0
"74689",0,0,1,0,0,0
"67698",485,377,379,461,520,404
"20452",176,89,97,127,96,75
"75381",0,0,0,0,0,0
"100504401",206,150,165,166,173,167
"73454",0,0,0,0,0,0
"75159",0,0,0,0,0,0
"227394",0,0,0,1,0,0
"329217",0,0,0,0,0,0
"67854",0,0,0,0,0,0
"74441",0,0,0,0,0,0
"634331",0,0,0,0,0,0
"634346",2,0,0,0,0,0
"52392",143,133,125,118,108,91
"227399",430,257,250,344,291,236
"252876",80,60,67,62,57,63
"18484",2156,1628,1715,1813,1714,1853
"78603",4,2,1,3,2,1
"69030",0,0,0,0,0,0
"70866",0,0,0,0,0,0
"100504494",36,31,36,52,42,35
"241175",0,0,2,0,0,0
"100504525",0,0,0,0,0,0
"23836",2,6,5,3,5,6
"320311",22,6,13,13,10,13
"100504568",0,0,0,0,0,0
"27392",466,372,302,401,337,292
"227446",736,594,535,734,535,575
"100042023",0,1,1,1,0,1
"21934",1,0,0,1,1,0
"635504",10,4,6,12,7,2
"227449",341,278,252,312,255,244
"626049",3,1,1,1,3,0
"98432",733,580,468,659,484,568
"12043",127,76,82,98,84,92
"320761",0,0,0,0,0,0
"70750",411,217,243,318,292,261
"20479",880,690,679,821,746,692
"20724",0,0,1,0,0,1
"71869",0,0,0,0,0,0
"241196",0,0,0,0,0,0
"20248",0,0,0,0,0,0
"394252",0,0,0,0,0,0
"383548",0,0,0,0,0,0
"381286",0,0,0,0,0,0
"66957",0,3,0,0,0,0
"116872",36,37,31,28,29,34
"18788",9,15,11,36,16,11
"241197",0,0,0,0,0,0
"20725",100,70,69,62,73,81
"241201",1,0,1,1,0,0
"227485",3,3,1,3,2,2
"319901",181,135,117,182,126,148
"636808",9,14,9,7,9,11
"634762",0,0,0,0,0,0
"22099",1322,1113,1056,1153,1163,1031
"67949",838,656,666,749,720,650
"76707",4912,3595,3213,4186,2876,3397
"68204",0,0,3,1,1,0
"81879",8,7,4,13,7,12
"14633",6,6,2,4,1,1
"16324",90,58,104,78,85,90
"100502628",0,0,0,0,0,0
"64143",290,175,247,265,246,241
"226351",244,204,197,214,213,205
"226352",162,120,123,123,129,90
"19258",214,149,120,235,85,164
"66343",255,209,184,207,209,192
"226356",0,0,0,1,0,0
"319229",103,82,114,111,116,71
"170706",554,388,481,449,482,398
"13167",3250,2593,2842,2696,2999,2596
"73103",8,13,15,12,9,8
"68428",489,403,429,473,484,439
"226359",1,2,1,3,1,0
"17167",0,0,0,0,0,0
"13798",176,140,171,184,165,162
"98452",0,0,0,2,2,1
"72999",1317,1001,1015,1081,951,965
"70829",904,672,613,791,539,623
"15564",1,0,0,0,1,3
"66942",669,533,581,592,572,503
"100502702",0,0,0,0,0,2
"269109",1,2,1,3,0,0
"74117",3334,2592,2564,2863,2616,2556
"74150",1174,922,1028,960,1008,999
"71111",10,5,11,13,6,17
"72585",0,1,5,0,0,1
"210356",42,32,25,48,30,31
"107895",135,80,59,101,76,98
"667090",54,58,58,42,67,54
"72160",0,2,0,0,0,0
"266645",0,0,1,0,0,1
"100502745",6,3,5,2,4,3
"72949",803,586,545,713,547,548
"22625",53,34,31,38,28,41
"226407",1912,1590,1425,1589,1361,1506
"226409",52,49,33,53,21,23
"226412",2375,1872,1838,2038,1676,1787
"387147",0,0,0,0,0,0
"67812",4854,3794,3717,4168,3646,3697
"226413",3,1,0,1,4,0
"17219",82,48,48,57,74,56
"226414",2241,1752,1638,1973,1767,1705
"12767",95,62,82,98,81,65
"210417",12,4,3,7,9,3
"100042740",337,297,204,263,294,214
"13137",0,2,2,0,1,0
"13136",474,323,347,433,383,334
"22789",4,3,5,5,1,0
"12269",0,0,0,0,0,0
"12270",1,0,0,2,1,0
"18640",404,282,294,319,255,265
"226418",113,79,66,71,61,49
"212439",20,18,14,21,17,13
"64435",0,0,0,0,1,1
"100502856",0,0,0,0,0,0
"18703",0,0,1,0,0,0
"69169",0,1,0,0,0,0
"93672",0,0,0,0,0,0
"58181",0,0,1,0,0,1
"329244",2,0,0,2,0,1
"16153",1,0,3,0,0,1
"17164",3916,3219,3044,3743,3342,3218
"226419",65,34,38,73,38,52
"16865",541,438,462,521,494,430
"54354",127,92,99,80,94,99
"56489",140,84,108,114,130,111
"14270",1785,1317,1317,1515,1257,1274
"108900",47,21,34,52,36,26
"26361",1,0,0,2,0,0
"13034",0,0,0,3,0,0
"226421",58,67,57,91,81,70
"320718",1,0,0,1,0,0
"212933",11,14,14,16,14,8
"98396",1277,1015,1032,1150,948,977
"226422",108,92,80,64,103,83
"98415",1782,1212,1496,1334,1534,1308
"212980",35,26,16,40,23,20
"13714",581,384,270,451,286,396
"213006",281,236,247,264,256,266
"18557",1646,1318,1437,1472,1325,1191
"723818",0,0,0,0,0,0
"213409",9,6,7,8,10,4
"213417",380,272,318,322,338,309
"74137",195,151,198,181,161,141
"68875",1146,1026,954,1083,984,950
"213452",928,719,635,738,662,604
"213464",762,555,568,657,570,581
"74626",43,24,23,28,24,23
"21367",8,1,7,2,1,0
"269116",6,10,11,12,5,5
"100038653",0,0,0,0,0,0
"16980",221,178,177,164,204,189
"17248",637,442,393,589,322,355
"240752",1386,990,1079,1050,1013,1059
"108954",988,739,732,897,779,738
"240753",87,74,60,75,58,42
"100502933",2,0,1,0,0,2
"68338",0,0,0,0,0,1
"280287",0,0,0,0,0,0
"19701",0,0,0,0,0,0
"214253",0,2,1,2,1,1
"20668",39,31,29,30,30,25
"20643",404,316,280,321,337,299
"70579",4237,3044,3340,3315,3120,3110
"667118",1968,1340,550,1485,531,1276
"240754",8,2,9,2,8,3
"381290",851,638,556,761,545,636
"269120",2,0,3,0,0,1
"116847",26,11,23,43,24,28
"100502984",0,0,0,0,0,0
"14264",0,0,5,3,2,5
"100502999",0,3,1,1,1,3
"12227",3050,2162,2341,2317,2153,1893
"667414",0,0,0,0,0,0
"71884",16,25,6,9,11,8
"12654",217,180,163,207,163,180
"53311",40244,33761,34080,36461,33115,32211
"11539",1364,960,1501,1048,1102,624
"17928",19764,15935,16586,17868,18279,15124
"68507",4879,3542,3949,4153,3552,3178
"57439",1429,1133,1060,1132,1077,1045
"240755",3,1,2,2,1,0
"72017",4713,3822,3962,3935,4145,3796
"72674",2778,2297,2236,2566,2382,2331
"100861791",0,0,0,1,0,0
"240756",1097,896,877,994,822,842
"98710",422,283,293,317,338,316
"100503055",36,21,27,47,32,34
"71001",0,0,0,0,0,0
"75605",1202,911,1001,1110,867,904
"20980",3,0,2,0,0,0
"329251",1429,1161,800,1148,654,949
"67196",13,10,8,7,9,8
"329252",80,58,72,56,58,54
"13924",34,34,26,35,28,18
"100038590",0,0,0,1,0,0
"320139",4,7,8,5,3,3
"68724",1517,1111,1253,1335,1375,1175
"171469",12,7,8,3,12,10
"13710",6,4,8,3,3,1
"215615",625,530,558,597,512,514
"21854",2173,1655,1614,1705,1824,1561
"93689",169,130,134,123,121,139
"77552",1693,1454,1688,1472,1651,1631
"226432",2743,2061,2118,2280,1908,2034
"215690",1231,850,794,1061,746,853
"13007",1416,1231,1222,1204,1231,1177
"27280",4884,4579,5357,5646,6293,5250
"21952",63413,54812,57606,56819,56580,53512
"16763",24,16,22,17,17,15
"21956",89167,73751,81096,77576,83809,70395
"18772",377,311,281,396,324,302
"226438",4347,3379,3854,3837,3037,2939
"66241",2807,2311,2453,2286,2489,2291
"12292",17571,13742,13598,15844,11961,13041
"329253",1,0,2,0,2,0
"16565",460,344,308,370,287,279
"76422",9,6,5,6,6,4
"67313",139,116,143,132,151,109
"100042513",1,0,0,0,0,0
"383563",5,7,15,7,14,7
"67886",1250,950,805,1154,740,961
"320054",5,3,3,9,7,2
"67997",147,119,143,128,126,132
"381293",4,2,5,7,5,2
"71084",0,0,0,0,0,0
"226442",456,349,316,422,343,344
"100503460",3,5,6,4,13,5
"100503474",1,0,0,1,0,1
"667686",0,0,0,0,0,0
"26424",0,0,0,0,0,0
"320138",0,2,0,2,2,1
"735252",0,0,0,0,0,0
"723890",3,0,2,1,0,1
"19264",2,2,2,1,0,0
"338375",0,0,0,0,1,1
"59125",2095,1733,1564,1995,1801,1683
"545363",0,0,0,0,0,0
"16876",13,14,9,9,11,9
"69549",66,53,54,63,60,47
"75546",0,0,0,0,0,0
"329260",346,273,217,300,190,228
"170788",14,3,4,13,5,6
"71209",0,0,0,0,0,0
"226470",885,625,573,734,578,583
"12316",22,15,18,14,4,16
"14060",1,0,0,0,0,0
"50702",0,0,0,0,0,0
"624286",0,0,0,0,0,0
"214403",0,0,0,0,0,0
"545366",0,0,0,0,0,1
"12628",45,33,36,42,20,30
"240776",7,3,2,2,4,5
"75910",0,0,0,0,0,0
"226472",0,0,0,0,0,0
"214498",1061,810,693,853,653,780
"26878",970,718,724,987,755,789
"69367",537,378,422,455,443,398
"20822",754,573,462,620,487,541
"56207",488,415,420,376,432,339
"19735",60,30,32,40,42,44
"100861894",0,0,0,0,0,0
"246709",0,0,0,0,0,0
"50778",0,0,0,0,1,0
"624910",0,0,0,0,0,0
"64214",0,0,0,0,0,0
"215378",30,21,13,15,14,29
"100043240",457,377,333,400,307,361
"791353",0,0,0,0,0,0
"100503781",0,0,0,0,0,0
"18783",475,314,320,401,382,370
"320019",19,10,7,7,10,11
"19225",2561,1591,1650,2225,1699,1458
"100043257",40,43,32,30,42,43
"100043261",0,0,0,0,0,0
"20028",0,0,0,1,0,0
"75584",1,0,0,0,0,0
"226499",818,626,589,746,684,567
"108989",4559,3334,2966,3791,2730,3317
"96875",37,24,25,29,27,19
"545370",11,1,4,5,6,6
"402734",11,5,2,4,4,7
"73176",11,1,0,5,0,0
"117198",5308,4213,4524,4653,4434,3822
"66875",171,116,119,144,139,126
"98685",942,739,721,808,748,745
"19821",702,546,533,683,574,482
"100503012",0,1,0,1,0,0
"63913",713,497,358,666,467,486
"66967",4564,3446,2985,3554,2704,3159
"69399",798,577,580,673,628,670
"66637",210,181,196,184,209,173
"269132",5,4,3,0,7,1
"19731",108,72,80,72,64,64
"100861876",1,4,3,11,3,1
"71281",0,0,0,0,0,0
"67771",415,294,328,398,378,342
"100503084",0,0,0,0,1,1
"17970",7,7,13,6,9,5
"226517",2078,1632,1583,1702,1407,1551
"226518",113,86,84,102,125,101
"16782",594,544,558,551,536,433
"226519",5312,4076,3756,5220,3624,4378
"626058",0,0,0,2,1,0
"71836",5,1,4,4,2,1
"13211",3488,2474,2373,2801,2155,2279
"74091",45,28,36,29,34,31
"67792",5,2,5,8,6,3
"329271",2,2,4,6,2,1
"19734",796,481,665,592,694,469
"24014",31,21,14,29,26,24
"240816",0,1,1,1,0,2
"240817",2,0,0,0,0,0
"433365",1,0,1,1,0,3
"240819",0,0,0,0,0,0
"14645",2185,1723,1761,1927,1698,1672
"100861882",0,0,0,0,0,0
"207678",0,0,0,0,0,0
"78112",0,0,0,0,0,0
"12290",11,3,6,6,6,8
"15939",305,222,311,283,335,291
"15064",169,143,126,157,141,132
"58244",288,225,242,285,276,284
"207792",264,188,234,282,199,256
"100503411",4,9,4,6,7,9
"19775",1734,1238,1091,1450,1072,1183
"433367",205,175,196,175,179,182
"72482",500,426,462,504,570,447
"16872",0,1,0,0,0,1
"100861926",0,0,1,0,0,0
"104009",2907,2289,2485,2370,2375,2241
"74081",2901,2051,1322,2431,1081,1896
"208263",1682,1367,1271,1456,1193,1298
"240832",3511,2757,2767,3142,2873,2628
"329274",0,0,2,2,0,1
"214575",3,0,1,1,0,0
"170484",0,0,1,0,0,0
"77352",8,7,5,4,1,3
"20652",511,369,392,478,441,334
"11352",2721,1987,1538,2287,1443,1742
"30935",1384,1054,1211,1336,1210,1258
"100503836",0,0,0,0,0,0
"215015",2146,1649,1558,1814,1578,1518
"78255",384,320,268,375,295,250
"72713",6,1,6,8,4,2
"73435",1,0,0,0,0,1
"226525",694,578,443,667,449,557
"69953",280,253,242,268,294,216
"226527",21,12,23,28,23,14
"89867",75,56,46,47,39,57
"100504090",0,0,0,0,0,0
"240843",2,3,2,1,0,0
"11899",7,4,4,5,4,0
"735253",0,0,0,0,0,0
"23850",188,147,143,147,124,135
"72025",0,0,0,0,0,0
"26374",1886,1554,1456,1645,1374,1343
"100217414",0,0,1,0,0,1
"21960",69,54,27,54,32,29
"67647",137,99,87,120,113,100
"75255",0,0,0,0,0,0
"329278",1,2,0,0,0,0
"64659",546,446,550,509,544,481
"12301",2415,1913,1803,1981,1965,1676
"29809",170,132,140,151,153,139
"100316784",0,0,0,0,0,0
"620246",1,1,0,1,1,1
"620750",0,0,0,0,0,0
"381305",819,611,579,701,534,657
"11905",0,1,1,2,4,1
"240869",86,66,38,73,44,48
"14455",1665,1066,1309,1392,1632,1114
"100628588",0,0,0,0,0,0
"100217446",4,2,2,4,1,2
"226539",125,117,131,136,120,129
"70454",29,21,25,28,20,24
"226541",902,687,740,767,658,694
"73844",2,2,2,2,0,2
"100502590",0,1,0,1,0,1
"11758",2947,2424,2323,2943,2777,2509
"22164",0,0,0,0,0,0
"240873",7,4,5,8,1,5
"14103",0,0,0,0,1,0
"226551",846,687,583,741,656,641
"75368",0,0,0,1,0,0
"67292",442,310,374,349,348,299
"103967",78,48,40,51,49,25
"72753",6,0,1,2,5,6
"474332",304,176,263,269,225,160
"723821",0,0,0,0,0,0
"387210",0,0,0,0,0,0
"71449",313,224,228,254,249,221
"53330",358,278,291,292,272,289
"17926",2,1,1,0,0,0
"100038657",0,0,0,0,0,0
"226562",5644,3714,3051,4557,2634,3655
"226564",0,0,0,1,1,0
"14261",337,269,225,259,235,225
"55990",138,44,73,88,57,70
"226565",6,1,5,2,1,1
"14262",1,1,0,1,1,1
"78258",0,0,0,0,1,0
"18933",2671,1907,2082,2331,1996,2213
"98376",134,103,96,113,89,99
"240879",15,13,9,6,15,10
"16579",1711,1274,1207,1444,1258,1178
"240880",275,218,192,245,188,197
"381306",13,16,8,22,20,9
"69962",72,39,58,57,53,49
"20339",6,8,3,8,2,8
"20343",0,0,0,0,0,0
"20344",3,0,1,1,0,1
"100503816",0,0,0,0,0,0
"14067",1,1,2,2,7,1
"116914",328,203,217,267,234,193
"74895",386,347,358,325,370,326
"66352",697,599,553,608,596,601
"171567",160,166,158,175,136,157
"11931",1534,1403,1639,1485,1412,1500
"56429",459,310,374,372,332,337
"433374",0,0,0,2,1,3
"16963",0,0,0,0,0,0
"69476",0,0,0,0,0,0
"75857",0,0,0,0,0,0
"83993",1,0,1,1,1,0
"108735",1172,965,923,949,1010,967
"226591",766,560,626,668,670,530
"240888",34,23,21,22,26,28
"74106",3581,3019,2954,3027,2766,2885
"70456",584,517,555,595,629,502
"271639",1,0,0,0,0,0
"68481",137,113,127,135,152,110
"100503268",0,0,0,0,0,0
"226594",194,169,127,196,145,164
"100503283",0,0,0,0,0,0
"433375",488,363,394,461,400,436
"12503",0,0,0,0,0,0
"18986",310,227,160,266,146,196
"240892",6233,5057,4961,5202,4503,4868
"59290",2,0,4,1,0,2
"98558",0,0,0,0,0,0
"100039795",714,606,500,639,500,539
"100503318",50,47,44,65,64,59
"27878",244,186,194,201,188,170
"71592",410,327,296,380,294,293
"226601",0,0,0,0,0,0
"226604",0,0,0,0,0,0
"240894",0,0,0,0,0,0
"100503962",4,2,2,1,3,3
"226610",219,152,108,187,164,152
"80914",495,401,413,486,433,403
"68944",584,468,523,578,563,468
"100862084",0,0,0,0,0,0
"56752",143,99,121,138,133,97
"66447",413,355,361,339,367,380
"240899",0,0,0,0,0,0
"100503977",0,0,0,0,0,0
"20183",279,214,224,281,254,210
"110648",0,0,0,0,0,0
"18514",870,614,633,738,611,631
"66977",4,4,6,4,4,6
"19737",1,5,0,3,1,0
"100862094",3,1,1,0,0,0
"19736",51,31,52,38,28,34
"78465",0,0,0,1,0,0
"15490",1664,1207,1121,1476,1149,1229
"67303",25,14,18,23,19,12
"18214",2981,1980,1733,2477,1668,1862
"107652",663,513,564,570,552,542
"16589",287,224,144,260,146,165
"545378",0,0,0,0,0,0
"622708",1,1,0,0,2,1
"26904",3,0,1,0,1,0
"665574",21,14,16,13,15,16
"76925",0,0,0,0,0,0
"70729",14,10,8,8,10,9
"320078",531,393,484,429,436,369
"226641",3871,2973,2610,3266,2361,2731
"80915",151,124,129,128,101,121
"435653",0,1,0,0,1,2
"98752",0,0,0,0,0,0
"14130",0,0,0,0,0,0
"246256",0,0,1,0,1,0
"14131",1,0,0,0,5,2
"75472",24,22,25,27,33,18
"66052",3243,2649,2647,2847,2689,2484
"17528",0,3,3,7,1,1
"66425",9,2,5,4,3,5
"12355",11,11,8,9,8,13
"641376",592,547,516,504,583,497
"11807",1,0,0,3,1,1
"14127",4,0,3,3,5,3
"226646",7850,6638,6677,6751,6778,6261
"240913",585,417,419,446,331,378
"57370",292,234,297,279,243,231
"19044",461,372,500,441,403,361
"30941",375,281,325,305,309,233
"66155",510,447,405,469,453,430
"100862110",0,0,0,0,0,0
"100504072",15,11,27,17,12,6
"21945",883,633,722,703,654,665
"27045",528,393,489,413,392,397
"18637",1368,1104,1150,1173,1219,1084
"68874",139,150,147,148,156,96
"71740",6,2,4,1,4,4
"226652",2,0,1,0,3,0
"22278",617,508,552,563,573,438
"226654",2,3,1,1,2,4
"16456",298,200,253,223,228,231
"56009",85,70,87,86,94,63
"16429",0,0,0,0,0,0
"18106",0,2,1,0,3,1
"17085",1,0,0,0,0,1
"75345",0,0,0,0,0,0
"12506",0,0,0,0,0,0
"100041098",65,62,68,64,85,57
"27218",14,21,11,24,7,12
"12523",0,0,0,0,0,0
"100038548",0,0,0,0,0,0
"100862186",0,0,0,0,0,0
"30925",0,0,0,0,0,0
"93840",178,143,111,159,153,152
"18071",1,2,1,1,1,1
"59287",2512,1967,1855,2051,1938,1914
"12847",6589,4816,4658,5768,4654,5137
"100504176",0,0,1,1,0,0
"19298",3437,2851,2755,2942,2907,2643
"98193",4778,3904,4012,4017,3855,3796
"18611",4504,3764,3939,3883,3794,3624
"12372",20947,18498,21212,18970,18696,19805
"27222",11,13,3,15,15,8
"98660",10086,8949,10022,9271,8676,9201
"140559",890,670,879,768,801,814
"16524",1,5,0,2,0,2
"16513",5,4,3,5,0,3
"67556",452,290,290,329,324,306
"100862199",0,0,0,1,0,0
"98365",25,20,21,17,23,17
"93842",35,11,15,20,15,17
"21346",369,244,325,289,334,280
"71870",4,0,2,2,2,4
"71319",0,0,0,0,1,0
"240916",0,0,0,0,0,0
"74748",0,0,0,0,0,0
"677296",0,0,0,0,0,0
"68440",133,113,105,115,117,83
"100040320",35,32,26,27,23,36
"12944",0,0,0,0,0,1
"20219",0,0,0,0,0,0
"18313",1,0,0,0,0,0
"258759",0,0,0,0,0,0
"258758",0,0,0,0,0,0
"258880",0,0,0,0,0,0
"258881",0,0,0,0,0,0
"14125",0,0,0,0,0,0
"258645",0,0,0,0,0,0
"100504232",0,0,0,0,0,0
"13349",2,4,0,1,0,0
"94332",23,12,24,16,10,13
"383619",5,4,0,3,2,3
"240921",1,2,0,2,0,4
"545384",5,0,0,2,2,2
"623121",0,0,0,0,0,0
"236312",61,33,42,55,35,36
"100033459",2,1,1,2,0,1
"100504251",0,0,0,0,0,0
"226691",52,32,32,62,38,60
"15951",163,132,120,138,131,147
"100504287",1,0,2,0,2,1
"666028",0,0,0,0,0,0
"100040462",20,23,11,14,12,31
"381308",154,107,136,176,115,143
"15950",19,13,6,20,8,28
"26388",0,1,0,0,0,0
"226695",21,34,27,29,15,34
"258712",0,1,0,0,0,0
"258711",0,0,0,0,0,0
"258713",0,0,0,0,0,0
"258717",0,0,0,0,0,0
"259162",0,0,0,0,0,0
"404222",0,0,0,0,0,0
"258716",0,0,0,0,0,0
"258715",1,2,1,1,1,0
"258302",0,3,0,1,0,4
"20739",400,291,224,264,194,197
"258710",0,0,0,0,0,0
"66289",0,0,0,0,0,0
"258238",0,0,0,0,0,0
"258709",0,0,0,0,0,0
"258756",0,0,0,0,0,0
"546747",0,0,0,0,0,0
"54418",8,5,4,5,1,5
"23893",141,116,116,153,146,100
"24012",2,3,7,1,2,4
"14194",1957,1581,1642,1726,1673,1489
"98256",0,0,1,0,0,0
"13603",119,105,130,113,120,130
"12663",269,197,160,263,182,208
"75820",1,0,0,1,0,0
"26909",3,1,2,2,1,4
"319455",59,56,47,54,45,39
"545389",1963,1462,1341,1780,1192,1385
"723921",0,0,0,0,0,0
"76816",268,202,210,208,199,216
"15365",28,23,44,38,48,41
"23797",412,282,281,322,300,302
"30928",5168,3918,3823,4069,3677,3607
"75589",230,197,196,182,200,174
"69428",5,2,3,1,2,6
"11566",402,310,328,363,317,291
"631584",0,0,0,1,0,0
"545391",4,2,4,0,4,0
"78825",1162,802,881,1001,892,841
"791357",22,7,14,6,12,7
"75164",0,0,2,1,0,0
"666295",16,10,12,10,15,10
"320110",6,12,12,14,14,20
"66359",484,383,388,429,432,337
"51810",7201,5277,6263,6937,6134,5630
"68226",63,73,53,56,66,58
"269152",219,133,124,191,113,143
"69726",215,176,162,153,125,171
"15278",897,700,696,781,727,666
"226744",1069,819,788,930,794,715
"109232",2804,2245,2270,2564,2379,2121
"226747",1431,963,907,1193,820,987
"100503705",0,0,0,0,0,0
"226751",3204,2463,2087,2702,2132,2296
"67426",6726,5637,5899,5772,5598,5614
"19165",1345,1073,1204,1035,992,1048
"277333",33,13,12,21,18,13
"320404",205,133,119,164,149,131
"381310",89,43,45,79,53,54
"11545",2239,1935,1812,2154,1847,1800
"72568",95,69,43,75,69,73
"27217",0,0,0,0,0,0
"170760",1369,1086,1012,1188,1082,988
"100504581",0,0,1,0,0,0
"15078",2603,2237,2189,2331,2344,2034
"208768",746,599,616,727,674,594
"100504598",2,2,0,2,0,1
"320202",0,0,0,0,0,0
"100862334",0,0,0,0,0,0
"69051",403,344,370,347,384,351
"13590",22,13,12,13,24,17
"208795",559,436,549,455,432,482
"13849",1023,748,761,908,808,729
"619326",0,0,0,0,0,0
"67459",725,529,463,629,476,502
"98417",1025,787,797,797,802,685
"226757",9883,7795,7118,8054,6797,6952
"329307",3,5,7,7,4,7
"72978",20,8,14,11,8,7
"403180",1,3,0,1,0,1
"240960",5,7,5,4,7,4
"98386",415,333,349,334,355,351
"433384",1,1,1,1,4,2
"13800",13281,10300,9506,11500,9053,10029
"27058",1596,1240,1322,1358,1493,1126
"625823",0,0,0,0,0,0
"13244",1714,1279,1339,1580,1453,1343
"67330",0,0,2,1,0,0
"67948",926,764,671,859,673,757
"209456",580,452,445,541,401,435
"12334",4954,3999,4173,4555,4048,4095
"170725",0,0,0,0,1,0
"433386",0,0,0,0,0,0
"96935",11,4,18,11,17,12
"53791",28,25,13,23,9,17
"68897",656,483,423,550,427,418
"71678",1593,1252,1169,1374,1246,1206
"108909",933,699,687,812,738,663
"338366",4280,3145,3218,3690,2796,3149
"21339",94,71,71,97,84,61
"78772",5,3,10,6,2,7
"73363",15,14,24,25,23,19
"63953",955,738,814,925,814,849
"73590",0,0,0,1,0,0
"74971",0,0,0,0,0,0
"15284",116,107,131,115,182,112
"66112",0,1,0,0,0,0
"67247",685,555,653,616,674,587
"100316821",0,0,0,0,0,0
"226777",13,13,22,11,9,12
"226778",132,76,101,117,100,77
"98732",3105,2485,2232,2571,2140,2320
"100217449",0,0,0,0,0,0
"381314",1905,1502,1507,1673,1499,1418
"387189",0,5,2,0,0,0
"387211",0,0,1,2,2,2
"23827",933,722,727,763,744,718
"107508",6124,4721,4654,5520,4369,4674
"319562",0,0,0,0,0,0
"100039138",0,0,0,0,0,0
"226781",0,0,0,0,2,0
"114668",0,0,0,0,0,0
"226791",62,53,42,62,60,57
"21808",1608,1278,1333,1661,1447,1393
"67223",384,295,325,339,378,324
"110957",0,0,0,0,0,0
"74717",2,2,3,1,3,0
"69308",0,0,0,0,1,0
"67769",529,384,354,448,313,351
"100862400",18,5,16,10,23,5
"26381",216,172,180,217,158,159
"320272",0,0,0,0,0,0
"22283",1,1,0,0,0,0
"226823",1248,1084,994,1110,1042,1046
"16526",145,85,130,121,121,103
"100042424",357,291,332,322,378,280
"100039307",1,0,0,0,1,1
"108000",123,70,86,107,112,115
"19250",1414,995,954,1281,873,973
"226830",1021,828,833,941,841,809
"19130",137,146,83,136,76,124
"100504619",2,1,0,0,1,1
"320119",619,430,500,521,476,499
"52477",529,430,437,480,477,434
"226841",1566,1332,1220,1434,1380,1165
"226844",59,50,42,52,52,40
"100125339",1,0,0,0,0,0
"75558",1,0,0,0,2,0
"68972",131,117,103,141,113,104
"381318",13,10,2,1,11,4
"381319",0,0,0,1,0,0
"619288",0,0,0,2,0,0
"11910",219,220,201,255,227,148
"100504360",8,5,10,4,21,1
"100861628",0,0,0,0,0,1
"66208",11,14,31,31,45,24
"66950",178,114,131,140,170,142
"226849",667,585,619,636,553,615
"100504379",0,1,1,0,1,0
"76843",56,36,44,45,44,41
"77065",410,352,365,381,328,301
"226856",4220,3352,3114,3880,2950,3212
"18005",22,7,20,18,17,17
"98736",4,4,1,0,5,3
"22782",231,190,159,227,214,185
"74023",3,0,0,3,0,0
"22033",48,35,27,43,31,30
"100628582",0,0,0,0,0,0
"100042625",298,224,274,242,309,255
"214742",209,199,204,212,193,207
"100038712",35,42,26,38,40,28
"16510",14,11,6,17,11,8
"226861",81,38,59,69,71,82
"320952",19,12,19,15,8,14
"73455",5,1,3,1,0,1
"214791",1110,838,850,911,836,773
"100503471",194,165,191,173,162,174
"329324",83,83,61,88,38,57
"215193",374,323,328,375,338,288
"54139",194,172,149,135,110,135
"319266",155,159,146,119,141,100
"215243",958,805,676,850,758,680
"15483",361,304,281,265,280,319
"14373",0,0,0,0,0,0
"100503531",0,0,0,0,0,0
"16780",157,146,133,131,147,138
"215303",24,18,19,28,16,19
"387201",0,0,0,0,0,0
"74942",0,0,0,0,0,0
"18845",4289,3228,2346,3867,2272,3071
"100628615",0,0,0,0,0,0
"12490",318,210,236,250,257,300
"320400",5,3,5,5,4,8
"320977",24,13,16,8,15,9
"723963",0,0,0,0,0,0
"387224",0,0,0,0,0,0
"17221",11,3,1,4,7,1
"12946",489,361,349,383,337,345
"12902",4,2,1,2,0,1
"215728",0,0,0,0,0,0
"619314",0,0,0,0,0,0
"670558",0,0,0,0,0,1
"76142",1352,1177,1157,1270,1126,1124
"70337",15,4,1,3,1,2
"213783",64,47,53,95,54,61
"270685",226,124,180,194,167,165
"83397",1824,1287,1202,1845,1197,1357
"381990",152,124,151,159,158,143
"66084",439,319,373,384,406,331
"73419",403,326,304,374,309,299
"100504234",1,1,1,0,1,0
"13982",122,107,96,113,90,131
"64009",2884,2180,1994,2731,2024,2207
"68632",0,0,0,0,0,0
"22353",19,16,20,15,3,4
"67141",10,4,11,7,6,3
"108853",181,107,135,114,139,129
"56533",129,81,69,86,63,55
"100041224",0,0,0,0,0,0
"18390",0,0,0,0,0,0
"320495",2,1,1,1,0,0
"215748",334,244,230,292,213,223
"77777",46,39,34,43,24,23
"237253",347,277,269,341,289,275
"18537",1558,1396,1355,1414,1335,1296
"320642",16,16,8,13,17,8
"69912",130,126,134,134,117,89
"407824",33,27,31,32,30,21
"16798",723,536,472,578,483,509
"23924",626,562,518,530,508,452
"215751",459,398,385,399,395,361
"100503695",4,2,1,1,3,2
"67418",597,474,477,551,522,479
"237256",5,1,0,3,1,4
"100628581",0,0,0,0,0,0
"68652",2918,2291,2152,2464,1928,1915
"338362",72,56,61,87,85,81
"70097",786,587,458,765,535,595
"791352",0,0,0,0,0,0
"320825",30,25,21,33,30,26
"620417",0,0,0,0,0,0
"78808",488,341,324,370,326,368
"215772",1,1,1,2,1,4
"67844",127,73,71,116,107,110
"382450",0,0,0,0,0,0
"14816",6,2,1,4,1,6
"78056",0,0,0,0,0,0
"268281",569,364,371,501,348,396
"71865",1167,840,770,949,816,841
"13853",91,71,67,77,67,70
"22288",6270,4498,3188,5564,2803,4588
"320273",28,21,25,29,23,20
"74732",275,226,207,210,213,200
"66125",357,323,308,349,388,271
"22634",168,73,112,121,113,102
"100862331",0,0,0,0,0,0
"75122",0,0,0,0,0,0
"353258",689,544,623,623,600,574
"215789",597,395,405,506,369,375
"66848",426,379,374,426,360,407
"56535",392,269,282,357,333,264
"66757",59,63,47,69,70,52
"66253",174,152,153,163,179,162
"15273",2473,1882,1353,2224,1298,1833
"100504211",4,3,3,12,1,1
"215798",220,218,136,214,150,153
"100039571",1128,861,887,1013,1224,933
"66201",794,621,653,639,654,606
"69412",0,0,0,1,0,0
"76743",0,0,1,0,0,0
"18101",0,1,0,1,0,1
"100504235",4,7,5,5,4,5
"17684",2545,1891,2130,2189,2117,2096
"378431",3370,2812,2491,3279,2545,2666
"380629",417,299,312,361,285,303
"73112",375,258,312,315,337,292
"19707",485,430,432,432,438,440
"100045792",5,3,3,7,3,2
"215814",77,63,54,75,66,65
"215819",395,309,334,394,312,279
"56016",93,60,73,82,85,72
"215821",6,1,3,1,1,0
"237300",0,0,0,0,0,0
"73968",0,0,0,0,0,0
"64058",28,17,22,27,25,22
"21929",345,292,231,328,288,256
"100504265",41,33,37,30,29,16
"94222",0,1,0,2,0,0
"15979",375,272,266,293,286,264
"237310",0,0,0,0,0,0
"237313",0,0,0,0,0,0
"76157",0,0,0,0,0,0
"18634",146,95,96,104,103,108
"26408",39,40,50,50,31,35
"17761",21,8,20,26,22,22
"73811",0,0,0,0,0,0
"621697",6,0,2,5,3,7
"72567",2985,2292,2148,2485,1987,2067
"71804",11,6,12,9,12,10
"29863",133,97,95,114,121,83
"52906",194,103,131,158,140,151
"100038717",0,0,0,1,0,0
"100504283",0,0,0,1,0,0
"17863",0,0,1,0,1,2
"56422",1996,1562,1554,1649,1608,1498
"73990",5,2,3,2,7,3
"237320",1,0,0,0,0,0
"76924",0,0,0,0,0,0
"67692",0,2,0,0,0,2
"432436",3,0,5,1,2,2
"20393",1009,680,883,817,789,695
"114671",0,0,0,0,0,0
"319887",10,9,11,14,21,17
"379043",49,39,32,35,44,42
"667281",1,4,2,5,6,1
"606736",13,8,3,10,10,6
"56554",16,14,14,18,9,15
"100038752",1,1,0,6,3,2
"353169",68,52,78,62,49,53
"237336",545,475,489,506,510,441
"100504411",0,0,0,0,0,0
"100038582",0,0,0,0,0,0
"21412",0,0,0,0,0,0
"14051",1190,821,684,1030,651,754
"20042",3833,3101,2982,3343,3598,2859
"100529074",3,1,6,2,0,3
"100529075",4,1,9,6,4,5
"76306",245,219,214,216,199,204
"26464",4,4,0,1,2,1
"22361",42,28,27,29,23,25
"111174",0,0,0,0,0,0
"209512",0,0,0,0,0,0
"493809",0,0,0,0,0,0
"209513",0,0,0,0,0,0
"215854",0,0,0,0,0,0
"215855",0,0,0,0,0,0
"215856",0,0,0,0,0,0
"209517",0,0,0,0,0,0
"435206",0,0,0,0,0,0
"276742",0,0,0,0,0,0
"435207",0,0,0,0,0,0
"215859",0,0,0,0,0,0
"382348",0,0,0,0,0,0
"494546",0,0,0,0,0,0
"503558",0,0,0,0,0,0
"53331",952,743,722,862,776,716
"100862153",0,0,0,0,0,0
"59012",79,40,80,68,64,64
"14219",2102,1456,2021,2518,2006,1734
"18605",66,51,41,43,30,32
"209558",7,8,8,11,4,4
"70208",600,471,399,453,411,415
"11846",1,1,1,5,1,0
"432442",120,103,98,113,108,114
"13822",1260,938,993,1342,1057,974
"100504474",2,0,0,0,1,3
"73803",0,0,0,0,0,0
"215866",26,18,30,19,18,21
"77220",314,263,238,327,249,232
"100040851",2,1,2,1,0,1
"268288",2,1,5,2,1,0
"237339",393,309,268,322,227,271
"667572",0,0,0,0,0,0
"73910",181,143,150,171,148,156
"16773",2927,2109,1835,2559,1539,2256
"100040961",39,25,32,49,21,38
"19272",1251,1024,972,1012,805,908
"210757",1,2,0,2,0,1
"100504516",0,0,0,0,0,0
"114676",0,0,0,0,0,0
"67719",0,0,0,0,0,0
"67412",21,14,17,21,16,9
"212448",240,178,161,223,167,195
"52665",126,141,104,129,93,94
"68031",898,728,695,770,683,650
"72780",103,96,86,91,119,92
"100504540",0,0,0,0,0,1
"66311",4,5,10,4,2,8
"73681",141,109,103,100,93,80
"100504586",204,145,203,177,168,171
"66847",107,79,77,74,72,79
"211329",376,313,262,261,216,300
"15214",5,6,6,3,3,4
"69692",182,110,129,172,182,125
"21987",341,273,254,256,300,241
"100041294",6,1,2,1,5,2
"268291",1358,1186,1068,1262,1174,1090
"432450",38,41,32,36,29,26
"76757",11011,9061,10285,9135,9539,8665
"442820",0,0,1,1,0,4
"100862254",0,0,0,0,3,0
"215890",1,0,0,0,0,0
"215895",0,0,0,0,0,0
"57430",0,0,0,0,0,0
"212892",0,1,0,2,2,1
"72580",185,136,138,131,128,147
"414093",66,54,45,62,53,49
"66521",1012,844,853,872,930,775
"692132",0,0,0,0,0,0
"270711",0,0,0,0,0,0
"103511",76,42,53,52,43,52
"215900",0,0,0,0,1,0
"212898",456,308,365,413,356,317
"22110",1907,1509,1479,1614,1528,1461
"72480",89,87,76,87,85,77
"319638",140,107,115,151,116,116
"12813",44,29,36,34,36,21
"14302",111,69,65,93,68,89
"100041585",373,293,267,260,270,264
"319415",10,6,5,5,9,8
"15182",2384,1887,2057,2108,2032,1851
"17118",881,546,709,725,811,637
"215919",1,0,0,0,0,0
"16775",84,43,38,38,49,46
"66337",23,17,19,20,31,18
"71924",29,23,16,12,19,19
"327743",3,0,3,2,1,0
"14360",5800,4793,4483,5192,4906,4629
"100504626",17,9,10,20,6,9
"103213",147,104,107,114,101,109
"327744",55,43,61,51,55,43
"19714",827,625,456,719,400,566
"100504659",0,0,1,1,0,0
"213332",28,19,26,34,22,22
"75299",2,3,1,3,0,1
"72045",0,0,2,0,0,0
"100041085",21,13,16,18,8,16
"215928",9,7,10,11,9,10
"215929",56,31,31,44,28,39
"72472",204,177,181,186,152,139
"67239",491,340,303,380,397,307
"67371",720,574,607,622,594,548
"19850",1,0,0,0,0,0
"11702",1363,1002,1090,1079,1010,1014
"78334",176,118,133,160,136,113
"70840",0,0,0,0,0,0
"70503",45,45,24,30,32,25
"327747",3,2,4,5,1,3
"71713",831,571,573,653,600,600
"83767",167,126,140,140,114,135
"100504721",149,99,111,101,105,115
"140741",0,0,1,0,0,0
"103199",997,807,768,787,771,716
"633979",2,5,1,0,0,1
"268294",229,176,203,175,197,180
"171580",524,425,431,474,432,355
"20598",419,329,312,331,320,285
"73075",10,5,8,8,2,3
"53599",11133,8778,8208,9859,8765,7911
"75973",233,203,162,232,178,166
"70538",11,15,9,7,8,11
"629461",1,0,2,0,2,0
"100628609",0,0,0,0,0,0
"103268",63,56,53,55,61,51
"140742",662,538,524,568,576,564
"213402",25,24,18,24,22,23
"624784",151,106,120,129,111,122
"56484",774,605,481,752,552,609
"215951",129,142,116,106,99,90
"666540",0,0,0,0,0,0
"54198",1942,1627,1675,1928,1914,1626
"21907",0,0,1,0,0,0
"14628",1264,1003,1074,1102,1070,1008
"140740",2811,2163,2153,2390,2030,2027
"268297",615,535,419,499,530,488
"109205",52,41,28,46,33,31
"74530",1,0,0,0,1,0
"71365",257,239,227,238,232,214
"331623",244,211,221,234,222,223
"67851",603,480,542,533,571,482
"100862325",0,0,0,0,0,0
"12484",1413,1252,1133,1235,1189,1118
"414125",0,0,0,0,0,0
"69443",7,4,1,7,3,0
"76563",196,167,154,174,185,171
"170728",246,211,214,250,239,220
"11630",13,10,6,12,5,4
"70365",0,0,0,0,0,0
"11793",458,384,363,428,406,328
"100316688",0,0,0,0,0,0
"12142",1,2,1,0,3,0
"19072",3012,2387,2387,2690,2396,2275
"78977",2163,1990,1989,1987,1934,1880
"23828",1622,1447,1348,1361,1258,1393
"380669",5,5,2,6,2,9
"209462",98,84,98,101,86,94
"320363",0,0,0,1,1,1
"100418235",0,1,0,0,0,1
"14806",18,6,4,12,6,11
"100504076",0,0,0,0,0,0
"77987",1242,949,754,1094,702,915
"20464",99,71,61,69,62,64
"14727",0,1,6,4,5,2
"14728",8,6,6,15,13,8
"77296",0,0,0,0,0,0
"210198",1,1,0,0,1,0
"320995",0,0,0,0,0,0
"71090",0,0,0,0,0,0
"215031",372,341,395,397,395,398
"19886",14,6,10,11,9,15
"66686",101,70,60,88,47,73
"94221",627,496,493,595,509,497
"66650",0,0,2,1,0,0
"52014",1407,1049,1040,1200,1105,1020
"629689",0,0,0,0,0,0
"22639",10,7,5,8,2,4
"215085",37,29,25,40,31,19
"100862347",0,0,0,0,0,0
"100038725",166,129,108,150,90,154
"100502820",4,0,2,2,0,2
"18821",149,126,121,125,120,107
"432460",0,0,0,0,0,0
"100502868",5,0,1,0,1,1
"71567",50,35,37,33,32,30
"66403",287,230,216,290,254,216
"100042554",0,1,1,0,1,0
"75906",7,8,4,2,2,9
"17155",225,159,170,179,154,161
"100502920",0,2,1,4,3,0
"544696",126,105,125,108,101,111
"73390",11,6,12,11,9,6
"14609",1066,643,763,814,799,828
"100862378",0,0,0,0,0,0
"791298",0,0,1,0,1,0
"74928",2,0,1,0,0,3
"15500",1333,1030,1141,1109,1038,1032
"56442",7235,5600,5459,6252,5330,5259
"18768",1,1,1,0,2,1
"12140",1,3,9,0,5,1
"100502970",2,0,0,0,1,0
"57319",314,203,253,237,235,198
"100504180",0,0,0,0,0,0
"74399",0,1,0,0,0,0
"245263",0,0,0,0,0,0
"791309",2,0,0,0,0,2
"70297",804,571,525,605,467,542
"110829",3422,2565,2219,2760,2118,2334
"19386",5630,3916,2969,4486,2735,3767
"76138",25,12,13,13,18,18
"13608",0,1,0,0,0,0
"103505",0,0,0,0,0,2
"237353",55,33,42,50,36,43
"103080",587,424,417,458,453,374
"268301",81,68,56,55,36,50
"18451",3588,2823,3163,3406,3136,3054
"69836",0,1,0,0,0,0
"18302",36,15,26,17,13,9
"215999",5429,4416,4015,4803,4358,4164
"216001",5251,4342,4417,4650,4450,4214
"56709",1048,868,846,984,884,855
"100503588",2,1,3,2,0,2
"74747",754,536,690,577,738,604
"52717",787,620,599,581,647,597
"69090",205,167,194,170,172,188
"94214",112,80,86,80,76,90
"53374",45,37,37,29,30,33
"19156",18204,13729,14596,16144,15177,13975
"22295",74,69,58,66,54,45
"74048",185,157,137,142,157,128
"100302688",39,23,36,36,32,32
"71279",263,194,129,247,190,173
"107449",1419,1022,1151,1184,1116,1080
"100503834",0,0,0,0,0,0
"73616",0,5,1,6,1,5
"327760",1,0,0,0,0,0
"13180",437,381,356,403,397,352
"20397",1838,1373,1285,1649,1446,1252
"65971",0,2,1,1,0,1
"237360",1527,975,1147,1496,1083,1105
"100862379",3,0,1,2,1,0
"18646",2,4,2,2,1,2
"27355",848,704,625,735,644,672
"18119",1,1,0,0,2,0
"13688",770,617,560,692,516,551
"100503821",7,6,5,7,8,3
"216011",765,655,635,730,649,636
"237362",1,0,1,0,0,0
"67895",974,829,938,1003,935,882
"20224",4408,3599,3433,3899,3664,3432
"71767",370,320,349,336,359,319
"71361",427,324,352,363,382,321
"404634",67,61,86,73,77,58
"100628583",0,0,0,0,0,0
"12817",442,354,295,386,309,338
"432466",819,437,533,593,693,499
"69894",32,32,36,36,50,29
"11925",0,0,0,0,0,0
"70423",116,101,112,113,95,116
"21337",0,0,0,0,0,0
"15275",4585,3637,3902,3798,3378,3541
"70162",7,7,9,12,8,4
"216019",13,2,3,2,2,3
"338359",498,388,445,418,390,337
"74706",1,3,8,5,5,2
"30930",1754,1309,1328,1598,1421,1335
"19073",3,3,6,3,3,1
"72320",1005,858,835,808,869,765
"56200",2905,2277,2113,2618,2227,2212
"100862011",0,0,0,0,0,0
"94213",1890,1487,1453,1616,1475,1336
"216021",2,0,1,0,2,0
"67500",3077,2151,2547,2373,2323,2135
"100217463",1,0,0,2,0,1
"52463",178,126,120,120,80,131
"73132",522,433,334,400,397,356
"327762",36,29,37,24,23,28
"70432",197,131,190,197,150,151
"432467",125,98,125,143,98,91
"67307",41,22,31,27,33,24
"68371",14,10,11,3,4,6
"53404",0,1,0,0,3,1
"68802",6431,5062,4665,5445,4145,4666
"641387",0,3,1,0,0,1
"67345",865,679,641,753,569,633
"100502721",0,0,0,0,0,0
"93759",216,155,150,218,159,148
"30045",173,117,133,107,150,138
"216033",44,37,28,47,21,34
"791346",1,0,0,0,0,0
"216028",4,1,1,1,1,2
"100502808",0,0,0,0,0,0
"69433",0,0,0,0,0,0
"28193",709,481,443,588,493,536
"108829",1647,1191,845,1464,879,1247
"641340",349,295,291,337,295,266
"13654",358,265,290,290,256,209
"211488",573,461,448,598,536,498
"100038508",0,0,0,0,0,0
"216049",3006,2359,2522,2389,2026,2199
"170799",262,218,226,227,184,215
"71371",1299,970,835,1099,800,970
"100503521",0,0,0,0,0,1
"75148",1,0,0,1,0,0
"73287",2,1,2,0,2,4
"327766",0,1,1,1,1,0
"69288",515,396,388,439,405,360
"320700",111,102,109,109,91,90
"12534",43,59,40,37,30,35
"11735",1458,1157,1129,1289,1048,1149
"76551",1548,1254,1186,1312,1113,1130
"69563",113,80,106,85,111,76
"66859",13,11,8,19,15,11
"71721",340,330,283,325,248,314
"70911",7,4,4,4,4,2
"319646",0,0,0,0,0,0
"83675",95,88,59,71,48,45
"319572",0,0,0,0,0,0
"21780",669,497,523,557,564,504
"216080",1905,1740,1674,1815,1716,1670
"52637",1115,904,947,1105,1006,920
"69718",384,309,301,386,346,313
"622812",0,0,0,0,0,0
"108950",0,0,0,0,0,0
"100040505",113,99,96,103,85,94
"52696",1073,786,760,853,791,785
"327768",0,0,0,0,0,0
"100861952",3,3,0,0,0,0
"11994",8,5,11,4,2,6
"71236",0,0,0,0,0,0
"14687",13,16,18,13,15,14
"76877",40,33,32,32,34,23
"110279",368,256,253,341,296,277
"74392",2093,1703,1503,1808,1397,1516
"11540",17,12,17,15,16,13
"544707",11,6,3,3,4,5
"103149",1,0,3,1,1,0
"71125",0,0,0,0,2,0
"68778",455,359,366,418,387,319
"67332",864,648,739,725,790,708
"192734",11,10,11,8,11,6
"14598",6,5,6,14,1,7
"23887",11,9,24,20,17,10
"100503432",0,0,0,0,0,0
"71733",21,15,23,37,19,20
"104248",1127,840,863,1019,765,909
"13202",297,273,275,282,278,260
"103140",21,34,36,40,44,41
"14871",9,5,0,8,5,5
"75886",0,0,0,0,0,0
"14872",40,16,21,32,28,20
"17319",2186,1870,2220,2228,2217,2045
"70377",17,14,7,16,18,13
"20587",617,514,575,624,596,530
"100861975",0,0,0,0,0,0
"17385",267,203,195,241,270,218
"103172",1003,961,1051,1096,1309,993
"333670",13,7,19,20,12,12
"22364",1,4,3,3,1,3
"333669",0,0,0,0,0,0
"64453",507,399,359,435,343,342
"64454",0,0,0,0,0,0
"64452",1,0,2,0,3,1
"15468",940,760,765,834,836,718
"751554",0,0,0,0,0,0
"20203",2,4,3,3,5,3
"64451",271,212,211,201,192,195
"18541",1014,751,684,863,597,695
"67523",0,0,0,0,0,0
"76964",0,0,0,1,2,2
"216119",75,48,59,79,70,69
"54387",1363,996,936,1160,952,1073
"16987",654,447,428,556,469,493
"74953",26,25,34,36,22,21
"76573",0,0,0,0,0,0
"14317",0,0,0,1,0,0
"12834",386,300,380,397,282,303
"100861980",0,0,0,0,0,0
"12833",1200,798,960,1075,798,857
"59093",114,75,88,96,77,96
"100038479",0,0,0,0,0,0
"20509",124,86,106,105,104,101
"12822",2371,1583,2075,1880,1899,1663
"100169878",4,1,3,1,4,4
"80294",1042,797,890,893,787,799
"110532",59,45,46,49,45,41
"100045653",7,7,7,5,6,5
"108707",429,345,405,459,479,393
"16414",13,8,10,9,18,15
"108705",3757,2991,3103,3362,3117,2827
"20610",1705,1507,1562,1487,1543,1366
"22213",5003,4352,4358,4029,4359,4078
"100316811",1,0,1,2,2,0
"100502831",0,0,0,0,0,0
"670895",0,0,0,0,0,0
"16697",0,0,0,0,0,0
"100009614",0,0,0,0,0,0
"100502921",0,0,0,0,0,0
"16694",0,0,0,0,0,0
"100502953",0,0,0,0,0,0
"77763",0,0,0,0,0,0
"100041250",0,0,0,0,0,0
"100041261",0,0,0,0,0,0
"634517",0,0,0,0,0,0
"100041281",0,0,0,0,0,0
"634504",0,0,0,0,0,0
"675294",0,0,0,0,0,0
"100503388",0,0,0,0,0,0
"670880",0,0,0,0,0,0
"100040299",0,0,0,0,0,0
"100191037",0,0,0,0,0,0
"544710",0,0,0,0,0,0
"622629",0,0,0,0,0,0
"100041351",0,0,0,0,0,0
"252974",0,0,0,0,0,0
"75188",0,0,0,0,0,0
"237387",10,5,7,13,11,11
"28240",2,0,2,1,0,0
"67884",289,205,253,246,241,237
"18641",1276,1051,1334,1326,1317,1268
"11634",0,0,0,0,0,0
"54427",12,10,4,11,12,18
"50723",5,8,10,7,4,5
"100503488",0,0,0,0,0,0
"28295",621,522,485,528,520,474
"110816",613,528,525,612,576,481
"216131",2014,1613,1500,1646,1551,1613
"28169",3896,3151,3076,3565,3195,2888
"18114",4343,3569,3627,3917,3752,3389
"13014",668,468,519,596,594,497
"216134",204,167,182,213,189,156
"791283",0,0,0,0,0,0
"258224",0,0,0,0,0,0
"216136",419,294,334,364,366,335
"71709",489,396,418,428,383,400
"257883",0,0,0,1,0,0
"12365",2,5,0,0,0,1
"70976",0,0,0,0,0,0
"20513",3,1,1,1,1,3
"258305",0,0,0,0,0,0
"257734",0,0,0,0,0,0
"259163",0,0,0,0,0,0
"18372",0,0,0,0,0,0
"259044",0,0,0,0,0,0
"259074",0,0,0,0,0,0
"259042",0,0,0,0,0,0
"18357",0,0,0,0,0,0
"72128",688,501,408,577,455,409
"624765",0,0,0,0,0,0
"216144",0,0,0,0,0,0
"624845",0,0,0,0,0,0
"625029",0,1,0,0,0,0
"50784",270,187,239,244,251,212
"70427",829,679,753,827,774,641
"21830",0,0,0,0,0,0
"237397",1,4,0,3,4,2
"216148",167,105,117,173,117,126
"100503607",8,1,4,16,6,4
"382384",0,0,0,0,0,0
"17123",0,0,0,0,0,0
"110012",314,254,322,294,319,285
"216150",2853,2470,2414,2610,2732,2468
"16904",32,42,47,33,27,33
"12215",8793,7230,7763,8282,8165,7468
"15166",47,27,41,50,52,38
"216151",1046,850,848,890,852,826
"67112",3,5,6,9,3,6
"70294",1004,797,942,950,1083,869
"83554",339,291,330,374,351,312
"73106",0,0,0,0,1,0
"100503626",2,0,0,3,1,3
"18483",903,801,827,889,817,805
"78906",4,3,6,3,5,3
"414101",94,64,55,91,79,72
"19205",1497,1190,1367,1415,1256,1062
"216152",197,161,195,159,191,129
"19152",1,0,2,0,3,0
"50701",0,3,0,0,0,0
"100503642",217,146,153,183,207,170
"11537",0,0,0,0,0,0
"216154",632,470,571,606,543,531
"100862144",0,0,0,0,0,0
"109284",1070,813,953,867,942,817
"114229",29,21,21,15,30,9
"13496",121,114,127,115,100,112
"216156",1026,889,853,889,961,831
"170483",219,156,144,166,147,155
"216157",3316,2728,3092,2920,3045,2786
"12798",1409,1001,1214,1097,1119,1063
"27403",1487,1116,1137,1083,926,1023
"70719",4,9,8,7,4,4
"66420",1315,1214,1086,1238,1301,1147
"625249",6943,5788,5681,5926,6178,5217
"216161",789,660,670,700,623,551
"20869",2387,2001,2109,2085,2337,1876
"100503659",376,292,310,350,336,317
"66043",2291,2202,2337,2524,2418,2161
"100862154",0,0,0,1,0,0
"59090",6029,4928,5150,5767,5231,4753
"12696",1606,1255,1306,1344,1510,1189
"69770",109,97,91,89,118,50
"13637",137,129,127,136,150,126
"68114",687,453,436,593,470,514
"75406",1155,1043,1170,1098,1216,1105
"14431",1434,1138,1246,1534,1580,1205
"70248",949,718,908,878,892,706
"103232",26,14,30,31,16,12
"20054",7840,6498,6325,6968,7319,5952
"23805",110,57,82,112,72,79
"66374",375,315,314,363,371,306
"18551",53,46,52,49,61,47
"70335",239,191,193,180,198,174
"66548",2273,1776,2241,1967,1966,1781
"216166",20,9,15,18,16,25
"237400",475,411,478,539,513,502
"17192",2063,1789,1871,2127,2188,1896
"100503758",1,1,0,1,0,0
"66594",0,0,0,1,0,1
"21423",896,703,761,799,856,668
"246086",2,0,0,0,0,0
"67331",2,0,0,4,0,2
"66932",648,508,550,576,516,442
"118445",282,209,228,255,238,218
"216169",734,585,681,707,805,643
"100113398",16,10,10,13,10,7
"100862189",1,0,1,1,0,0
"56214",750,607,613,638,611,652
"103236",3871,2926,3183,3472,3372,3223
"208198",533,424,465,455,509,449
"17347",5218,4551,4680,4886,4849,4626
"208228",573,506,528,551,467,493
"71564",118,87,139,95,113,67
"11776",3180,2503,2577,2949,2578,2317
"208266",1867,1443,1378,1618,1239,1227
"78670",571,465,585,600,615,539
"20222",923,735,832,817,824,734
"11705",10,6,16,16,9,3
"71912",5273,4409,4757,4749,4966,4211
"18245",7409,6326,6408,6343,6732,6014
"100316778",0,0,0,0,0,0
"237403",6,6,7,5,4,5
"66094",307,217,218,252,258,213
"73218",574,454,504,463,410,392
"432478",3,3,0,3,1,2
"30055",1077,903,925,861,977,840
"16907",1145,868,905,961,936,891
"17873",505,377,373,447,457,362
"14708",36,28,32,27,31,22
"208666",36,35,34,29,27,37
"106947",424,323,334,381,354,344
"52551",3250,2766,2790,2968,2765,2627
"50492",4193,3402,3639,4179,3870,3471
"208677",2,3,6,7,4,2
"26396",3235,2520,2564,2779,2867,2601
"16969",1916,1413,1642,1608,1622,1404
"59004",697,532,623,652,693,566
"13629",52547,42735,42235,47332,42903,42272
"100217454",1,0,0,0,0,1
"100503773",0,0,0,0,0,0
"13144",749,670,687,754,808,678
"69678",130,97,141,137,168,128
"69564",456,328,510,394,473,389
"16467",121,70,107,76,64,51
"103406",204,127,178,168,155,138
"17179",55,36,47,34,36,24
"66047",414,325,342,346,372,329
"57267",830,659,796,797,834,717
"100526465",0,0,0,0,0,0
"27375",2,4,2,1,2,0
"18717",1022,799,846,1085,800,856
"70312",586,450,487,616,531,496
"21390",18,9,4,17,9,8
"209047",9,13,11,13,20,17
"15353",885,708,900,797,845,689
"73822",116,100,107,98,97,74
"432479",117,105,107,100,130,97
"56371",735,625,690,694,724,608
"102115",840,662,746,769,727,662
"100503793",17,10,7,7,10,6
"72273",4,1,6,6,3,2
"18029",9267,7490,7882,7601,7118,7421
"319586",50,47,49,35,43,30
"103425",1842,1443,1530,1691,1570,1459
"13611",1,1,1,0,0,1
"14676",0,0,0,1,1,2
"14672",2078,1697,1791,1877,1806,1667
"14797",10089,8798,8915,8995,9571,8757
"21886",341,226,322,239,253,190
"114606",83,78,69,72,67,60
"268319",46,39,38,47,43,33
"50721",207,151,210,157,202,150
"70615",112,79,91,105,111,60
"100233208",186,116,92,121,105,122
"666448",1,0,0,0,0,0
"73610",203,142,110,183,138,146
"100040944",121,86,64,84,55,73
"666738",1,0,1,0,0,1
"666501",3,0,0,0,0,1
"331188",140,110,85,123,75,94
"666548",0,0,0,0,0,1
"100038681",11,4,9,4,3,6
"666790",0,1,0,0,0,0
"408062",44,30,49,56,45,35
"327780",6,3,5,5,5,5
"216177",62,36,27,36,14,27
"237411",188,152,138,140,169,162
"100503696",0,0,0,0,0,0
"237412",43,31,34,30,43,27
"432480",0,0,0,0,0,0
"100862390",0,0,0,0,0,0
"544717",104,67,63,82,85,85
"21665",779,579,624,640,528,569
"74782",28,24,19,27,24,32
"67933",817,630,602,667,531,586
"18045",289,230,236,248,239,232
"70003",0,1,1,1,0,1
"50493",2859,2150,2107,2757,2506,2327
"66341",21,14,9,8,3,6
"58250",518,419,363,564,395,440
"338365",313,218,188,323,241,237
"28109",480,335,360,395,334,388
"216188",649,510,438,494,413,470
"319277",1926,1383,1286,1618,1154,1330
"216190",596,438,473,541,478,412
"69784",33,38,29,23,30,28
"77976",5166,4297,3925,4451,3797,4006
"216197",2697,2154,2356,2504,2379,2370
"442847",0,0,0,0,0,0
"216198",990,829,784,856,779,795
"100503200",5,2,5,7,3,3
"70428",544,431,419,516,354,360
"71137",13,9,15,10,22,12
"625690",0,0,0,0,0,0
"237422",633,538,520,559,481,534
"14202",12,10,14,9,10,7
"103266",1010,669,714,761,776,695
"74238",201,176,160,184,200,157
"12952",294,203,237,275,241,235
"74007",271,228,188,227,195,211
"626858",0,0,0,0,0,0
"626940",0,0,0,0,0,0
"100503271",0,1,0,0,1,0
"103136",589,518,470,581,477,504
"72843",741,576,567,604,519,543
"67341",0,0,0,0,0,0
"28088",2083,1527,1540,1861,1683,1517
"270757",1,0,1,0,0,0
"69754",101,82,64,77,82,83
"27204",5,8,10,10,6,7
"78170",0,0,0,0,0,0
"21859",2159,1602,2342,2341,1738,1841
"100503291",0,0,0,0,0,0
"627035",0,0,0,0,0,0
"382395",0,0,0,0,0,0
"66263",50,50,51,35,43,54
"22027",12002,8764,9197,10133,9359,8403
"103220",46,29,32,45,39,41
"103466",1421,1085,1075,1235,995,1092
"192188",13,19,7,11,15,12
"83559",0,0,0,0,0,0
"76640",0,2,0,0,0,0
"100038674",0,0,0,0,0,0
"17172",3,3,4,2,4,2
"18478",0,0,0,0,0,0
"16000",164,110,103,157,104,105
"100503785",0,0,0,0,0,0
"22172",0,0,1,0,0,0
"110312",0,0,0,0,0,0
"75317",14,4,9,5,4,5
"626115",0,0,0,0,0,0
"69736",85,83,89,111,93,94
"67282",500,376,395,406,411,383
"71712",51,37,33,59,53,70
"432486",417,320,322,377,285,318
"20962",80,66,52,78,47,56
"212862",1397,1089,914,1100,931,924
"109272",26242,21477,21694,24666,21026,21463
"20728",0,0,0,0,0,0
"237433",7,6,6,6,10,4
"104303",2004,1473,1415,1689,1492,1427
"70683",743,553,481,631,388,539
"216225",4,5,3,4,4,11
"320091",1,3,0,0,1,1
"237436",49,52,38,47,34,30
"20186",7,2,1,4,1,1
"216227",0,0,0,0,2,1
"213326",723,541,525,631,503,590
"67019",149,104,131,136,124,127
"75089",1060,907,812,956,806,849
"77531",14,13,21,12,24,17
"100043039",13,6,6,3,6,10
"11783",420,287,256,351,265,272
"67454",927,625,682,714,692,669
"18674",7919,6908,7125,7897,7753,6870
"100861804",0,0,0,0,0,0
"21917",1108,877,888,1078,1046,780
"100503982",2,6,2,2,3,1
"723955",0,0,1,0,0,0
"110333",0,0,2,1,1,0
"100526517",0,0,0,0,0,0
"627800",0,0,0,0,0,0
"667203",2,1,1,0,1,1
"17997",423,311,321,391,323,300
"380653",2,0,0,0,0,0
"380654",0,2,1,4,1,1
"237459",813,665,677,767,688,598
"100316689",3,0,3,0,0,1
"13713",685,505,474,551,520,503
"432488",0,2,0,0,0,0
"16993",1140,867,957,952,964,825
"15109",1,3,0,1,0,0
"71761",1,0,2,0,0,0
"237465",2,0,5,3,3,0
"69878",143,146,158,187,172,168
"74454",1,2,0,4,3,4
"57764",395,295,313,344,290,312
"667338",0,0,2,0,0,0
"100504069",1,0,0,2,3,0
"327799",7,4,3,4,8,1
"56307",3575,2772,2826,3027,3095,2792
"74923",0,0,0,0,0,0
"723908",0,0,1,0,0,1
"215008",615,434,507,540,464,453
"13998",132,104,112,124,71,101
"22025",261,193,204,254,204,209
"66414",491,381,388,411,417,344
"100861832",1,0,0,0,0,0
"215472",5,3,7,4,3,3
"319880",965,686,686,905,734,734
"67723",33,22,27,38,22,18
"77048",388,273,300,363,309,276
"54712",9,4,5,7,7,3
"12905",68,53,63,62,53,40
"69629",16,11,5,10,12,10
"216233",339,247,373,339,359,310
"70523",3,1,0,0,1,0
"67270",1304,1122,1079,1108,1086,1131
"93765",2658,2003,2077,2211,2177,1874
"71207",3242,2587,2623,3080,2808,2558
"100526463",0,1,0,0,0,0
"216238",2201,1670,1448,1957,1330,1604
"100504157",0,0,0,0,0,0
"12226",1536,1160,1375,1415,1379,1221
"75301",0,0,0,0,0,0
"100628616",0,0,0,0,0,0
"13179",411,271,296,360,368,326
"17022",3,2,7,5,2,3
"75025",0,0,0,0,0,0
"16545",0,0,0,0,0,0
"13516",0,0,0,0,0,0
"100038699",0,0,0,0,0,0
"66716",1,0,0,0,0,0
"791295",0,0,1,1,0,0
"667438",0,0,0,0,0,0
"67972",4444,3482,3195,4118,3258,3502
"382406",98,93,83,95,63,105
"14426",352,271,231,286,209,207
"100861874",1,0,1,0,1,2
"67603",1336,1114,1043,1222,1080,1013
"100504202",0,0,2,0,0,0
"100417125",0,0,0,0,0,0
"71832",1,0,0,2,2,0
"17311",243,204,151,279,220,207
"100043224",8,10,0,2,0,0
"100043227",5,1,0,0,0,0
"100043231",6,3,0,0,0,0
"100043235",5,2,0,0,0,0
"100043239",5,2,0,0,0,0
"100043247",6,4,0,1,0,0
"237500",955,676,561,804,478,660
"216274",257,181,153,188,141,181
"68281",136,136,151,148,150,137
"66605",0,0,0,0,0,0
"67569",0,0,0,0,0,0
"100526516",0,0,0,0,0,0
"67405",1,2,2,0,0,0
"237504",0,0,0,0,0,0
"216285",0,0,0,1,0,0
"74978",0,1,1,1,3,0
"103098",47,26,21,28,22,21
"100861880",1,24,0,0,0,0
"100861891",5,13,0,0,0,0
"100861901",1,17,0,0,0,0
"637578",1,22,0,0,0,0
"100043292",1,35,0,0,0,0
"278279",91,93,92,101,83,99
"327812",13,22,13,18,14,11
"216292",66,48,40,49,49,43
"52713",586,473,523,530,564,513
"639162",0,0,0,0,0,0
"321001",0,0,0,0,0,0
"327814",4,8,7,4,1,1
"380660",8,4,2,9,2,7
"108030",3,3,2,1,3,3
"17877",335,262,282,306,293,267
"17878",1037,991,966,977,939,828
"237523",7,1,5,9,6,6
"628870",11,9,15,9,13,9
"17931",2308,1820,1686,2077,1641,1798
"114774",34,34,27,35,32,15
"20979",19,15,19,19,5,13
"368203",0,0,0,0,0,0
"260315",304,229,177,276,170,223
"109335",0,0,0,0,0,0
"52679",11,4,5,6,2,4
"75630",0,0,0,0,0,0
"13008",104,79,95,87,109,90
"320150",464,378,392,439,427,373
"432502",982,783,765,806,896,728
"237542",827,674,589,833,571,647
"71769",52,19,55,40,40,37
"53605",4212,3335,3558,3651,3383,3232
"382421",0,0,1,2,0,7
"21664",1621,1323,1601,1670,1761,1407
"71321",0,0,0,0,0,0
"629206",10,10,6,9,8,14
"52705",754,590,559,664,616,567
"73690",34,26,37,46,24,26
"69286",0,0,0,0,0,0
"67537",0,0,0,0,0,0
"544736",0,0,0,0,0,0
"353025",1,0,0,0,0,0
"268345",13,9,4,21,4,18
"69355",0,0,0,0,0,0
"382423",1158,933,979,1123,1080,935
"237553",14,9,10,13,7,8
"216343",13,5,9,6,3,7
"100861951",0,0,0,0,0,0
"66687",927,674,619,782,631,643
"668041",10,11,12,12,8,8
"216344",1457,1142,1155,1296,1227,1205
"100038558",1,0,3,6,3,0
"67226",641,529,622,592,549,554
"66816",252,213,182,237,211,179
"216345",2046,1429,1502,1683,1284,1294
"14160",45,24,30,15,25,27
"100861970",0,0,0,0,0,0
"77798",0,2,1,2,1,2
"216350",25,20,22,44,34,26
"19279",1,3,0,0,2,2
"619332",0,0,0,0,0,0
"19263",42,43,33,56,32,19
"58802",1,1,0,5,2,1
"67342",0,0,0,0,0,0
"100504412",0,0,0,0,0,0
"72068",1011,744,808,882,789,697
"100504423",5,8,5,14,15,10
"72286",0,0,0,0,2,0
"237558",15,11,8,11,6,11
"216363",901,735,743,766,733,705
"71086",97,60,72,52,69,62
"103175",0,0,2,0,0,1
"544741",7,4,2,2,3,7
"382427",515,361,291,459,253,319
"100038610",2,3,2,1,0,2
"237560",6,0,5,3,0,3
"100862026",0,1,0,0,0,0
"12461",4908,3893,3904,4337,4017,3677
"327826",671,468,398,558,449,460
"64050",353,265,255,315,328,298
"77397",0,0,1,0,0,0
"17105",17,10,11,17,73,11
"17110",0,0,0,0,0,0
"432508",1301,1033,1019,1087,959,909
"70574",13,9,12,11,11,9
"17246",5273,3925,3955,4296,3872,3674
"215436",452,330,352,375,336,353
"103468",677,539,514,567,481,465
"100862040",11,8,15,8,15,13
"215449",403,268,299,352,310,301
"71067",1,0,2,0,0,0
"17245",83,75,69,71,65,65
"50929",0,0,0,0,0,0
"116849",0,0,0,0,0,0
"668198",13,20,11,10,8,9
"668203",20,25,20,16,14,12
"668205",35,49,38,37,56,24
"668209",2,12,8,4,6,7
"668213",17,19,14,15,17,14
"668216",37,51,39,36,46,24
"15978",0,0,0,0,0,0
"69181",2285,1634,1438,2032,1595,1632
"100038589",2,0,5,2,2,1
"97640",4,4,3,8,3,3
"73400",0,0,0,0,0,0
"71902",2163,1608,1632,1926,1551,1636
"67081",4,0,0,3,1,0
"74053",248,214,194,209,201,171
"75321",0,0,0,0,0,0
"117599",356,256,273,293,271,290
"73914",78,64,84,71,73,57
"68212",1358,1094,1121,1188,1122,987
"100504548",0,0,0,1,0,0
"66225",10,8,3,14,6,4
"15364",1007,691,757,953,843,770
"321010",6,0,1,5,2,3
"320626",1,0,1,0,1,0
"791076",1,1,3,2,0,0
"100038546",0,0,0,0,0,0
"70874",4,4,1,5,5,4
"320183",1856,1456,1593,1581,1415,1511
"100504616",7,1,8,3,1,9
"380664",486,371,383,353,398,354
"24117",207,170,154,190,176,171
"100504636",0,0,0,0,0,0
"74694",21,10,11,12,12,12
"75612",3967,2987,3100,3805,3129,3168
"192678",6176,5211,4840,5539,5233,5016
"56480",757,585,605,652,619,584
"73192",2176,1579,1619,1865,1667,1583
"216393",0,0,0,0,0,0
"270802",86,48,72,85,78,64
"117600",1692,1235,1075,1596,1050,1135
"216394",0,1,0,0,1,0
"668272",9,5,6,8,5,2
"216395",599,497,455,579,511,428
"100043513",0,0,0,0,0,0
"54140",5,1,2,3,0,1
"319272",0,0,0,0,0,0
"319468",52,34,38,56,36,41
"387251",0,0,0,0,1,0
"67074",1661,1186,1075,1335,1033,1106
"14479",2132,1660,1557,1780,1556,1736
"100042958",2,0,1,0,1,0
"268354",4,6,6,5,4,5
"100505018",0,0,0,0,0,0
"75030",0,0,0,0,0,0
"20503",1,0,1,0,0,2
"320398",158,106,108,149,142,103
"68876",36,45,38,44,43,39
"52468",3624,3089,2929,3143,2911,2836
"723962",0,0,0,0,0,0
"723882",0,0,0,0,0,0
"11567",57,52,59,59,61,31
"66399",480,358,391,394,429,366
"100504608",14,2,4,11,4,4
"17299",215,184,201,198,231,197
"13115",8,12,18,9,11,6
"216438",131,100,115,124,115,111
"12567",1715,1276,1486,1596,1543,1280
"67125",1740,1366,1474,1515,1500,1345
"100504703",19,10,25,26,21,15
"216439",41,31,30,38,32,23
"216440",1407,1079,1208,1283,1268,1150
"14421",178,159,176,152,158,114
"216441",2,0,4,2,3,5
"52666",876,670,852,695,800,635
"80904",1025,835,1081,900,942,749
"100038591",25,21,32,24,14,11
"117150",681,513,544,628,598,561
"16572",100,64,69,76,54,53
"69654",4741,3870,4027,4124,4110,3616
"110962",1028,755,922,845,843,607
"13198",485,315,438,494,443,366
"216443",1867,1475,1585,1588,1489,1443
"216445",1,0,0,0,0,0
"14632",8,5,9,9,8,9
"16326",0,0,0,0,0,0
"16325",0,0,2,0,0,0
"71750",2993,2594,2491,2753,2297,2439
"237611",2801,2398,2399,2495,2502,2168
"407790",42,50,70,58,75,64
"108037",1337,1000,1129,1149,1093,965
"104080",60,33,35,40,47,31
"16971",15945,10611,8479,13729,7769,11896
"20852",883,743,672,791,714,676
"17937",2192,1880,1864,2261,2159,1838
"72243",19,21,9,13,23,12
"210035",142,95,136,145,120,110
"432516",19,11,16,14,10,19
"21334",4,1,4,1,2,3
"320080",284,189,216,241,208,210
"11536",2,3,7,6,7,7
"107605",2,3,0,0,0,0
"103142",5,1,6,4,7,8
"19683",0,0,0,1,1,1
"380674",0,1,2,1,0,2
"216453",0,0,0,0,0,0
"216454",0,0,0,0,0,1
"54150",0,0,0,0,0,0
"70061",0,0,0,0,0,1
"27400",0,0,0,0,0,0
"19075",33,21,33,28,27,23
"17938",24521,18031,19062,19022,15353,16727
"56351",1172,845,917,1098,1049,1035
"100862107",12,3,11,13,14,5
"11947",46369,38278,39202,39791,39298,36797
"751518",1,4,2,1,3,0
"116848",2498,1725,1626,1876,1410,1662
"56516",2202,1779,1779,1855,1775,1623
"216456",7,2,3,3,3,7
"66701",739,565,609,644,607,542
"17339",0,0,1,0,1,0
"21853",31,25,28,27,30,25
"28194",0,0,1,0,0,0
"103161",3,2,2,4,4,0
"20847",373,288,310,377,269,300
"83430",0,0,0,1,0,0
"103135",269,182,238,221,224,162
"56530",509,345,358,406,429,389
"12974",9638,8341,7883,8791,7954,7778
"210582",984,874,889,859,919,849
"237615",2921,2235,1990,2522,1782,1967
"72002",12,6,12,5,10,8
"69917",795,633,618,620,652,585
"67588",961,777,832,850,826,755
"68094",2670,2055,2298,2362,1959,1943
"17904",5799,4457,5076,4911,5115,4422
"216459",16316,14313,15402,15347,15556,14871
"100502705",241,249,210,256,203,189
"23943",2892,2330,2485,2715,2380,2294
"103284",228,182,186,211,225,192
"67945",10891,8825,8255,9392,9950,7994
"18813",3993,3083,3172,3634,3390,3049
"13867",4558,3435,2835,3802,2818,3519
"668459",0,1,0,0,0,0
"27370",5725,4575,4888,5129,5257,4690
"22781",5,2,4,0,2,5
"211389",662,603,578,583,580,542
"19344",3544,3121,2852,3305,2916,2867
"12566",938,780,807,873,781,744
"20431",7,4,6,8,7,8
"13139",239,227,236,224,189,154
"78428",284,239,299,243,270,222
"58223",150,102,139,112,107,120
"73827",267,222,217,219,211,192
"74330",1269,1019,990,1120,957,935
"66844",87,53,66,62,64,62
"66118",593,640,553,672,656,469
"14561",750,594,518,687,518,546
"12512",8687,6263,7001,6808,7338,6167
"19682",322,261,314,290,285,228
"14533",941,721,758,802,899,734
"16404",40898,32363,31608,33993,28773,29815
"71664",2,1,2,1,0,1
"18373",0,0,0,0,0,0
"258861",0,0,0,0,0,0
"622733",0,0,0,0,0,1
"544748",0,0,0,0,0,0
"546487",0,0,0,0,0,1
"258315",0,0,0,0,0,0
"258863",0,0,0,0,0,0
"257667",0,0,0,0,0,0
"100862148",0,0,0,0,0,0
"258862",0,0,0,0,0,0
"258540",0,0,0,0,0,0
"257666",1,0,0,0,0,0
"257664",1,0,0,0,0,0
"258232",0,0,0,0,0,0
"258538",0,0,0,0,0,0
"404321",0,0,0,0,0,0
"258537",0,0,0,0,0,0
"258281",0,0,0,0,0,0
"258723",0,0,0,0,0,0
"257985",0,0,0,0,0,0
"258724",0,0,0,0,0,0
"258542",0,0,0,0,0,0
"258069",0,0,0,0,0,0
"258544",0,0,0,0,0,0
"258935",0,0,0,0,0,0
"258932",0,0,0,0,0,0
"258150",0,0,0,0,0,0
"258375",0,0,0,0,0,0
"258933",0,0,0,0,0,0
"258549",0,0,0,0,0,0
"258929",0,0,0,0,0,0
"258541",0,0,0,0,0,0
"258282",0,0,0,0,0,0
"258934",0,0,0,0,0,0
"258547",0,0,0,0,0,0
"258068",0,0,0,0,0,0
"258548",3,3,2,4,4,2
"258546",0,0,2,0,0,0
"258931",0,0,0,0,0,0
"258930",0,0,0,0,0,0
"258321",0,0,0,0,0,0
"258543",0,0,0,0,0,0
"258545",0,0,0,0,0,0
"258791",0,0,0,0,0,0
"258252",0,0,0,0,0,0
"259165",0,0,0,0,0,0
"258665",0,0,0,0,0,0
"258667",0,0,0,0,0,0
"258773",0,0,0,0,0,0
"100043200",0,0,0,0,0,0
"258266",0,0,0,0,0,0
"258670",0,0,0,0,0,0
"258772",0,0,0,0,0,0
"258666",0,0,0,0,0,0
"258668",0,0,0,0,0,0
"258669",0,0,0,0,0,0
"258672",0,0,0,0,0,0
"258671",0,0,0,0,0,0
"258297",0,0,0,0,0,0
"11923",0,0,1,0,0,0
"67596",0,0,0,0,0,0
"625068",0,0,0,0,0,0
"623734",1,0,0,0,0,0
"625109",0,0,0,0,0,0
"625131",1,0,2,0,2,0
"434624",0,0,0,1,0,2
"236604",253,183,241,238,170,145
"78887",308,197,270,221,231,179
"74203",1260,1066,954,1117,995,1036
"13494",1232,937,903,985,928,871
"56218",245,188,200,194,184,214
"791413",13,7,8,6,13,3
"100302648",11,5,9,5,2,3
"216505",152,106,148,155,147,145
"16886",1125,903,982,950,938,904
"193670",807,685,681,682,668,636
"71523",74,44,44,50,56,42
"237625",4,1,5,2,4,1
"170835",11,17,18,14,7,14
"114679",767,615,659,601,683,632
"29856",4027,3115,3645,3538,3441,2991
"544752",1520,1144,1041,1325,1125,926
"74522",1678,1334,1263,1494,1225,1279
"74309",64,54,66,47,48,57
"67430",32,25,23,29,27,20
"75219",1423,1124,1108,1314,1069,1077
"100862138",0,0,0,0,0,0
"103710",887,699,749,743,672,650
"21452",1305,938,1025,1215,1105,1019
"75342",0,0,1,1,0,2
"64934",1770,1394,1477,1680,1569,1394
"53897",6,2,3,6,4,4
"100862181",1,2,1,2,0,1
"103655",0,0,0,0,0,0
"380683",0,0,2,0,0,0
"67900",159,146,156,145,134,119
"67815",234,159,183,194,210,154
"71673",243,174,190,222,234,198
"100526466",5,2,5,10,6,2
"216516",429,346,356,390,335,299
"67465",1700,1389,1304,1572,1374,1302
"103724",208,161,191,205,234,167
"71962",57,36,41,56,50,38
"18413",0,0,0,0,0,0
"16878",680,476,572,600,627,448
"75828",1,1,1,1,1,0
"74302",2189,1686,1721,1939,1613,1564
"327860",0,0,3,0,0,0
"75452",1079,798,730,932,745,826
"66152",1913,1658,1569,1610,1753,1453
"67178",277,204,217,252,269,212
"192650",0,1,1,0,0,0
"18016",2659,2123,2145,2329,2025,2018
"18082",60,50,50,77,37,50
"107829",772,655,645,747,671,660
"380684",21,17,29,14,15,10
"11764",2010,1574,1588,1655,1463,1465
"100038587",0,1,1,1,1,0
"78926",875,702,779,826,838,706
"75668",40,27,42,38,45,48
"14030",3532,2702,2998,2956,2975,2474
"279766",220,195,202,227,179,190
"140703",2,3,3,2,5,6
"84035",5689,4665,4474,5820,4906,4729
"407821",374,297,295,342,244,301
"22433",2004,1720,1820,1895,1907,1679
"104479",772,588,573,670,595,617
"76389",0,0,0,0,0,0
"665181",22,17,25,20,23,21
"64660",331,293,319,370,422,333
"72046",1447,1246,1177,1306,1117,1207
"76508",183,185,184,174,187,151
"13169",1266,1009,970,1108,982,1065
"56012",6765,5690,5829,6222,6201,5666
"54125",112,76,87,94,83,56
"11568",2083,1432,1540,1986,1807,1589
"18972",410,331,380,352,372,311
"17898",0,0,0,0,0,0
"103988",16,30,38,19,26,16
"56418",2227,1753,1758,1886,1960,1736
"12323",3632,3083,3180,3487,3244,2941
"100861932",0,1,0,2,0,2
"209586",2335,1797,1711,2013,1746,1775
"100042173",11,2,7,2,7,4
"237636",9,9,6,4,0,5
"52513",902,818,744,797,799,669
"100861956",120,68,94,68,96,74
"103694",1406,1169,1195,1255,1252,1212
"18293",6792,5739,5462,5925,5051,5476
"52915",1333,1069,1101,1126,1045,1032
"268373",17387,13569,13949,14704,15194,13439
"77605",656,652,619,635,718,607
"19291",6061,4395,3822,5167,3979,3997
"246177",1,2,1,4,2,3
"100861985",0,0,0,0,0,0
"100041286",84,66,76,82,91,57
"216527",873,748,686,842,696,755
"192950",76,39,69,77,50,56
"21379",917,744,745,808,723,724
"100217467",3,7,2,5,10,3
"22373",0,0,0,0,0,0
"100041311",0,0,0,0,0,0
"56089",19,16,23,19,12,15
"626419",0,0,0,0,0,0
"665343",0,0,0,0,0,0
"432530",470,369,306,400,281,325
"100041347",1,0,0,0,0,0
"16006",0,0,0,0,0,0
"16009",2781,2032,2199,2601,2554,1960
"100503529",1,0,0,0,0,0
"319939",2602,1818,1890,2133,1787,1693
"171395",5,5,2,2,7,0
"15574",172,122,142,174,140,159
"194974",0,0,0,0,0,0
"626870",6,2,3,0,2,1
"22271",31,27,28,34,23,23
"268379",8,2,4,9,9,8
"319922",6,5,5,6,8,0
"53604",11,11,14,7,11,8
"432534",0,1,0,1,3,3
"73862",7,0,1,2,1,1
"22778",4,6,4,5,5,1
"60530",48,34,39,44,28,21
"13195",461,426,367,425,428,354
"73321",7,3,1,4,4,4
"14783",2562,2055,1812,2172,1794,1792
"12808",2790,2394,2365,2731,2635,2383
"100503630",0,0,0,0,0,2
"73307",0,0,0,0,0,0
"432536",0,0,0,0,0,0
"211739",53,39,41,62,49,54
"20335",810,575,570,662,671,567
"665689",54,39,42,34,37,38
"13649",539,339,318,490,292,390
"319954",0,2,0,1,1,1
"72735",0,0,0,1,0,0
"319701",0,2,0,1,0,0
"56193",19,5,5,11,11,9
"380686",125,72,86,115,99,73
"19058",4778,3897,3716,4085,3948,3833
"66249",1169,1016,959,1143,1098,976
"103784",182,137,144,135,139,124
"57316",599,462,507,556,567,473
"68145",81,72,58,64,62,61
"100502821",0,0,0,0,0,0
"17268",116,90,97,110,108,87
"100503713",2,1,3,1,1,2
"74059",1,1,1,1,1,2
"635455",0,0,0,0,0,0
"114716",522,438,429,494,410,419
"66713",3678,2635,2527,2997,2563,2566
"19324",4151,3231,3219,3719,3619,3209
"216543",1044,787,720,909,760,845
"55963",330,244,269,342,305,275
"58172",1513,1187,1055,1300,1078,1063
"216549",759,576,536,679,549,620
"216551",137,87,86,122,87,100
"67245",259,198,228,208,196,217
"245944",686,480,461,479,442,473
"216558",3862,3028,3091,3334,3131,3049
"100316753",0,0,0,1,0,0
"237694",0,0,0,0,0,0
"17449",6920,5941,5912,5766,6090,5691
"216560",142,93,117,117,140,113
"18423",1,0,0,0,0,0
"216565",594,377,353,435,330,390
"103765",26,31,30,44,35,41
"53625",116,88,75,89,72,81
"17846",603,558,456,565,523,527
"22183",441,347,329,337,368,294
"12464",4540,3676,3464,3960,3884,3376
"73873",17,19,30,20,26,26
"100042875",6,5,4,6,5,3
"103573",1304,954,1023,1149,995,937
"17847",3105,2288,1552,2586,1274,2048
"268390",1532,1225,1262,1295,1193,1119
"72246",0,0,1,0,0,1
"67358",1,4,0,3,3,3
"100134990",1,1,0,0,0,1
"71675",490,333,297,378,325,329
"72129",739,573,609,630,555,515
"74467",342,295,275,336,265,256
"19696",126,83,62,60,48,84
"216578",196,176,157,184,135,156
"268391",0,0,0,0,0,0
"14025",2,2,1,3,1,3
"71316",0,0,0,0,0,0
"100038617",0,0,0,0,0,0
"71234",0,0,0,0,0,0
"70626",2,1,0,0,0,0
"67030",57,44,33,51,35,41
"69922",111,76,88,91,82,85
"654472",22389,19563,20411,20762,21221,19686
"216613",5,10,6,10,9,7
"72818",0,0,1,0,0,0
"735308",0,0,0,0,0,0
"387212",0,0,0,0,0,0
"387213",0,0,0,0,0,0
"216616",580,385,384,450,471,402
"71701",515,389,434,422,357,349
"104570",766,544,516,615,487,571
"216618",1458,1244,1149,1153,1328,1124
"108686",908,643,575,801,637,657
"67939",326,258,234,250,270,245
"76784",918,691,738,756,780,642
"78294",6137,3499,4327,4852,5341,3353
"73324",8,2,3,5,5,6
"68585",22415,16931,15869,20006,16019,16403
"237711",90,97,58,88,69,76
"216622",7,3,3,1,7,4
"20742",21420,15506,12874,18132,11646,14361
"75087",31,22,21,34,15,10
"75572",346,271,283,274,290,238
"103554",8659,6981,5912,7195,5375,6401
"237716",5,2,8,9,4,2
"66753",1171,875,1017,1063,947,868
"65257",296,227,248,262,266,222
"68044",163,145,150,142,144,121
"20856",1033,767,907,937,849,779
"69556",3454,2958,3064,3139,3083,2853
"67579",1124,836,624,895,634,770
"67592",0,0,0,0,0,0
"18197",12,10,6,12,13,9
"100862121",0,0,0,0,0,0
"104692",0,0,0,0,0,0
"16199",0,0,0,0,0,0
"78372",175,175,125,173,141,122
"13650",2266,1737,2101,1950,1984,1729
"268395",342,232,274,274,288,281
"17168",719,537,614,594,550,512
"100862145",0,0,0,0,0,0
"15126",0,0,0,0,0,0
"15122",0,0,2,0,0,0
"544763",0,0,0,0,1,0
"110257",0,0,2,0,0,1
"216635",0,0,1,1,0,0
"268396",1869,1375,1394,1697,1392,1328
"327900",618,491,451,576,512,482
"69306",6,4,6,2,1,8
"20868",256,182,210,233,199,180
"103583",2291,1733,1716,1996,1718,1632
"69351",0,0,0,0,0,0
"14172",7,3,1,2,4,1
"18148",6765,5313,5182,5917,5809,5109
"666646",8,10,5,6,14,5
"27140",0,0,0,0,0,0
"66011",41,16,20,27,11,22
"216643",0,0,1,0,0,0
"216644",7,5,7,1,7,4
"70357",0,1,0,0,0,0
"16533",8,4,4,4,3,2
"16822",0,0,0,0,0,0
"14233",0,0,0,0,0,0
"94176",0,1,0,4,0,0
"574403",1,0,1,0,0,1
"70385",29,16,19,24,20,22
"20564",260,148,167,259,156,183
"723924",0,0,0,0,0,0
"211347",1430,1061,978,1311,949,1032
"723824",0,0,0,0,0,0
"237730",0,3,1,0,1,1
"104458",2635,2091,2088,2340,2094,2036
"211652",649,577,506,605,552,536
"100504297",1,2,0,0,0,1
"23964",3,2,1,2,0,3
"100502917",0,0,0,0,0,0
"108645",1127,787,865,939,876,768
"15366",22,23,13,9,17,16
"52653",687,545,597,622,606,585
"12450",14249,11462,10111,12581,10811,10466
"14406",109,101,113,104,98,86
"14394",14,8,6,5,6,9
"14399",0,0,0,0,2,0
"14401",360,252,215,269,234,209
"791397",0,0,0,0,0,0
"319767",4,1,0,3,2,0
"387164",0,0,0,0,0,0
"30939",259,230,225,198,243,191
"193116",1179,928,918,1032,974,933
"69183",11,6,10,11,7,5
"380694",1,2,0,1,2,3
"16204",0,0,0,0,0,0
"70802",205,169,205,199,157,158
"66827",966,794,718,798,873,678
"11548",17,15,15,17,19,15
"16160",1,0,0,0,0,0
"79560",631,407,463,500,472,477
"74315",886,633,718,742,719,668
"13591",78,48,58,68,63,71
"100504255",0,0,0,0,0,0
"100009664",5,5,5,5,3,0
"216705",2836,2213,2044,2521,2087,2144
"72290",204,151,178,210,184,144
"66628",123,122,131,114,105,136
"214105",1,2,5,2,5,0
"11492",3258,2458,2457,2953,2287,2239
"214112",7,4,3,2,4,3
"76884",3537,2938,2902,3401,2617,3022
"320116",75,49,93,68,65,52
"16428",1,0,0,0,2,4
"100503965",0,1,0,0,0,0
"432552",80,60,86,97,103,79
"66213",687,535,598,604,687,553
"171285",63,37,36,60,39,50
"210535",0,0,0,0,0,0
"675689",0,0,0,0,0,0
"407814",0,0,0,0,0,0
"347708",0,0,0,0,0,0
"237749",0,0,0,0,0,0
"171284",0,0,0,0,0,0
"620678",68,78,68,61,69,71
"171283",1,0,1,1,0,5
"276891",0,0,0,1,0,0
"24052",271,206,145,282,131,208
"100504337",2,1,2,0,0,0
"14694",5787,4664,4800,4855,5209,4361
"100216534",28,15,39,27,19,15
"100216540",8,6,5,7,5,4
"211007",1222,985,882,1004,898,869
"94089",417,343,427,380,369,347
"100861855",60,30,60,38,30,32
"15944",468,372,405,432,381,488
"432555",1,3,3,2,1,4
"620913",46,46,57,56,36,40
"667214",143,105,77,105,56,93
"21822",6,14,7,13,3,20
"245240",89,60,66,66,37,58
"18356",0,0,0,3,1,0
"100039796",13,18,11,17,11,24
"15953",36,31,33,36,37,34
"258334",1,1,1,0,0,1
"258877",0,1,0,1,0,0
"258273",0,0,0,0,0,0
"237754",0,1,2,1,3,2
"22720",599,466,497,551,479,436
"17308",1378,1003,1136,1157,1091,1070
"258463",0,1,0,0,1,0
"258462",0,1,0,0,0,0
"18307",0,0,0,0,0,0
"258460",0,0,0,0,0,0
"259068",0,0,0,0,0,0
"259069",21,26,13,17,30,13
"258459",2,3,0,1,0,0
"258465",0,0,0,0,0,0
"257888",0,0,0,0,0,0
"258027",0,0,0,0,0,0
"258464",0,0,0,0,0,0
"404337",0,0,0,0,4,0
"257971",0,0,0,0,0,0
"258461",0,0,0,0,0,0
"404336",0,0,0,0,0,0
"14257",40,42,24,34,35,31
"68662",1,0,1,0,1,1
"104625",387,303,255,388,263,280
"666899",15,41,24,36,21,23
"14584",159,99,110,166,149,146
"26420",1001,772,827,897,840,755
"74563",0,0,0,0,0,0
"59044",359,294,296,324,352,318
"723845",0,0,0,0,0,0
"76795",1178,958,971,1164,944,992
"68067",57,57,59,64,54,52
"18412",10595,8288,8846,11430,10524,8984
"103534",1434,1096,1208,1428,1436,1227
"17001",11,1,5,2,8,6
"103806",575,400,391,521,435,439
"12330",13953,10502,10303,11794,10456,10401
"100049547",0,0,0,0,0,0
"59013",2446,1784,1941,2008,1934,1633
"216724",611,520,564,530,535,544
"216725",108,64,94,86,85,76
"30944",182,119,154,150,111,133
"214779",9,6,8,9,14,14
"108072",0,0,0,0,0,0
"237758",54,47,45,40,36,34
"22678",81,70,83,73,71,68
"27274",35,31,32,30,35,35
"74408",0,0,0,0,0,0
"19127",0,0,0,1,0,0
"258912",0,0,0,0,0,0
"258913",0,0,0,0,0,0
"18351",0,0,0,0,0,0
"18354",0,0,0,0,0,0
"21408",115,96,112,107,89,97
"619293",0,0,0,0,0,0
"622699",0,0,0,0,0,0
"193286",5,2,5,2,2,0
"12750",634,444,487,487,503,408
"237759",1266,1158,1045,1208,1087,1126
"72947",273,199,221,234,208,175
"15384",4421,3306,3728,4187,4103,3534
"52530",518,418,510,508,522,416
"66089",522,436,448,457,469,457
"212706",765,675,651,717,699,612
"97775",79,52,85,69,39,35
"66050",355,234,237,290,263,231
"77371",625,512,461,588,459,463
"66397",572,494,540,482,529,457
"100861762",0,0,0,0,0,0
"76901",78,48,66,58,48,59
"52626",215,168,171,201,207,208
"22210",3333,2657,2658,2748,2706,2448
"213084",185,134,134,147,137,120
"19052",4656,3814,3850,4053,3869,3584
"100526467",5,4,3,1,5,1
"211472",0,0,0,0,0,0
"257871",7,4,6,6,11,5
"276865",0,0,0,0,0,0
"21402",4604,3603,3927,3900,3914,3551
"21414",365,308,320,346,366,247
"399633",18,8,11,19,33,8
"22333",9148,7498,7770,7825,8071,7650
"213673",6071,4547,5001,5065,4931,4682
"320027",54,44,52,69,50,36
"790909",0,0,0,0,0,0
"15525",10765,8502,8282,9401,8223,7882
"67966",212,184,182,175,200,164
"93736",5839,4276,3388,4850,3138,3961
"259301",0,0,0,1,1,1
"22272",2511,2048,2091,2179,2415,1950
"14566",22,24,39,32,39,30
"100038498",1,1,1,2,0,0
"71774",20,20,18,25,21,20
"432561",0,0,0,0,0,0
"237761",1,1,2,2,0,2
"100503690",0,0,0,0,0,0
"20362",1222,916,1051,1147,949,843
"319650",4,2,5,5,2,2
"16568",1097,827,931,902,957,762
"16189",1,0,0,0,0,0
"16163",0,0,0,0,0,0
"19360",558,358,381,450,312,375
"16191",1,0,0,0,0,2
"16362",192,126,177,209,179,171
"622459",0,2,5,2,1,3
"20520",223,134,168,177,147,154
"56517",12,10,5,12,15,17
"30805",31,26,41,35,41,41
"30794",2303,1883,1825,2097,2091,1867
"18452",2067,1543,1807,1821,1704,1622
"71056",0,4,6,0,0,2
"12981",2,0,2,4,3,3
"16187",0,0,0,0,0,0
"216739",1395,1165,1107,1139,935,909
"100503752",2,3,7,4,2,4
"74847",0,0,0,0,0,0
"216742",1637,1169,949,1432,851,1083
"192786",535,446,351,489,295,419
"72729",1569,1247,1209,1309,1247,1196
"432562",0,0,0,0,0,0
"75530",146,104,98,135,101,107
"15254",2073,1738,1670,1795,1939,1684
"14778",6465,6014,6244,5991,6493,5584
"57783",2521,2100,2068,2243,2203,2021
"11749",13550,10995,11235,11889,11247,11004
"100503818",3,7,6,2,3,4
"52570",58,60,63,57,49,72
"14667",513,379,422,452,424,381
"215332",0,0,0,0,0,0
"246049",0,0,0,0,1,1
"100862205",0,0,0,0,0,0
"74045",0,0,0,0,0,0
"215335",484,357,330,437,399,368
"245827",2,1,1,1,4,4
"100862216",0,0,0,0,0,0
"20692",21792,17540,18991,20509,17891,18222
"11927",538,411,475,455,570,434
"27041",3819,2885,3195,3254,3112,3110
"100303747",0,0,2,2,4,0
"14654",0,0,1,0,1,0
"216749",0,0,0,0,0,0
"14799",16,7,9,4,7,4
"67726",1420,1089,1153,1250,1216,1114
"216760",554,415,417,479,381,421
"171212",1657,1284,1318,1425,1231,1288
"71154",3,1,0,0,1,0
"50724",248,191,188,216,219,204
"15110",0,0,0,0,0,0
"73158",7509,5890,5780,6313,5814,5736
"676527",5,3,7,6,4,3
"667947",1,1,1,1,3,1
"69125",936,724,790,853,814,742
"216766",902,745,634,870,610,719
"216767",468,417,401,430,468,382
"631323",2,0,0,2,0,1
"16145",202,163,165,190,182,172
"54396",270,264,228,286,238,225
"73988",15,9,11,7,3,15
"103836",349,279,358,271,276,221
"319475",627,484,483,504,496,444
"79566",596,522,457,502,490,496
"70163",0,0,0,0,0,0
"69864",0,0,0,0,0,0
"624860",0,0,0,0,0,0
"403200",0,0,0,0,0,0
"18329",0,0,0,0,0,0
"257932",0,0,0,0,0,0
"100502887",0,0,0,0,0,0
"258879",0,0,0,0,1,0
"259148",0,0,0,0,0,0
"258495",0,0,0,0,0,0
"258198",0,0,0,0,0,0
"258261",0,0,0,0,0,0
"257892",0,0,0,0,0,0
"100503950",0,0,0,0,0,0
"78354",0,0,0,0,0,0
"258373",0,0,0,0,0,0
"216781",0,0,0,0,0,0
"404346",0,0,0,0,0,0
"216783",0,0,0,0,0,0
"258493",0,0,0,0,0,0
"258494",0,0,0,0,0,0
"257931",0,0,0,0,0,0
"258064",0,0,0,0,0,0
"258531",0,0,0,0,0,0
"257917",0,0,0,0,0,0
"75429",0,0,0,1,0,0
"258529",0,0,0,0,0,0
"258065",0,0,0,0,0,0
"258530",0,0,0,0,0,0
"237769",69,67,50,62,40,44
"69944",90,61,85,86,73,63
"22698",96,78,77,80,76,59
"192194",0,0,0,0,0,0
"108660",2244,1967,2032,2200,2217,2058
"78303",2,0,0,0,0,0
"382522",3,2,0,3,0,1
"319162",427,335,374,376,425,347
"56631",7,10,7,8,9,8
"75694",71,65,52,61,59,59
"94091",555,393,423,508,493,416
"380698",21643,15011,11881,17734,9293,15641
"100038596",42,19,16,17,16,7
"216792",259,221,192,233,225,202
"100862303",2,2,1,3,3,2
"118454",19,12,12,14,15,9
"14923",358,326,327,374,371,305
"72203",281,261,254,242,217,210
"67212",290,257,249,251,287,245
"67862",216,223,215,207,183,189
"11840",6897,5683,5652,6170,5776,5351
"22416",0,0,0,0,0,0
"216795",1556,1279,1345,1345,1412,1285
"216797",5,3,6,5,9,9
"67826",2252,1843,1899,1891,1869,1776
"194952",675,552,454,589,469,458
"237775",280,197,184,229,190,153
"268417",713,594,621,602,517,554
"74476",63,44,54,63,47,47
"216799",1,3,4,4,13,2
"257962",0,0,0,0,0,0
"258421",0,0,0,0,0,0
"257886",0,0,0,0,0,0
"26936",9718,7689,7317,8382,7111,6792
"69320",22,10,20,16,16,11
"194908",13,7,5,2,5,8
"216805",2159,1586,1810,1871,1802,1557
"100504104",33,17,36,23,26,24
"26572",1378,1155,1085,1194,1221,1072
"103850",286,234,253,235,255,251
"100504121",8,6,11,7,10,4
"192191",591,567,526,682,684,593
"19416",6,5,18,8,9,7
"18618",43,42,41,49,45,31
"19377",1392,1081,1101,1277,1118,1036
"100504140",4,1,5,7,3,1
"20787",2876,2159,2232,2330,2156,2095
"216810",2995,2353,2163,2583,2067,2204
"74665",50,35,26,31,29,26
"246782",703,588,652,678,594,583
"66771",1221,967,877,1050,888,930
"13495",908,756,786,803,868,712
"17910",3,4,3,2,7,3
"268420",2617,2029,2134,2202,2057,2088
"100504161",0,0,0,0,0,0
"16897",778,573,642,681,619,547
"14248",6514,5399,5452,5798,4981,5310
"237781",1158,1014,1101,922,1005,926
"100628625",2,1,0,0,2,3
"21975",312,221,209,290,234,225
"237782",1566,1183,978,1377,891,1085
"20425",87,81,67,62,78,68
"637900",0,0,1,0,0,0
"216820",343,250,303,277,293,230
"216821",741,609,650,653,656,593
"24083",580,466,484,595,528,463
"24082",122,70,50,83,66,70
"26397",1829,1326,1437,1493,1501,1422
"16515",431,369,331,440,380,349
"57916",0,0,0,4,4,0
"216825",1512,1298,1210,1498,1271,1180
"11670",149,111,127,112,176,108
"11671",620,435,501,510,483,432
"100862356",0,0,0,0,0,0
"380701",0,0,0,0,0,0
"67473",20,45,37,29,15,28
"626150",0,0,0,0,0,0
"22671",6,1,7,2,0,2
"76293",369,348,402,295,326,361
"23939",444,331,372,408,389,346
"73216",2,1,1,1,4,0
"27078",98,75,67,63,78,44
"13855",1164,870,915,959,917,930
"71520",18,9,19,17,19,10
"109342",3,1,0,0,0,0
"69640",166,130,128,139,127,92
"212627",159,131,115,155,142,126
"29869",1122,896,857,1015,839,879
"56697",425,328,294,432,301,303
"432572",442,353,322,338,279,311
"100862391",0,1,0,0,0,0
"11541",32,38,31,49,36,40
"69747",103,70,60,90,91,68
"72795",525,400,394,479,378,382
"20185",4567,3529,2995,3742,2885,3296
"327942",106,77,79,107,94,91
"73139",69,71,69,73,84,69
"100503292",20,12,12,14,23,16
"22187",17616,14220,14230,15638,15635,14239
"100503279",0,0,0,0,0,0
"22368",15,14,14,8,6,15
"100862405",0,0,0,0,0,0
"69221",421,286,291,308,318,315
"100217426",3,2,1,3,2,0
"100217455",7,3,8,5,5,2
"100217444",1,0,4,1,4,0
"192976",201,171,168,204,204,151
"216829",133,92,112,126,104,118
"170740",78,45,62,85,56,56
"192651",51,48,54,47,45,61
"94092",1025,864,852,1015,955,910
"213980",28,17,21,18,14,19
"67510",302,261,236,286,312,248
"66338",0,0,1,1,1,1
"71062",0,0,0,0,0,0
"18858",145,137,135,216,197,163
"54710",103,68,62,72,69,58
"70383",458,370,399,433,439,388
"66456",91,57,72,78,47,47
"654805",2,0,0,1,0,2
"15478",13,18,13,26,12,14
"68626",983,882,906,980,877,873
"216831",887,778,567,727,554,686
"214384",4,7,5,2,2,1
"327946",12,15,14,8,8,13
"26398",2784,2122,1948,2301,1963,2006
"791070",0,2,2,1,0,0
"52712",250,208,197,236,187,152
"237806",0,2,0,0,1,1
"380702",37,18,24,14,14,21
"100038666",0,0,0,0,0,0
"193003",2,2,0,2,0,1
"338369",53,36,42,44,30,22
"66358",200,199,181,189,212,156
"52892",638,572,474,595,452,512
"17883",509085,403384,397884,420779,324622,390737
"74184",148,118,126,123,128,97
"17882",17804,10270,9796,8527,6970,9599
"17879",274378,204874,187562,221352,163219,188143
"17884",18180,13026,10729,14524,10659,10902
"17885",57964,44777,39495,52926,36216,40372
"100861600",2,0,1,0,0,0
"544791",1366,899,895,1164,540,1028
"100861608",0,0,0,0,0,0
"14457",427,263,281,409,333,353
"19674",0,1,0,1,0,0
"93896",0,3,1,2,3,0
"544792",0,0,0,0,1,0
"68460",1493,1243,1181,1398,1386,1125
"216835",26,16,24,18,24,19
"72804",8,4,5,9,7,5
"71860",88,86,93,122,91,82
"55943",313,267,282,299,290,261
"100504320",0,0,1,0,0,0
"100504352",0,0,0,1,1,0
"18208",468,363,336,420,377,350
"320207",19,8,9,21,21,12
"104709",2,3,0,4,2,0
"215723",0,0,0,0,0,0
"276920",0,0,0,0,0,0
"77579",2663,2161,1917,2377,1543,2383
"83431",1367,1101,1106,1186,1074,976
"320040",0,0,0,0,0,0
"19941",7718,6264,6086,6639,6982,5951
"252868",0,0,0,0,0,0
"442801",1,1,0,0,0,0
"71998",32,30,46,36,34,23
"57785",268,218,224,202,265,210
"237823",362,218,251,302,257,205
"100526545",0,0,0,0,0,0
"68964",519,378,430,394,398,404
"20877",7,6,12,5,9,1
"71923",436,420,437,423,470,411
"66910",62,42,45,37,50,48
"100216530",0,0,0,0,0,0
"22318",1136,931,1075,1076,1124,996
"18626",667,481,578,535,448,439
"100038433",2,4,8,5,5,4
"84653",0,0,1,1,2,1
"23801",5,5,4,3,3,0
"11686",0,2,1,0,0,0
"11688",0,0,0,0,0,0
"14919",2,0,1,1,4,2
"216846",273,199,242,225,223,204
"245828",635,574,523,583,585,486
"16499",57,44,47,26,48,32
"80515",72,57,55,50,64,49
"216848",4565,3372,3213,3613,2847,2810
"327951",388,318,252,327,238,287
"78304",158,160,144,131,194,138
"67020",5,6,7,15,13,6
"216850",2514,1841,1962,2095,1919,1832
"327954",15,15,17,16,7,11
"13643",12,5,8,6,4,4
"216853",114,95,111,120,119,74
"22059",1003,771,1008,928,949,809
"11932",766,647,694,708,609,618
"20415",0,1,0,0,1,0
"69215",86,77,77,70,87,60
"23879",4430,3420,3626,3679,3626,3412
"100316749",0,1,1,0,0,0
"20670",2,0,1,5,1,2
"24070",140,121,153,132,141,99
"100316840",0,0,0,0,4,0
"12514",20,11,20,22,25,4
"13681",6707,4988,5144,5789,5590,5188
"80886",1637,1282,1369,1356,1360,1223
"100503827",2,9,5,10,7,5
"619441",0,0,0,0,1,0
"69583",3,1,2,3,1,6
"21944",28,39,42,31,30,28
"20020",4426,3533,3355,3826,2789,3297
"56293",7,3,3,2,4,8
"75580",1442,1063,1123,1181,1038,1141
"11443",4904,3868,4338,4001,3964,3532
"14166",608,524,553,509,477,516
"380705",1,6,0,0,0,2
"74341",6,9,7,7,9,9
"108803",2,0,2,1,1,0
"74288",1,0,2,0,1,0
"216856",1008,750,886,754,825,820
"69186",377,294,347,368,370,301
"70310",646,450,554,602,571,445
"83813",1,1,2,3,0,1
"100503361",8,13,5,12,6,8
"216858",542,334,452,425,432,406
"216859",2,1,4,2,1,3
"70419",13,9,16,13,8,9
"216860",1618,1257,1192,1318,1110,1125
"56310",425,341,365,347,371,271
"276770",8843,7225,7311,8121,8266,7225
"53422",10,17,23,7,9,14
"20528",1487,1228,1304,1247,1168,1045
"53624",0,0,0,2,2,0
"54351",928,844,736,776,802,766
"67181",1998,1644,1739,1743,1770,1692
"56486",1110,830,865,969,979,853
"100861682",0,2,2,1,0,0
"78246",1162,934,997,980,994,958
"13543",362,264,311,356,305,266
"100861689",0,0,0,0,0,0
"11370",3306,2729,2901,2753,2855,2854
"723896",5,1,3,1,1,2
"13385",792,618,724,731,677,636
"11889",0,0,1,5,0,0
"11890",4,4,5,6,2,4
"216864",234,217,220,237,205,188
"17312",0,1,1,1,4,0
"216867",10,6,12,6,11,10
"69309",120,102,88,82,95,77
"12029",8,5,10,5,13,7
"751537",0,0,0,0,0,0
"387190",0,0,0,0,0,0
"104457",215,170,193,193,205,185
"52898",1269,995,1138,1072,1107,1063
"11684",39,22,36,29,26,30
"11685",0,0,0,0,0,0
"11687",0,0,0,0,0,0
"75273",1111,942,845,970,810,791
"216869",204,155,163,173,173,143
"66172",117,105,133,91,132,102
"66102",135,99,84,147,113,110
"574428",18,18,9,13,18,15
"75604",0,0,0,0,0,0
"327956",1,1,0,1,0,2
"216871",1,0,3,1,0,0
"19175",3104,2438,2527,2629,2733,2375
"18806",303,237,278,239,252,207
"50932",1726,1274,1394,1372,1237,1143
"11448",171,144,144,122,139,133
"668433",13,11,11,12,19,7
"14723",39,23,23,23,33,23
"67863",2072,1695,1735,1782,1781,1709
"70510",334,274,298,332,313,331
"18643",7430,6061,6786,7003,7807,6639
"13808",33990,29135,29798,30461,29726,28423
"216873",1150,1021,937,1060,1097,929
"216874",826,662,731,666,613,577
"103844",28,30,13,19,23,14
"16562",8805,7456,7429,8369,7279,7018
"193043",115,91,102,103,87,102
"327957",1,2,0,1,1,2
"54189",2159,1763,1614,1869,1596,1636
"100503922",0,0,0,1,0,0
"19069",2118,1606,1591,1668,1659,1576
"69723",107,111,102,96,110,76
"12261",1571,1308,1358,1655,1591,1383
"216877",508,398,415,451,363,376
"116891",639,514,539,570,505,455
"67139",560,433,419,422,453,409
"103712",5,3,5,1,10,3
"195046",0,0,0,0,0,0
"637515",0,0,0,0,0,0
"627984",0,0,0,0,0,0
"619299",0,0,0,0,0,0
"216881",1,3,4,2,2,0
"73816",0,1,0,0,0,0
"114230",2,2,0,0,0,0
"109212",6,1,0,5,4,5
"327958",9,1,1,4,5,4
"74477",161,127,101,144,126,112
"52700",966,762,741,855,879,697
"67279",159,96,111,139,119,109
"75304",28,12,15,16,17,13
"237831",120,93,100,88,89,88
"73366",6,5,3,10,8,1
"327959",53,56,54,62,67,79
"628100",0,0,0,0,0,1
"21689",4,1,5,1,3,3
"276829",339,233,287,363,331,218
"71522",1,0,0,0,0,0
"18432",3474,2918,2913,3099,2917,2599
"216892",72,58,72,59,88,56
"77577",4,1,2,3,1,6
"100504005",1,0,0,0,0,0
"67128",945,855,798,862,904,759
"11736",1472,1080,898,1357,941,983
"192986",405,354,315,333,297,293
"195018",1192,841,773,1066,655,874
"53313",44,31,43,47,48,36
"18436",1,3,3,2,2,4
"55984",72,49,42,44,44,42
"66874",731,556,558,629,602,534
"16407",4,4,5,3,1,3
"14841",7,9,6,11,2,6
"94045",657,577,640,642,567,565
"66048",809,708,832,821,919,738
"76281",673,513,507,556,554,510
"83429",550,405,462,449,435,380
"74637",37,21,16,20,25,31
"193034",2,0,1,0,4,2
"246788",21,6,15,14,4,14
"11484",159,103,133,147,129,140
"380709",1,0,0,2,0,0
"258925",0,0,0,0,0,0
"258924",0,0,0,0,0,0
"258923",0,0,0,0,0,0
"258186",0,0,0,0,0,0
"259026",0,0,0,0,0,0
"259027",0,0,0,0,0,0
"259024",0,0,0,0,0,0
"258435",0,0,0,0,0,0
"259025",0,0,0,0,0,0
"193053",0,0,0,0,0,0
"76390",0,0,0,0,0,0
"259011",0,0,0,0,0,0
"258344",0,0,0,0,0,0
"258236",0,0,0,0,0,0
"259008",0,0,0,0,0,0
"259010",0,0,0,0,0,0
"259009",0,0,0,0,0,0
"259007",0,0,0,0,0,0
"18321",0,0,0,0,0,0
"258343",0,0,0,0,0,0
"258705",0,0,0,0,0,0
"259005",0,0,0,0,0,0
"259006",0,0,0,0,0,0
"327963",0,0,0,0,0,0
"258701",0,0,0,0,0,0
"258703",0,0,0,0,0,0
"404316",0,0,0,0,0,0
"258706",0,0,0,0,0,0
"258181",0,0,0,0,0,0
"18359",0,0,0,0,0,0
"258702",0,0,0,0,0,0
"258704",0,0,0,0,0,0
"258153",0,0,0,0,0,0
"380711",5358,4574,3682,4968,4114,3840
"432582",3,4,4,6,2,8
"74148",5434,4359,4146,4590,3905,4171
"18472",4825,3653,3682,4171,3831,3842
"67493",476,378,378,421,388,377
"17428",400,300,366,461,381,345
"97761",483,460,412,449,442,393
"104662",1100,870,801,1003,805,788
"100217469",10,9,11,14,7,4
"27364",461,352,308,370,333,360
"103677",746,638,625,662,556,594
"15248",204,158,203,209,208,192
"387208",1,0,0,0,0,0
"387150",2,0,4,0,0,1
"246257",111,94,96,117,120,96
"116905",130,120,103,100,87,79
"237847",4,7,6,5,5,6
"68275",741,616,612,649,648,631
"100861772",0,0,0,0,0,0
"319822",448,315,362,341,391,305
"20317",1774,1183,1392,1361,1242,1232
"18816",2,1,2,5,1,1
"192652",1354,922,960,1112,945,949
"100042498",1321,976,1278,1037,1042,709
"387141",0,0,0,0,0,0
"380712",214,162,193,180,189,206
"192159",6462,5032,4436,5555,3898,4737
"280408",135,108,135,107,104,91
"380713",16,8,18,15,12,15
"215113",879,643,634,809,688,731
"100628624",0,0,0,0,0,0
"18738",2746,2067,2140,2278,2241,2091
"19062",518,438,424,438,468,349
"17913",10423,8472,7958,9301,7967,7807
"12928",2913,2217,2200,2356,2244,1995
"22627",15358,12260,12416,13254,13020,11730
"13447",136,130,95,128,94,91
"380714",46,42,26,28,35,39
"74230",0,1,0,0,0,1
"76566",984,767,780,900,845,736
"68299",1784,1463,1440,1422,1393,1397
"116972",20,9,18,20,23,20
"276919",294,222,262,268,253,261
"13168",4,1,0,4,1,0
"67201",1045,816,812,911,927,727
"67390",247,186,178,202,191,183
"18230",1100,867,890,996,984,871
"56322",803,721,728,684,760,659
"109934",5594,4574,4139,5275,4147,4250
"320522",0,0,0,0,2,0
"237858",3,6,1,5,2,2
"53334",823,630,626,693,571,598
"12874",4119,3170,2800,3548,2485,3026
"66601",0,0,1,0,0,1
"104184",1393,1139,1180,1263,1196,1107
"15567",2,1,0,3,0,0
"237859",985,757,845,819,940,755
"751519",0,1,0,0,0,1
"319634",10,9,11,9,12,9
"237860",1125,916,780,993,731,865
"216961",2904,2351,2568,2459,2320,2148
"268445",1295,1011,1129,1182,1119,1006
"70057",7,3,7,6,10,2
"216963",2605,2151,2305,2378,2316,2250
"216964",133,120,128,114,145,111
"67477",38,29,26,37,25,33
"216965",4393,3016,2266,3473,2297,2924
"100861790",0,0,0,0,0,0
"68564",2338,1616,1579,1701,1440,1504
"12957",0,0,2,0,0,0
"360013",12608,9813,8202,10707,7442,8963
"791303",2,2,5,3,4,3
"19193",5,7,1,3,0,1
"791423",1,0,0,0,0,0
"20370",6,2,3,1,2,2
"268448",861,657,633,738,665,620
"100504178",3,6,5,3,2,2
"70451",82,90,84,73,68,84
"14252",1623,1333,1348,1537,1356,1383
"387162",0,0,0,0,0,0
"723870",0,0,1,0,0,0
"57837",324,291,330,309,324,283
"216971",653,467,518,560,546,472
"22032",4375,3574,3538,3328,3576,3073
"140859",256,176,228,184,242,189
"68385",292,198,232,208,296,204
"268449",7646,6585,6455,7345,7282,6301
"100529076",0,1,3,2,1,3
"100216539",7,8,7,8,3,10
"100529077",12,3,8,3,4,2
"19376",863,718,817,845,835,677
"216974",10,6,10,2,7,6
"20926",4910,3758,3466,4154,3198,3634
"20316",1089,849,975,866,857,842
"72503",5527,4241,3628,4857,3607,4261
"216976",9,6,5,5,6,5
"100042648",0,2,1,2,0,0
"54141",54,52,43,48,34,36
"11676",54,40,62,25,44,42
"276846",1095,866,937,887,963,843
"22248",303,222,282,209,269,250
"15218",2,0,0,0,2,1
"790911",0,0,0,0,0,0
"20500",0,0,0,0,1,0
"52466",125,109,116,125,113,120
"237868",40,29,38,24,23,18
"22370",1,0,1,1,0,0
"18292",0,0,0,1,0,0
"195040",531,363,397,435,429,352
"67811",2155,1709,1811,1892,1825,1673
"21927",2543,2029,2047,2118,2034,1926
"55978",671,525,534,550,620,439
"69071",401,321,333,393,397,383
"18099",501,392,428,400,435,399
"69109",233,221,248,267,251,207
"66274",325,299,253,279,275,265
"18126",28,27,60,45,56,50
"16859",330,247,208,237,218,224
"16706",1111,800,860,935,785,730
"790910",9,7,7,4,4,3
"78889",1609,1207,1384,1266,1217,1095
"791376",0,0,2,0,0,0
"18015",1524,1095,944,1227,845,1099
"104522",1,0,0,0,0,0
"18377",3,0,3,1,0,2
"216984",6,7,4,7,5,6
"14017",94,80,86,93,84,59
"319377",2,7,2,3,0,1
"268451",9,2,3,4,1,3
"790912",0,0,0,0,0,1
"72218",0,0,0,0,0,0
"387188",1,2,1,1,0,0
"723853",4,2,3,1,1,2
"100038730",41,24,48,37,43,28
"216987",1807,1436,1341,1516,1407,1322
"52615",1047,828,802,938,746,743
"54394",605,480,430,532,459,473
"237877",66,55,47,55,29,37
"68550",228,177,161,195,178,147
"216991",40,34,29,23,21,23
"71956",81,54,48,72,67,52
"59040",1968,1503,1503,1706,1480,1509
"246104",31,16,17,22,22,18
"70591",1090,831,821,986,843,821
"22680",2683,2146,2358,2472,2188,1961
"69077",3433,2665,2732,2873,2854,2597
"12569",1077,885,795,997,1048,846
"338367",369,270,297,339,341,279
"103743",320,246,276,284,263,237
"75622",0,0,0,0,0,0
"11418",1,3,2,3,1,2
"237880",0,0,0,0,0,0
"71388",0,0,0,0,0,0
"20296",2815,1948,2180,2623,2260,2130
"20306",1533,1013,1121,1281,1153,1182
"20292",46,60,86,87,69,69
"20293",0,1,0,0,0,0
"20307",123,109,87,130,107,157
"20290",0,0,0,0,0,0
"270893",4,3,3,3,0,2
"791422",0,0,0,0,0,0
"12467",4,1,2,0,3,6
"66983",411,294,322,342,340,273
"100503272",6,14,8,14,4,9
"16882",1188,897,825,1031,790,844
"67338",41,34,51,61,48,37
"19364",331,251,266,303,269,258
"78919",6,2,9,2,7,2
"217011",254,213,235,251,251,194
"217012",5321,4464,4373,4700,4088,4141
"76392",8,7,8,2,1,3
"327978",24,22,18,30,6,38
"237886",7,8,2,13,3,3
"276950",12,11,8,13,8,12
"668706",58,43,44,50,63,47
"237887",8,5,7,4,4,5
"20556",12,16,13,10,9,7
"100504448",0,0,0,1,0,0
"20555",0,0,0,0,0,0
"20558",0,0,1,1,0,0
"20557",1,4,4,7,5,2
"100043636",2,0,2,0,2,1
"237890",0,1,0,1,1,1
"613254",2,8,2,3,1,2
"103729",4,5,8,6,5,2
"100302731",0,0,0,0,0,0
"103737",209,178,157,219,212,180
"71770",3312,2545,2338,3010,2389,2471
"276952",78,61,70,86,98,61
"237891",1,0,2,1,2,0
"66330",5,1,5,10,4,6
"118453",13,3,12,17,5,7
"70439",1298,928,1100,990,1028,895
"629303",1,0,1,0,0,0
"20304",14,2,1,8,3,7
"20308",11,3,12,5,10,5
"100504464",0,0,0,0,2,0
"20305",0,0,0,0,2,0
"20302",1,1,0,0,0,0
"20303",0,0,0,0,0,0
"100034251",0,0,0,0,0,0
"14038",0,0,0,0,0,0
"66107",0,0,0,0,0,0
"217026",453,337,415,442,331,305
"21410",0,0,0,0,0,0
"78394",665,494,490,518,525,504
"217030",1606,1252,1047,1439,1068,1167
"100504496",3,2,2,2,0,1
"56405",1480,1167,1230,1192,1113,1073
"217031",367,296,336,315,311,283
"628813",0,0,0,0,0,0
"107476",1572,1145,930,1291,973,1194
"56321",468,363,445,553,489,451
"16869",0,0,0,0,0,0
"78365",0,0,0,0,0,0
"78471",0,0,0,0,0,0
"217038",106,97,92,109,116,85
"192970",224,172,188,190,195,153
"74995",0,2,1,2,0,0
"217039",1695,1446,1459,1532,1594,1391
"100504527",14,17,15,14,8,21
"70325",223,162,192,193,185,158
"66196",190,140,215,186,142,146
"448850",154,113,106,115,138,100
"12351",1,0,1,0,0,0
"237898",1217,926,828,1048,779,928
"73634",1,0,0,1,0,0
"66884",762,597,497,691,556,548
"654810",2,1,3,6,4,2
"53892",257,203,212,208,215,201
"192197",646,564,483,604,557,515
"100316691",0,0,0,0,0,0
"71489",1,0,2,2,0,0
"100628627",0,0,0,0,0,0
"78420",2,0,1,0,0,0
"69909",3,0,0,2,0,0
"21385",13,13,13,20,15,19
"21387",228,175,160,212,180,160
"629393",0,0,0,0,0,0
"237911",13,2,4,10,2,4
"70422",538,392,410,474,356,420
"327987",1988,1369,1088,1591,1070,1448
"76892",565,422,444,470,412,391
"72508",3007,2271,2098,2474,2153,2140
"56427",173,140,142,139,109,115
"75909",1808,1355,1646,1432,1459,1310
"387140",0,0,0,0,0,0
"100504632",16,14,12,12,15,11
"217057",343,246,257,296,279,236
"67300",8046,5469,5183,6806,4741,5528
"67487",837,686,704,735,708,678
"319269",3441,2305,2488,2899,2378,3001
"77864",417,325,319,309,318,301
"66569",287,228,227,280,230,232
"74133",654,516,525,559,522,527
"270906",21,18,10,22,7,9
"66140",114,87,107,87,84,91
"723834",0,1,0,0,1,0
"68729",302,264,259,318,232,224
"320472",408,310,267,297,227,237
"114714",31,28,43,42,28,43
"83560",7,2,5,2,6,3
"19842",0,1,2,1,0,1
"19858",1,1,0,1,0,1
"19860",2,0,3,1,0,1
"19861",0,3,0,0,0,0
"19859",0,0,0,1,0,2
"100503535",0,0,0,0,0,0
"18952",129,128,125,134,135,117
"170749",573,398,401,448,367,371
"327992",0,0,0,3,0,1
"207742",4,3,2,2,0,2
"68690",0,0,0,1,0,0
"20922",412,366,341,397,386,369
"387160",0,0,0,0,0,0
"207777",5,2,1,3,1,0
"17523",0,0,0,0,0,0
"76113",0,0,0,2,0,0
"380718",60,42,41,42,51,41
"13861",0,0,0,0,0,0
"258406",0,0,0,0,0,0
"258408",0,0,0,1,0,0
"258407",1,0,0,0,0,0
"68097",4073,3286,3346,3631,3723,3128
"110809",2704,2116,2198,2297,2137,1887
"22344",1328,1031,1002,1149,997,992
"70393",16,13,18,14,22,23
"103841",1549,1196,1339,1307,1372,1241
"64656",1672,1310,1300,1394,1438,1185
"74297",0,0,0,0,0,0
"76626",8002,5804,5890,6514,5974,5697
"100628571",5,3,0,0,1,3
"193280",153,129,147,125,144,117
"11640",1808,1399,1427,1497,1389,1362
"73921",2,5,7,0,4,3
"74617",1542,968,1134,1276,1295,1145
"217066",0,0,0,1,0,1
"72381",25,17,17,13,15,15
"100504514",3,1,0,0,0,2
"12812",78,63,73,65,72,47
"217069",1041,814,788,866,713,797
"56077",233,182,188,216,188,191
"414094",1,0,0,1,1,1
"217071",0,0,0,0,0,0
"18121",369,388,355,385,449,354
"214604",6,10,3,9,8,7
"382543",20,23,7,19,10,11
"18559",34,28,38,34,32,24
"67888",2,0,1,3,4,0
"67468",376,248,304,330,286,277
"217082",16,10,6,9,5,5
"20913",383,249,251,321,208,236
"69802",259,174,246,224,273,230
"71943",194,151,143,145,128,129
"73922",0,0,0,0,0,0
"73470",0,0,0,0,0,0
"72605",0,0,0,0,0,0
"217109",542,484,410,554,515,466
"103537",598,425,415,493,393,357
"18103",5527,4484,4606,5146,5375,4466
"18102",615,496,515,524,555,420
"100862001",0,0,0,0,0,0
"70834",3868,2890,2380,3354,2398,2775
"22057",3127,2548,2608,2641,2512,2459
"278507",11,4,19,17,12,11
"67684",2536,1920,2195,1938,2058,1623
"71452",3846,3225,3100,3261,2965,2844
"76408",27,16,12,24,22,19
"12291",19,15,21,11,16,17
"217116",0,1,0,1,0,0
"71889",0,3,4,1,1,6
"104601",8,4,7,4,6,2
"237926",127,130,109,131,109,88
"264895",227,181,243,204,192,160
"12643",1,1,3,3,1,2
"98238",3482,2799,2815,3140,2948,2722
"268465",3,1,4,2,2,1
"94064",386,265,297,301,338,306
"217119",280,234,289,252,238,222
"432589",0,0,0,0,0,0
"217122",0,0,0,0,0,1
"544806",0,0,0,0,0,0
"544807",0,0,0,0,0,0
"544808",0,0,0,0,0,0
"665174",0,0,0,0,0,0
"432591",2,2,0,0,0,0
"100039739",0,0,0,0,0,0
"12842",16851,10367,13739,15313,12416,13116
"20391",2343,1959,2045,1982,1973,1858
"54388",31,20,19,22,17,18
"217124",1177,950,1021,1135,1041,936
"100504649",8,3,1,2,1,4
"217125",197,143,173,178,158,155
"18604",1899,1634,1825,1746,1708,1519
"16400",850,644,623,799,709,633
"13393",10,6,6,8,10,5
"13394",0,5,0,1,3,2
"320453",0,0,0,1,0,0
"93670",163,122,105,102,98,95
"217127",1348,1073,1025,1277,1058,1056
"215512",133,124,149,134,125,116
"110172",914,777,881,870,844,848
"20747",4257,3354,3434,3371,3447,3183
"104079",2,2,2,6,2,1
"18053",29,26,18,19,18,19
"100862044",0,0,0,0,0,0
"18673",2713,2305,2305,2370,2466,2181
"544809",11,7,9,14,6,7
"432396",12,13,12,3,8,11
"320616",1,0,1,3,1,1
"268469",551,423,340,524,307,430
"237928",155,134,154,152,136,129
"66610",42,43,26,44,36,45
"14710",13,13,12,8,9,7
"73906",4,0,0,4,2,4
"14422",6,4,8,2,1,2
"140486",64,58,67,81,60,44
"100526468",0,0,0,0,0,0
"14607",0,0,0,0,0,0
"27681",464,405,437,437,473,351
"268470",2539,2168,2080,2237,2100,2015
"11951",2758,2345,2595,2372,2662,2454
"76815",0,0,0,0,0,0
"237930",0,0,1,0,1,0
"15408",1,2,1,0,1,1
"432593",0,1,0,0,0,0
"193022",12,11,20,19,13,11
"387191",5,1,4,6,4,1
"15417",93,88,62,61,78,64
"15416",16,12,19,21,24,13
"15415",29,26,27,28,27,18
"15414",16,14,12,24,9,14
"15413",2,4,4,13,7,4
"723893",0,0,1,0,0,0
"15412",51,51,39,46,48,42
"15410",39,31,23,36,35,30
"103889",9,10,16,7,12,14
"15407",0,0,0,0,0,0
"100038600",0,0,0,0,0,0
"78473",36,28,42,36,33,35
"69884",284,196,197,185,176,204
"74479",573,475,475,518,547,415
"12412",791,639,736,695,705,616
"629750",8,7,7,5,9,3
"18023",18274,14999,14767,16621,15086,14619
"56358",774,633,713,683,762,621
"387170",1,0,0,0,0,0
"80280",1041,842,883,956,932,870
"100502635",1,0,1,1,1,3
"217138",0,0,0,0,0,1
"103711",110,80,86,72,85,91
"319371",27,20,26,22,20,24
"78912",353,275,338,384,316,300
"83395",9,8,17,13,11,16
"217140",220,168,206,205,205,191
"69297",13,9,10,4,7,12
"107732",953,760,881,834,837,742
"71240",121,97,116,111,106,80
"57765",1,0,0,0,0,2
"73174",117,95,128,122,109,122
"16211",6992,5392,5129,6210,5043,5395
"100502647",0,0,0,0,0,0
"19155",6148,4838,5184,5012,4886,4594
"67036",988,829,862,811,889,720
"217143",11,11,9,14,13,16
"192157",2967,2338,2373,2405,2096,2106
"58996",2394,1881,1845,2270,1835,1812
"100141474",54,33,38,39,31,21
"56013",13,13,7,9,11,11
"69729",1,0,0,0,0,0
"103551",18,19,26,19,28,18
"246198",1281,992,1130,1123,1021,1054
"217149",535,503,518,494,514,492
"22658",338,287,336,277,317,260
"26446",2172,1837,1914,2016,2069,1804
"108083",4345,3516,3260,3801,3248,3346
"67480",468,387,417,414,380,337
"72215",2,0,4,2,0,1
"65019",7982,6133,6579,7063,7470,6304
"100302498",1,0,0,0,1,0
"16796",1783,1099,1286,1549,1358,1340
"68127",7,7,8,8,12,9
"72973",25,21,17,15,7,9
"72324",31,20,31,41,31,25
"217151",140,101,130,106,91,68
"12295",4940,4182,4116,4473,4131,3939
"19921",11724,9423,9552,10099,10374,9057
"217154",450,394,390,404,360,360
"72194",1062,800,809,943,764,724
"19014",1483,1024,997,1252,968,1090
"69131",1166,856,701,989,690,831
"100628613",0,1,0,0,1,0
"18013",1,2,1,2,0,1
"19049",0,1,1,2,0,0
"69338",0,0,0,0,0,0
"59045",405,307,352,316,318,283
"21393",6528,5792,6302,5861,6699,5864
"18948",47,35,59,42,38,47
"320655",122,99,109,128,154,114
"13866",3438,2646,2586,3053,2494,2682
"103742",592,502,514,485,598,465
"14786",0,4,0,1,1,0
"100862101",0,0,0,0,0,0
"22780",0,0,0,0,1,0
"69376",1,1,0,1,0,0
"66612",1404,1130,1153,1098,1117,1017
"192852",0,0,0,0,0,0
"450219",0,0,0,0,0,0
"76758",0,0,0,0,0,0
"57911",6,2,3,4,3,2
"100502779",9,7,5,1,3,4
"22123",3734,2951,3151,3200,3188,2992
"12985",1,1,0,0,3,2
"23989",1195,997,1058,985,975,952
"21833",532,412,417,421,408,411
"217166",1134,980,1012,1017,903,870
"74026",1967,1650,1764,1833,1810,1565
"100037262",15,10,16,8,11,4
"192160",722,571,578,585,567,470
"268480",280,209,208,242,199,195
"68524",353,273,255,288,264,263
"23834",7,2,4,5,5,3
"19401",835,630,759,773,716,666
"353155",0,1,0,0,0,0
"21973",43,44,26,34,32,21
"16010",198,147,210,187,204,171
"217169",0,2,0,2,0,2
"12775",0,2,1,3,0,0
"100862109",0,0,0,0,0,0
"57376",2804,2278,2309,2395,2229,2062
"268481",13,7,10,6,7,8
"75706",1,0,0,0,0,0
"70810",0,0,0,0,0,0
"320864",0,0,0,0,0,0
"16675",0,0,0,0,0,0
"70843",1,0,0,0,0,1
"16661",34,41,39,55,60,34
"100504165",0,0,0,0,0,0
"268482",0,1,2,4,3,1
"66809",1,0,2,0,3,0
"94179",0,0,0,0,0,0
"237934",0,0,0,0,0,0
"406221",0,0,0,0,0,0
"66380",0,0,0,0,0,0
"66708",0,0,0,0,0,0
"69473",0,0,0,0,0,0
"69664",0,0,0,0,0,1
"629873",2,0,0,0,0,0
"435273",0,0,0,0,0,0
"75586",0,0,0,0,0,0
"100041412",0,0,0,1,0,0
"100041488",2,0,1,0,0,0
"71453",1,0,0,0,0,0
"100502803",0,0,0,0,0,0
"665891",0,0,0,0,0,0
"68673",0,0,1,0,1,0
"76444",0,0,0,0,0,0
"546511",0,0,0,0,0,0
"100040248",0,0,0,0,0,0
"68768",0,0,0,0,0,0
"100040276",0,0,0,0,0,0
"665992",0,0,0,0,0,0
"665998",0,0,0,0,0,0
"670464",0,0,0,0,0,0
"670472",0,0,0,0,0,0
"670482",0,0,0,0,0,0
"69464",0,0,0,0,0,0
"670496",0,0,0,0,0,0
"100502865",0,0,0,0,0,0
"435285",0,0,0,0,0,0
"432600",0,0,0,0,0,0
"100415785",0,0,0,0,0,0
"16705",0,0,0,0,0,0
"670533",0,0,0,0,0,0
"70831",0,0,0,0,0,0
"670550",0,0,0,0,0,0
"432602",0,0,0,0,0,0
"435286",0,0,0,0,0,0
"100504183",0,1,2,0,0,0
"77914",0,0,0,0,0,0
"71888",0,0,0,0,2,0
"16671",32,33,40,42,34,42
"16672",1,1,1,2,1,0
"16660",72,53,59,55,61,53
"16670",0,0,0,0,0,0
"53617",0,0,0,0,0,0
"16673",0,0,0,0,0,0
"16663",3,5,3,1,8,2
"16665",0,0,1,0,1,0
"16669",203,196,184,191,214,198
"107656",0,0,0,0,1,0
"16664",0,0,0,0,0,0
"16666",0,0,0,0,0,0
"16667",0,0,0,0,0,0
"68239",0,0,0,0,0,0
"20918",7257,5912,6197,6386,6634,5744
"14459",0,0,0,0,0,0
"15114",29,22,39,18,28,25
"16480",5706,4873,5092,4826,4700,4836
"66180",1120,900,1149,928,1000,962
"14230",1345,949,1248,1247,1113,1093
"68106",332,290,367,345,342,323
"66720",4,6,4,11,7,5
"217194",130,118,122,116,101,104
"104112",4223,3108,3030,3899,3476,3466
"74407",54,47,41,40,43,39
"12799",445,370,432,419,381,367
"56354",4177,3382,3468,3682,3578,3161
"100502925",87,53,69,67,59,65
"71966",627,490,434,521,486,441
"278304",34,28,39,50,39,32
"80861",27,26,35,24,35,34
"14534",886,720,750,863,761,690
"75482",6,8,0,2,4,3
"19345",1759,1319,1479,1478,1589,1356
"380728",2,3,3,3,1,6
"15171",0,0,0,0,0,0
"80860",450,325,413,406,385,374
"20851",1361,1157,1070,1303,1118,1131
"20850",829,650,671,814,619,638
"20848",3353,2486,2646,2869,2497,2773
"19285",8530,6561,6934,7524,7442,6731
"11975",2419,1934,1942,2187,1913,1944
"27419",196,114,157,193,170,170
"15485",3,3,1,1,3,1
"71743",461,303,375,329,379,363
"21428",458,361,405,371,387,328
"19183",57,38,39,55,42,39
"67998",1189,940,949,1028,966,942
"103733",773,743,771,740,656,677
"103768",63,50,57,57,48,37
"217198",532,403,510,454,464,433
"12777",10,9,5,5,11,6
"53321",50,28,44,32,27,39
"14055",702,558,558,646,561,540
"54409",1,0,2,1,2,1
"28084",652,530,583,593,624,467
"69847",22,18,27,21,26,14
"52469",698,508,575,619,651,575
"68107",7,7,5,14,8,6
"56208",1819,1414,1480,1591,1492,1478
"19192",2222,1806,1775,2240,1999,1807
"237940",56,43,72,60,39,28
"11754",9,3,2,4,1,5
"14377",0,0,0,0,0,0
"69684",243,201,211,190,202,180
"73635",1251,943,945,979,1037,930
"217201",260,203,211,223,187,235
"100862158",0,0,0,0,0,0
"19942",4653,3970,4066,4235,4267,3525
"70110",208,150,200,136,134,150
"26949",2303,1707,1768,2244,2121,1813
"100862149",7,0,6,0,2,2
"11858",135,94,116,100,101,112
"12189",15,8,19,29,7,15
"17966",4921,3894,3813,4282,3691,3682
"217203",21,16,21,32,25,19
"666331",0,0,0,0,0,0
"66599",49,38,32,45,40,30
"19848",3,0,3,0,1,2
"80981",27,28,20,21,25,23
"217207",967,787,745,958,707,746
"18612",235,190,191,171,192,135
"17285",183,143,156,95,184,142
"73887",0,0,0,0,0,0
"74499",5,10,7,8,3,3
"72349",7414,6389,5713,6218,5879,5995
"75437",0,0,0,0,0,0
"13384",370,307,383,383,359,239
"52685",0,0,0,0,0,0
"50997",113,106,144,129,103,98
"19064",1,0,0,0,0,0
"217212",0,0,0,0,0,0
"217214",0,0,3,1,1,0
"76547",379,301,334,256,329,283
"268490",839,615,671,721,704,608
"68401",658,501,558,592,550,470
"15184",2280,1951,1897,2027,2107,1909
"217216",3,1,1,3,0,1
"217217",253,250,195,248,255,220
"72053",688,554,568,530,625,503
"217218",1496,1110,1271,1301,1248,1113
"21429",2191,1858,1835,1929,1949,1773
"20533",0,0,0,0,2,1
"51799",499,396,456,400,381,364
"68066",1078,948,947,1077,1113,886
"14824",3265,2507,2721,2972,3021,2669
"217219",5957,5030,5549,6026,6203,5561
"16399",207,159,170,178,183,129
"237943",1244,1057,995,1137,879,901
"100040792",12,13,21,15,13,11
"57265",1811,1522,1879,1873,1863,1687
"77132",21,11,17,10,11,15
"268491",9,6,7,4,5,6
"52715",1377,1092,1084,1242,1116,1006
"11488",19,16,22,17,20,13
"14615",63,42,46,52,48,38
"75689",0,0,0,0,1,0
"20624",1828,1474,1377,1573,1396,1457
"73293",21,19,14,16,21,7
"66784",2,0,2,1,0,0
"14580",4,2,1,8,2,1
"70218",8,3,13,5,10,4
"23829",3,1,1,0,0,0
"69739",0,0,0,0,0,0
"68087",1413,1160,1226,1206,1195,1087
"100862190",32,32,33,29,32,27
"18107",2579,2281,2329,2365,2238,2203
"72469",211,181,221,184,182,173
"67131",224,168,197,166,196,170
"192231",1275,988,1076,1127,1023,1009
"71059",109,119,130,123,151,109
"57778",822,722,874,833,679,669
"69441",3,0,5,1,1,1
"328019",1,0,0,0,1,0
"53859",535,439,404,446,386,379
"100862195",0,0,0,0,0,0
"544817",51,50,51,71,37,45
"653030",1,0,0,0,0,0
"353047",752,594,559,639,561,575
"237954",0,0,0,0,0,0
"380730",1,0,0,0,0,0
"69444",1,1,1,0,0,0
"104582",15,8,19,12,19,7
"56494",1988,1514,1454,1835,1512,1567
"399609",53,38,52,44,43,60
"22412",0,0,0,0,0,1
"22415",8,13,6,11,11,12
"18195",645,458,450,587,443,495
"667631",3,0,7,2,0,1
"11841",532,396,390,440,397,385
"12921",0,1,0,2,1,0
"237958",0,0,0,0,0,0
"17762",418,341,373,335,299,299
"100303739",2,1,2,2,2,1
"76719",1012,764,825,894,775,815
"100862243",0,0,0,0,0,0
"217232",2085,1610,1430,1707,1479,1512
"17896",86939,73113,77098,82531,84437,74613
"629959",8,4,9,4,4,3
"16416",85,49,72,88,66,69
"70894",9,7,7,5,11,2
"52686",315,206,248,263,250,201
"73431",105,109,71,110,92,78
"24086",1581,1393,1237,1452,1332,1189
"17534",2534,1692,1871,2162,1809,1672
"632687",6,3,3,2,1,3
"77097",798,519,440,586,348,496
"13056",13,11,10,14,7,12
"11421",51,33,39,41,41,31
"192775",4,2,1,1,0,1
"71833",2804,2165,1963,2449,2194,2102
"70207",494,436,431,477,427,393
"26406",552,470,455,498,436,392
"67803",295,215,258,259,256,235
"72149",514,429,483,455,427,370
"67163",3522,2627,2807,2837,2731,2460
"72047",1760,1330,1344,1589,1342,1257
"56095",2263,1787,1803,1952,1898,1770
"19184",4274,3487,3601,3633,3797,3352
"83796",398,292,336,315,303,292
"75870",4,0,4,4,3,1
"100862279",0,0,0,0,0,0
"14599",1,0,0,0,0,0
"15985",3,3,1,0,1,2
"110880",3016,2344,2142,2466,1933,2148
"75573",32,21,24,33,29,42
"15896",7,4,6,4,8,5
"78943",281,200,194,289,170,213
"100216537",8,8,17,12,10,12
"21763",901,737,706,807,737,666
"18613",2,0,2,2,2,2
"380732",132,102,109,101,91,93
"50776",90,67,61,51,49,68
"13207",9598,7201,7364,8401,7490,6781
"100526469",50,43,36,33,29,20
"320162",251,210,204,225,198,161
"66313",1230,1041,888,1211,876,996
"16647",1220,953,936,997,926,909
"69066",5,11,3,13,11,15
"207165",3091,2313,1833,2591,1663,2243
"100503350",0,0,1,0,1,0
"68979",800,628,613,715,594,560
"100503362",3,0,1,2,0,0
"71795",344,234,235,278,214,253
"100503397",0,0,0,0,0,0
"66997",3204,2639,2460,2648,2605,2338
"442842",0,0,0,0,0,0
"78455",684,520,405,580,424,575
"12299",4429,3841,3558,4383,4379,3861
"54377",2,1,5,3,3,5
"100503414",0,0,0,0,0,0
"140723",0,0,1,0,0,1
"18750",602,474,479,570,409,567
"100862332",0,0,0,0,0,0
"11818",4,0,3,2,2,1
"76380",48,56,37,56,61,49
"100503430",0,0,0,0,0,0
"12006",381,281,308,311,315,305
"268498",0,0,0,0,0,0
"19739",23,24,16,23,10,12
"67927",1,0,0,2,2,0
"100036768",9,7,8,6,5,7
"14674",1424,1016,931,1163,1023,1005
"320509",0,0,1,0,0,1
"13929",703,531,501,595,597,537
"100503496",1,0,1,2,3,0
"104681",64,44,24,56,65,40
"74008",58,61,57,43,56,38
"52639",3785,3231,3135,3315,3196,3075
"19084",30978,26200,24578,26979,25972,23541
"208659",317,211,299,283,305,251
"69324",0,1,0,1,0,0
"73257",0,0,0,0,0,0
"27404",244,172,152,232,156,165
"217258",19,10,14,9,16,9
"217262",5,1,7,5,5,7
"76184",4,4,0,5,2,1
"100862355",0,0,0,0,0,0
"217265",503,396,338,436,317,341
"26399",56,30,35,21,26,28
"16517",1,1,1,2,0,0
"16518",847,589,645,650,698,599
"629967",1,0,0,0,0,0
"217294",0,2,1,2,0,0
"20682",603,462,607,542,601,515
"100038732",2,0,0,0,1,1
"71203",0,0,1,0,0,0
"72386",37,23,38,37,26,31
"319871",0,1,0,0,0,0
"69806",188,151,142,192,154,135
"20606",11,11,4,5,7,3
"16834",859,659,577,701,620,575
"28081",1097,981,1049,1063,1144,943
"276852",234,200,191,232,196,175
"52670",19,8,9,7,5,10
"56699",415,403,351,428,373,361
"237979",13,10,5,9,10,7
"73536",0,0,0,0,0,0
"319819",0,0,0,0,0,0
"67671",2633,2210,2213,2245,2494,2049
"117160",1569,1220,1267,1360,1153,1158
"432611",9,12,13,5,11,6
"286942",76,61,55,81,68,57
"72014",60,41,72,71,65,54
"217302",1,2,2,2,1,2
"70355",6699,5439,4951,5613,4891,4951
"217303",39,19,31,33,27,28
"217304",23,21,27,18,18,18
"387565",363,261,235,317,263,228
"217305",0,0,0,0,0,0
"140497",0,0,0,0,0,0
"629970",0,0,0,0,0,0
"100043123",2,0,0,5,1,1
"100043125",1,1,0,5,0,1
"382551",5,4,1,6,0,2
"217306",2,0,0,1,0,0
"58222",4,2,4,2,4,5
"246746",0,4,3,2,2,0
"26941",518,369,398,336,354,344
"66176",272,228,217,253,267,235
"320534",389,269,269,312,252,278
"14813",0,2,0,1,0,2
"14149",116,82,103,105,90,93
"328035",19,12,16,23,16,11
"237987",1,0,0,0,0,0
"16470",0,1,0,0,0,0
"69602",0,0,0,0,0,0
"217310",1353,1074,1108,1166,1076,1078
"237988",520,347,405,437,398,375
"68572",425,368,420,399,385,357
"71679",2994,2606,2527,2699,2694,2311
"70382",256,225,234,248,205,199
"432613",0,0,0,0,0,0
"100628623",0,0,0,0,0,0
"217316",14,12,14,9,7,13
"276905",65,40,46,56,67,50
"50773",297,292,301,299,318,298
"100503567",0,0,0,0,0,2
"15374",5835,4599,4509,5102,5383,4545
"170930",2157,1630,1626,1902,1815,1562
"445007",520,393,437,467,432,421
"260302",754,651,669,633,624,557
"50529",1176,936,982,1066,1101,977
"69674",179,145,196,168,179,167
"67283",277,250,250,229,258,237
"14784",3721,3106,3166,3078,3261,2890
"100503586",15,8,13,3,13,6
"100043184",166,270,276,304,277,273
"71947",851,626,729,799,693,653
"140721",1019,805,804,866,782,714
"76265",258,222,209,239,198,195
"217325",62,29,49,46,41,42
"217328",7,9,12,5,5,7
"100861625",13,9,13,13,4,7
"170472",406,284,355,360,341,287
"66528",292,206,244,251,295,258
"68528",41,18,19,25,32,18
"57230",752,581,591,679,664,600
"100503650",9,15,14,13,7,13
"192897",106,79,127,116,76,89
"100038636",1,0,5,7,2,2
"14635",767,593,704,665,663,531
"100503677",4,2,7,2,6,10
"15081",20,22,20,18,30,13
"217331",264,191,270,217,212,201
"70450",351,337,297,325,298,295
"22378",2001,1540,1679,1908,1700,1593
"217333",525,483,541,514,554,499
"338364",30,27,17,25,24,26
"60441",1127,935,954,961,988,894
"217335",1052,784,756,929,821,729
"11430",3767,2928,2743,3272,2802,2791
"69535",267,212,239,235,217,195
"69681",9,3,8,8,4,4
"14027",35,24,13,20,26,18
"217337",2703,2335,2452,2549,2334,2228
"14428",110,84,97,80,66,60
"53413",1289,1075,1040,1178,909,935
"15223",4,4,2,2,2,1
"217340",197,184,138,181,129,156
"319370",288,238,330,344,330,248
"217341",1,2,2,0,1,0
"67763",747,574,669,648,721,619
"20698",177,116,119,165,174,128
"217342",1609,1199,1200,1382,1164,1286
"11298",0,1,1,1,0,1
"217344",447,349,372,409,360,332
"114886",63,48,70,83,53,58
"100038570",5,0,7,4,2,1
"66293",76,63,83,71,93,41
"100216536",3,2,2,2,1,2
"100216531",1,0,0,0,1,0
"100216538",0,0,0,0,0,0
"20446",12,8,7,8,5,3
"634720",0,0,0,0,0,0
"193217",0,0,0,0,0,0
"20445",1,0,2,0,0,0
"67622",1328,1038,1110,1209,1157,1091
"107817",1427,1239,1260,1299,1365,1149
"74319",349,283,301,288,293,256
"20382",1734,1391,1530,1516,1563,1363
"69900",1223,856,888,955,941,887
"268510",29,26,21,14,25,29
"76972",109,62,70,81,79,63
"74136",4208,3258,3281,3749,3283,3160
"53860",7323,5763,5960,6268,5928,5733
"78403",7,14,9,14,15,4
"217351",1265,879,795,1042,783,934
"217353",847,712,794,776,657,607
"217356",6,6,8,14,6,9
"77727",4,2,1,0,0,4
"20973",1732,1460,1663,1474,1594,1415
"21877",87,69,58,73,46,53
"71562",176,145,158,151,134,106
"11799",13,11,18,15,25,12
"546519",0,0,0,0,0,0
"71776",26,26,31,31,27,17
"100503754",0,0,0,3,0,2
"12702",124,86,122,108,109,71
"100861684",0,0,0,2,0,0
"74451",1019,862,839,895,909,854
"69926",25,15,28,8,19,8
"791367",6,1,5,1,5,5
"100503797",0,0,0,0,0,1
"19157",627,553,573,549,544,488
"72344",756,587,642,689,610,518
"21858",19151,15010,15004,17770,15621,15595
"58251",86,61,36,47,46,43
"100861706",0,0,0,0,0,0
"19039",234,176,186,164,115,227
"76025",650,561,637,590,575,537
"56745",23,20,27,9,15,22
"100126224",0,0,0,0,0,0
"217364",81,86,87,97,73,68
"52897",3,3,2,3,1,2
"238011",0,0,0,0,0,0
"12416",133,105,109,129,120,136
"30951",122,89,107,94,91,88
"12418",304,258,266,273,263,205
"207592",658,528,492,540,484,467
"207607",2,5,8,4,3,4
"14387",7436,5923,6172,6727,5993,6071
"192170",2057,1757,1692,1816,1858,1697
"170720",41,34,33,48,40,25
"27029",232,124,157,236,167,182
"268512",164,108,140,137,148,103
"100316690",1,1,1,0,2,3
"672511",486,379,231,510,192,492
"338371",331,251,269,329,298,236
"18164",1602,1249,1233,1312,1089,1202
"100503830",6,5,6,4,4,3
"74370",3686,3121,2679,3259,2596,2851
"319454",4,3,1,1,1,3
"208092",340,268,251,289,288,304
"100861714",0,0,0,0,0,0
"108100",210,177,167,227,179,181
"11302",102,105,108,135,129,103
"723844",0,0,0,0,0,0
"100526518",0,0,0,0,0,0
"12009",543,400,506,428,461,355
"78777",365,251,278,271,320,235
"208501",125,117,102,127,143,124
"72055",3098,2510,2710,2968,2720,2571
"100861721",0,1,1,1,2,0
"76377",15,13,13,12,23,12
"100042332",37,34,40,32,44,35
"268515",546,422,371,535,359,402
"100503912",6,5,8,8,9,5
"100503938",2,0,2,3,4,0
"11465",7535,5349,5969,6399,6023,5126
"66838",17,21,28,21,25,19
"238021",18,8,14,12,6,13
"71885",209,154,182,187,150,168
"217365",4190,3421,3204,3605,3192,3298
"208634",1,0,0,0,0,0
"18588",7,2,1,4,1,4
"66431",73,55,71,77,83,79
"67291",294,217,262,284,235,199
"70317",272,229,243,231,232,183
"15239",1893,1506,1450,1754,1620,1545
"56282",946,774,835,844,835,810
"100861766",2,0,5,1,0,2
"27376",515,438,423,355,401,347
"667716",0,0,0,0,0,0
"14527",0,2,0,1,0,0
"192173",855,741,793,850,822,723
"68701",122,93,131,93,115,104
"100504013",3,0,0,3,1,0
"18453",6319,4948,4928,5686,4910,4801
"192662",6123,5067,5190,5860,5552,5238
"21681",491,417,402,448,457,379
"66156",500,399,384,372,502,331
"208990",1,1,4,1,1,0
"68671",1597,1216,1347,1409,1360,1247
"209011",260,203,288,233,261,218
"17134",794,593,575,671,574,571
"100504040",49,39,34,45,52,32
"209027",252,174,183,196,192,189
"68515",251,202,240,239,229,244
"77583",5,4,4,1,3,8
"68938",570,456,476,542,569,473
"20892",228,175,226,214,223,170
"217366",397,310,380,361,344,238
"170758",53,31,45,47,30,39
"67880",213,125,145,185,167,175
"12409",78,72,66,56,40,52
"111241",883,729,799,906,897,746
"19719",507,373,487,430,428,372
"209318",1939,1478,1588,1717,1698,1590
"68730",643,509,519,572,557,498
"100861787",2,0,1,0,3,0
"14104",5226,3585,3257,4489,3086,3807
"71276",107,85,96,110,69,76
"80879",908,760,1096,886,955,921
"104318",2742,2268,2277,2406,2268,2135
"12516",0,0,0,0,0,0
"58210",1,0,0,0,0,0
"209588",8,7,5,5,8,9
"637008",8,5,6,4,3,4
"70956",0,0,0,0,0,2
"73679",0,0,0,0,0,0
"217369",34,21,27,31,45,27
"66179",153,118,146,119,136,116
"238023",354,362,344,365,397,377
"217370",382,290,312,358,320,287
"67608",2145,1756,1715,1992,1641,1840
"68837",1984,1673,1666,1865,1728,1709
"66840",1130,982,942,1106,1016,855
"217371",2158,1778,1701,1992,1792,1818
"238024",464,318,406,347,431,344
"63828",1216,970,996,1187,1111,884
"108903",1505,1149,1264,1328,1147,1052
"319530",10,5,9,12,11,12
"210004",113,84,78,108,108,73
"210029",289,277,274,291,316,250
"74675",0,0,0,0,0,0
"674842",0,0,0,0,0,0
"74173",137,83,107,104,73,79
"19325",5768,4688,4527,5264,4762,4623
"16570",1212,929,996,1040,866,963
"100043040",192,133,121,168,138,119
"75302",1041,805,738,967,596,743
"13528",97,64,79,80,74,85
"100503871",18,8,14,13,12,7
"13435",1131,880,869,974,780,850
"100038522",2,1,0,0,1,2
"18976",12,9,6,13,9,8
"668212",225,157,171,217,169,207
"217378",496,469,395,453,371,394
"104111",152,119,122,143,113,144
"52504",41,38,28,29,31,28
"69709",59,64,50,59,52,48
"17977",1110,901,728,903,760,894
"100041995",0,2,0,0,0,0
"100042014",43,24,25,31,40,33
"20403",1396,1063,864,1148,850,947
"74855",2,2,3,0,2,1
"207921",9,14,17,20,19,15
"382562",10,12,15,18,12,27
"626534",174,118,148,162,169,155
"66055",584,428,507,549,525,465
"14226",28,21,33,31,35,24
"238037",208,162,138,202,141,165
"432628",8,10,6,14,6,5
"217379",960,774,648,873,736,715
"320817",768,599,559,696,462,535
"208439",336,251,250,298,261,280
"72669",10,16,11,15,13,13
"672098",0,0,0,0,0,0
"73575",0,0,0,0,0,0
"238055",5,1,1,1,1,1
"68832",634,477,485,530,503,509
"238057",1,4,3,3,3,1
"58240",459,368,368,453,400,407
"724112",15,10,16,8,3,6
"11852",7055,5653,5741,6340,6279,5402
"328059",32,25,15,24,14,26
"80913",3289,2634,2367,3005,2469,2501
"208941",0,1,2,1,0,1
"20969",639,473,589,609,557,557
"100862277",0,0,0,0,0,0
"319503",0,0,0,0,0,0
"17775",14693,11533,12121,12311,11836,11292
"17182",12,6,12,11,6,7
"74682",1176,931,922,911,734,795
"75516",44,35,48,44,46,37
"69420",0,0,0,0,0,0
"23967",68,44,74,70,80,65
"70881",2,1,2,1,3,1
"105014",406,309,323,361,394,366
"238074",4,1,0,0,1,1
"71457",0,0,0,0,0,0
"238076",0,5,1,0,1,0
"56184",0,0,0,0,0,0
"73304",0,0,0,0,0,0
"209334",21,11,11,10,8,15
"67241",1612,1095,1125,1294,1121,1143
"26950",8,4,5,5,2,4
"74712",0,0,0,0,0,0
"209550",0,0,0,0,0,0
"628327",0,0,0,0,0,0
"627110",17,14,8,13,8,19
"76820",703,494,485,530,412,463
"70858",0,0,0,0,1,0
"18109",2,4,4,7,1,1
"104721",3996,3094,3256,3444,3112,3091
"71169",775,538,438,582,433,475
"105005",40,34,43,38,44,26
"791361",0,0,0,0,0,0
"73972",0,0,0,0,0,0
"217410",492,329,372,450,374,376
"14245",1197,918,991,1138,985,1003
"18217",5,3,7,5,5,8
"268527",181,151,137,151,109,123
"50496",1552,1327,1291,1395,1268,1211
"19878",9772,7688,6552,8329,5946,7100
"217430",238,179,161,187,206,179
"73667",3,7,8,5,5,2
"382571",291,245,292,369,293,266
"71853",5622,4488,4427,5184,4925,4244
"68775",50,48,34,42,51,33
"217431",542,440,473,533,465,406
"100526470",0,0,0,0,0,0
"100503365",0,0,0,0,0,0
"18263",3318,2671,2625,3071,2979,2414
"53602",805,596,687,760,722,628
"668525",63,66,65,66,61,66
"245297",1,0,1,0,0,1
"668539",0,0,0,0,0,0
"100043324",178,182,148,187,192,160
"236366",5,5,4,5,3,4
"668558",5,0,1,3,0,2
"668413",0,0,0,0,0,0
"546524",5,0,1,5,2,1
"544848",5,6,5,4,7,6
"629055",0,0,0,0,0,0
"100042706",0,0,0,0,1,0
"100042727",0,0,0,0,0,0
"668605",0,0,0,0,0,0
"100861711",7,3,4,2,4,3
"668455",47,30,37,32,34,25
"100503846",0,0,0,0,0,0
"675713",5,1,2,1,0,3
"69513",19,21,36,22,28,17
"382686",25,23,33,23,28,20
"100503913",0,0,0,0,1,0
"211914",346,288,252,279,230,263
"16413",385,293,304,319,344,327
"54451",858,699,723,764,724,652
"67732",317,211,262,250,240,207
"11491",1481,1142,1127,1213,1048,1067
"22630",1397,1005,1140,1284,1174,1081
"100043407",8,4,11,6,11,6
"628850",0,0,0,1,3,0
"434693",8,2,5,7,8,4
"100043416",0,0,0,1,0,0
"69732",1,3,0,3,0,1
"100862386",0,1,1,0,2,1
"668662",0,0,0,2,0,0
"100861601",0,0,2,2,4,0
"66808",7,4,7,4,4,5
"668714",2,1,3,2,1,0
"21340",170,145,124,159,140,121
"195733",19,16,12,18,12,7
"194655",142,100,130,154,112,129
"12879",21,12,21,12,25,7
"20135",524,396,368,437,365,360
"100861907",0,0,0,0,0,0
"67216",1507,1250,1104,1286,1262,1203
"77480",6038,4525,4187,5077,3554,4302
"15902",120,92,123,105,113,111
"432641",0,0,0,0,0,0
"100502727",0,0,0,0,0,0
"74930",0,1,0,0,0,0
"108089",3,2,6,5,5,2
"58185",40,23,21,43,27,37
"22169",15,10,10,26,15,23
"100504347",0,0,0,0,0,0
"636791",0,0,0,0,0,0
"20666",1706,1286,1379,1773,1625,1329
"328069",0,0,0,0,0,0
"68511",16,18,8,19,15,18
"94041",2,1,0,2,0,0
"71693",3,3,1,2,3,2
"20115",8651,6797,6646,7075,7494,6367
"19819",182,131,156,169,163,185
"104923",672,523,581,586,553,552
"217449",453,337,364,429,354,318
"380752",329,220,241,233,301,233
"100504402",0,0,0,0,0,0
"17933",8,5,3,7,4,3
"328075",0,0,0,0,0,0
"69675",1255,867,905,1120,821,891
"22018",0,2,0,0,0,0
"268534",0,0,0,0,1,0
"69566",0,0,0,0,0,0
"211986",246,171,179,186,194,133
"100294583",0,0,0,1,0,1
"11431",1098,900,831,1007,963,791
"24057",67,28,44,40,55,46
"104943",45,48,37,56,53,39
"629667",0,0,0,0,0,0
"16777",3963,2737,2746,3389,2678,2909
"13382",4136,3363,3381,3546,3440,3326
"13487",1,0,0,0,0,0
"104836",394,306,279,335,239,249
"23985",0,0,0,0,1,0
"12033",313,249,221,330,320,269
"71916",48,31,36,61,52,33
"238123",224,224,131,287,182,206
"73010",0,0,4,0,0,1
"73389",1912,1508,1374,1658,1463,1467
"19088",214,141,151,186,165,167
"100504461",1,0,0,0,0,0
"30955",3,2,3,1,0,0
"100504475",0,0,1,0,1,0
"72123",133,131,121,116,145,115
"59027",561,411,490,576,434,520
"100504486",17,4,13,8,3,6
"74076",51,28,34,33,32,11
"19027",6254,4606,4625,4884,4267,4315
"68764",6,3,4,5,6,7
"320046",64,40,36,59,29,39
"380753",235,141,138,181,155,138
"100504517",2,0,0,2,0,0
"75040",0,0,0,0,0,0
"28071",234,160,161,194,210,175
"114712",0,0,0,0,0,0
"22160",50,46,53,48,57,43
"100861990",66,55,38,72,46,54
"79221",401,324,300,417,313,345
"75456",0,0,2,0,2,0
"217463",1770,1436,1216,1418,1170,1276
"100169866",3,3,1,6,1,2
"751520",0,0,0,0,0,0
"11622",159,128,120,159,124,123
"71581",0,0,0,1,0,1
"403205",0,0,0,0,0,0
"23795",0,0,0,0,0,0
"66109",2578,2195,2388,2317,2171,2273
"100862018",1,1,3,0,3,2
"432649",4,3,1,5,4,2
"66912",1425,1121,1208,1268,1353,1211
"217473",275,190,224,210,172,200
"71156",8,5,9,6,4,9
"66042",0,0,0,0,0,0
"75847",80,84,59,85,87,84
"100628578",0,0,0,0,0,0
"17286",2,1,0,0,0,0
"319660",6,1,2,1,0,2
"217480",5,2,1,2,4,1
"73867",0,0,0,0,0,0
"14009",421,305,297,372,227,276
"11861",711,558,494,574,542,427
"20259",4,5,6,9,6,5
"380755",47,35,40,38,42,34
"15982",873,636,662,808,790,634
"100316693",3,6,5,5,5,4
"629820",12,3,10,7,6,0
"246196",207,152,206,173,191,168
"238130",260,181,138,242,135,174
"93757",36,30,53,43,54,36
"16981",41,32,18,30,22,23
"27362",923,741,703,827,771,707
"100039062",1,0,1,2,0,1
"67452",1324,1025,985,1111,904,955
"319504",237,203,175,259,179,183
"217517",29,18,9,14,12,19
"664883",10,10,15,6,11,6
"217536",160,115,150,129,153,112
"15228",542,326,385,454,435,385
"67293",65,36,47,45,48,62
"620583",4,2,2,9,8,3
"69054",0,0,0,0,0,0
"18760",259,256,222,193,196,200
"217558",125,93,93,124,92,83
"76983",920,709,702,796,716,699
"12810",12,5,6,4,7,3
"94186",6915,5342,4984,5702,4985,4987
"11782",271,249,266,299,305,228
"207304",9049,6820,5516,7709,5061,6743
"544864",94,68,70,92,74,79
"320487",885,723,603,756,563,691
"328092",112,100,116,106,125,119
"14762",0,0,0,0,0,0
"76826",53,49,40,71,83,43
"11855",1346,956,733,1121,775,933
"73278",0,0,0,0,0,0
"238161",9395,6955,5484,8301,4859,6862
"27386",23,12,14,11,11,17
"67335",0,0,0,0,0,0
"112407",787,627,1035,966,946,808
"665239",0,0,0,0,0,0
"100038648",0,0,0,0,0,0
"104725",387,269,283,345,333,266
"100316682",0,0,0,0,0,0
"66266",442,355,409,422,431,376
"72183",1090,853,893,986,951,721
"12632",14253,11697,11839,12436,12129,11259
"217578",1115,940,773,985,779,833
"72658",75,53,63,71,57,53
"665137",3,0,1,1,3,1
"24067",4575,3654,4103,4357,4142,3774
"73385",1112,920,799,1111,1051,685
"100039815",81,56,61,57,82,50
"665155",4830,3897,4055,4059,3775,3404
"100101807",1185,944,969,1162,1075,934
"100039830",77,56,67,61,82,53
"100101806",3265,2709,2329,2979,2590,2667
"100503822",56,37,39,38,37,45
"59032",656,502,518,601,523,536
"66132",310,204,162,248,234,176
"26443",2078,1673,1598,1664,1660,1504
"18035",289,208,260,306,289,222
"79459",1,0,1,2,1,1
"56856",0,0,0,0,0,0
"56784",1236,852,742,1036,659,895
"52592",569,465,471,451,412,386
"100503961",0,0,0,0,0,0
"217588",119,95,80,103,92,94
"621837",5,3,6,2,7,5
"104798",0,0,0,0,0,0
"21869",1,0,0,0,0,0
"97836",0,0,0,0,0,0
"18094",4,5,2,1,3,2
"18511",3,2,6,7,2,8
"217593",10,3,1,5,6,3
"328099",454,327,408,415,362,337
"73490",77,58,47,63,68,57
"100504018",0,0,0,0,0,0
"100040044",0,0,0,0,0,0
"15375",1,3,2,0,0,1
"70846",1,0,0,0,2,0
"100504027",0,0,0,0,0,0
"100503562",0,0,0,0,0,0
"20605",1,0,2,1,0,0
"66864",94,74,70,88,101,68
"100504043",9,3,1,0,2,1
"20334",3570,2785,2682,3086,2559,2738
"66603",94,86,89,71,85,69
"78232",638,493,477,507,582,507
"18949",1567,1136,1398,1298,1214,937
"338320",0,0,0,0,0,1
"217615",1359,1053,1033,1145,1078,914
"70611",144,106,96,125,125,113
"100504078",0,0,0,0,0,0
"100504101",0,0,0,0,0,0
"238205",2,0,0,2,0,1
"73309",0,0,0,0,0,0
"623046",0,0,0,0,0,0
"217648",37,40,21,44,24,20
"66689",368,266,190,299,168,269
"328108",669,538,405,563,440,494
"328110",660,503,509,538,449,378
"30795",2510,2236,2149,2322,2315,2095
"104806",298,209,155,223,121,177
"217653",11,4,6,13,2,5
"70948",0,0,0,0,0,0
"238217",0,0,0,0,0,0
"320772",7,2,2,9,3,7
"100316870",0,0,0,0,0,0
"20090",2075,1614,1761,1855,2086,1804
"69706",1,1,0,0,0,0
"66483",2281,1872,1912,2014,2163,1816
"217664",811,572,647,715,766,722
"109065",54,37,50,46,34,50
"414085",49,33,53,33,42,39
"18974",16,20,5,11,5,11
"271005",136,133,132,124,117,97
"69554",2334,1799,1751,2102,1902,1778
"66244",1917,1416,1514,1486,1504,1307
"11845",1169,798,1037,1010,1034,964
"76062",0,1,0,0,0,0
"207965",105,87,99,95,117,79
"20663",1396,1105,939,1179,941,1093
"217666",393,269,303,271,280,262
"68055",120,112,113,115,134,108
"71091",28,22,12,22,19,17
"751538",0,0,0,0,0,0
"74724",1,1,1,2,1,1
"399510",971,727,772,820,718,713
"70934",6,0,3,1,4,1
"73991",65,42,56,58,43,42
"100040999",6,4,6,3,4,0
"64010",1102,850,933,950,955,854
"18080",488,367,285,462,301,391
"791312",1,1,1,0,1,1
"100504285",0,0,0,0,0,0
"110095",24,22,28,36,27,28
"414124",0,0,0,0,0,0
"94090",7,1,11,3,8,2
"72736",489,374,369,424,337,338
"100861697",4,2,4,5,9,0
"319710",1347,980,1018,1187,1055,1010
"56444",1643,1343,1364,1323,1483,1265
"19167",1866,1496,1533,1579,1618,1336
"73204",75,56,61,62,79,64
"238247",596,457,504,527,470,473
"75266",1,0,0,0,1,0
"30056",379,279,344,318,357,284
"76967",180,152,133,179,111,141
"59036",134,101,122,103,86,95
"67348",2,0,0,0,0,0
"73815",2,0,0,0,0,0
"208846",1651,1311,1194,1466,1134,1225
"238252",3,6,5,3,1,2
"67217",99,70,70,87,59,70
"104771",510,400,438,414,491,403
"73936",0,0,3,0,0,0
"104001",13,15,24,19,23,11
"78257",12,10,11,12,11,12
"67708",470,366,380,408,319,349
"66375",529,485,538,470,527,446
"19042",2240,1853,1769,2003,1862,1693
"100861726",0,2,0,0,0,0
"75801",10,8,5,9,4,9
"20476",0,0,0,0,1,1
"20471",2624,2170,2065,2286,2128,2118
"20474",816,627,592,754,590,590
"17420",713,603,655,644,668,489
"76357",179,125,144,146,156,124
"625098",237,159,185,178,188,115
"380765",26,17,20,33,30,26
"238257",239,144,183,228,191,168
"73644",38,33,54,37,41,22
"18755",11,5,8,7,8,8
"666385",1,1,1,1,2,0
"15251",2426,1811,1628,2265,1729,1929
"100504452",0,0,2,0,1,0
"277089",1,1,0,1,4,7
"75627",471,335,353,422,388,350
"238266",1,3,2,3,2,1
"100504476",0,0,0,0,0,0
"74284",1,3,0,0,2,1
"386753",1,2,2,2,0,1
"238271",0,1,1,0,0,0
"80837",165,100,121,148,132,97
"217674",0,0,0,0,1,0
"26932",893,729,674,848,734,707
"72338",60,39,54,73,60,49
"665931",0,0,0,0,0,0
"81535",357,254,270,318,331,253
"319565",66,49,32,54,44,36
"100628610",0,0,0,0,0,0
"13983",1,0,0,1,0,2
"80384",0,0,0,0,0,0
"108156",775,574,529,705,600,670
"238276",31,13,19,16,20,23
"109929",162,127,131,109,114,113
"268564",549,431,455,518,404,469
"100504512",2,2,7,5,1,1
"15512",621,519,519,509,546,531
"210762",3,2,2,3,3,7
"100041694",4,2,4,6,0,3
"100628604",0,0,0,1,0,0
"263406",294,182,178,238,182,185
"100504549",2,3,1,0,2,0
"20741",2694,2122,1703,2242,1598,2052
"211151",301,247,229,254,263,188
"14776",0,0,0,0,0,0
"104886",82,73,77,75,68,75
"110606",360,295,285,318,317,287
"17187",726,505,554,676,653,529
"53618",527,384,428,429,430,363
"626215",0,0,0,0,0,0
"268566",354,281,267,363,294,285
"70897",1,0,2,0,1,1
"56217",1619,1159,1092,1374,1014,1112
"73834",3050,2607,2424,2634,2592,2352
"13665",2375,1798,1707,1943,1830,1782
"27260",3,0,3,2,2,2
"268567",195,151,160,176,175,152
"211945",663,557,482,535,450,465
"110417",113,75,81,88,68,75
"11847",3,5,1,3,2,4
"53612",1407,1120,1161,1218,1368,1099
"17252",274,172,205,271,223,203
"77974",5,4,1,2,2,2
"211978",792,593,526,740,450,590
"19363",88,85,74,86,82,73
"12192",2113,1567,1789,1782,1686,1355
"69548",225,170,192,202,207,194
"109711",6503,4935,5136,6268,5352,5161
"320808",2785,2293,1972,2256,2058,1957
"100217447",0,2,0,1,0,0
"97827",539,453,395,446,365,385
"69522",1,0,0,0,1,0
"108760",21,19,22,17,26,11
"13877",1148,811,917,1000,1108,843
"328133",729,487,531,622,500,522
"68354",0,1,0,0,0,0
"217682",1,0,1,0,0,0
"380768",1,1,2,2,0,0
"217684",4521,3529,3516,4004,3576,3478
"67340",0,0,0,0,0,0
"100504661",6,5,4,6,9,7
"20384",3817,2880,3240,3249,3403,2694
"20493",1,2,5,0,2,1
"64075",41,29,25,29,38,30
"100526532",0,0,0,0,0,0
"110893",784,595,592,720,583,568
"100042143",2,0,0,1,0,0
"214321",8,13,6,6,2,3
"11498",8,8,9,6,4,3
"66272",296,231,253,253,267,232
"100504690",0,0,0,0,0,0
"24071",1250,957,920,948,848,822
"56622",1,1,0,0,1,1
"69792",314,240,284,277,286,226
"100504704",6,0,0,1,1,1
"69480",2675,2293,2087,2459,2349,2128
"338372",597,497,367,508,354,421
"54604",2648,2043,1649,2221,1412,1991
"217692",2145,1796,1582,2048,1474,1752
"50779",12,4,10,8,10,4
"791340",0,1,0,0,0,0
"74283",0,0,0,0,0,0
"70127",31,27,36,43,33,32
"73828",523,441,402,456,437,447
"217695",856,608,586,765,636,608
"67039",3663,2895,3017,2968,3062,2705
"19164",1716,1354,1284,1506,1237,1227
"170721",4,0,2,1,3,1
"18222",292,239,235,284,198,215
"71952",106,104,103,109,122,113
"171210",249,206,215,249,250,217
"26897",48,10,30,36,31,21
"171282",13,7,13,11,9,8
"171281",0,0,0,0,0,0
"217698",0,0,0,0,0,0
"217700",106,66,74,99,73,94
"105000",1960,1524,1494,1536,1348,1277
"70481",41,37,34,37,38,37
"238317",1165,888,885,1024,800,838
"100502697",0,0,1,0,0,0
"77219",1969,1474,1448,1734,1503,1500
"52708",424,348,396,426,376,306
"217705",78,61,57,60,63,32
"217707",329,276,254,295,285,257
"12499",366,295,328,340,251,270
"72873",30,28,23,23,20,23
"66381",303,199,253,248,257,232
"104776",417,296,322,373,321,323
"100861863",0,0,0,0,0,0
"217708",108,79,96,82,96,73
"12677",0,0,0,0,0,0
"19300",557,376,444,446,412,397
"432677",0,0,0,0,0,0
"627191",0,0,3,4,2,0
"67963",4107,2798,3251,3596,3684,3064
"74316",403,309,378,427,411,368
"16997",1897,1186,1228,1730,1352,1558
"100303738",7,15,4,13,11,6
"68497",1484,1120,1086,1395,1045,1109
"73736",433,345,310,393,433,314
"56531",1522,1174,1076,1310,980,1150
"100502763",9,1,8,1,1,2
"73422",14,18,10,11,7,5
"78920",5778,4805,4581,5097,4629,4488
"238323",9,5,4,4,8,5
"18654",33,26,38,20,36,32
"217715",1455,1132,1230,1265,1283,1129
"217716",414,277,282,345,298,374
"66204",142,113,99,114,118,92
"72350",70,62,53,70,72,38
"217718",3558,2704,2643,2987,2587,2772
"100502783",0,0,0,0,0,0
"68581",2688,2203,2149,2299,2079,2016
"14281",2410,1749,1859,1806,1759,1305
"81703",500,359,360,459,461,351
"53314",0,0,0,0,1,0
"217721",78,49,66,54,48,57
"58520",189,146,150,202,166,153
"320244",631,542,538,648,495,579
"21809",7351,6130,6370,6893,6504,5961
"100861892",7,12,4,10,5,8
"76411",423,359,394,382,400,364
"328136",0,0,0,0,0,0
"70373",542,457,378,509,415,365
"26380",551,478,428,474,459,490
"238328",581,564,492,571,535,478
"68737",319,248,280,248,272,251
"627607",0,0,0,0,0,0
"238330",2469,1973,2183,2293,2238,2012
"217732",1275,1029,989,1118,981,1022
"238331",0,0,0,3,2,0
"217733",2,2,3,2,1,0
"64242",5,2,3,0,1,0
"217734",373,244,325,330,314,284
"14874",402,335,326,400,379,348
"382620",313,244,206,261,198,208
"238333",24,14,19,20,13,13
"71275",16,11,15,21,19,19
"104799",411,300,336,375,365,346
"217737",3164,2612,2668,2687,2707,2565
"217738",0,0,0,0,2,1
"20773",406,309,358,408,374,377
"211064",229,160,164,175,187,177
"100526546",0,1,1,2,1,2
"654309",10,10,7,11,10,8
"380773",302,231,252,265,266,209
"66354",1646,1317,1410,1423,1389,1261
"666806",1,0,0,0,0,0
"193322",0,0,0,0,0,0
"100042776",2,0,0,0,1,0
"100042786",0,0,0,0,0,0
"100862206",0,0,0,0,0,0
"100861908",0,0,0,0,0,0
"100861898",0,0,0,0,0,0
"544881",2,0,2,0,1,0
"100038992",0,0,0,0,0,0
"100038982",0,0,0,0,0,0
"100039042",0,0,0,0,0,0
"100039052",0,0,0,0,0,0
"100039076",0,0,0,0,0,0
"100039087",0,0,0,0,0,0
"100039100",0,0,0,0,0,0
"100039162",0,0,0,0,0,0
"100039129",1,1,1,0,0,0
"667350",3,3,2,7,2,2
"546543",0,0,0,0,0,0
"100039315",0,0,0,0,0,0
"666862",0,0,0,0,0,0
"435337",1,0,0,0,0,0
"633093",0,0,0,0,0,0
"266459",0,0,0,0,0,0
"100503047",0,0,0,0,0,0
"72113",210,156,158,139,122,152
"71818",6,7,2,4,7,2
"18191",673,564,665,522,575,545
"13371",1803,1678,1581,1534,1273,1421
"75216",36,23,26,22,18,27
"71349",0,0,0,0,0,0
"22095",7,5,4,6,7,10
"83602",589,406,513,515,537,434
"108800",227,183,134,220,125,189
"666955",0,0,0,0,1,0
"20338",3102,2256,2078,2530,2156,2250
"399558",884,672,574,789,620,690
"100862089",0,0,0,0,0,0
"69423",0,0,0,0,0,0
"14420",297,247,255,303,261,238
"14744",0,0,0,0,0,0
"72258",20,5,6,10,13,5
"104871",77,66,65,89,71,75
"24000",5912,4942,4728,5106,4318,4783
"75553",2283,2008,1853,2033,1819,1803
"319670",170,122,120,122,96,91
"76260",165,125,126,151,147,131
"67639",2,0,0,0,0,0
"71375",497,336,281,378,309,388
"100503855",0,2,1,0,1,0
"100503812",0,0,0,0,0,0
"73457",0,1,0,0,0,0
"78767",4,0,5,6,3,1
"104884",184,144,162,149,150,185
"217826",365,263,226,362,347,271
"19179",5528,4491,4559,4773,4753,4262
"217827",287,236,253,243,241,234
"100038378",3,1,5,4,4,3
"12313",6161,4915,4831,5586,5138,4778
"100861669",0,0,0,0,0,0
"100038713",1,3,0,1,2,2
"104718",1407,1193,1206,1274,1098,1195
"73086",263,221,240,249,170,212
"100040123",16,12,10,7,15,19
"217830",495,328,342,462,364,365
"667148",0,0,1,1,1,1
"238377",35,45,32,24,26,43
"68339",2045,1502,1333,1671,1171,1330
"100038467",0,0,0,2,0,0
"100316805",0,0,0,0,0,0
"68734",951,719,731,768,697,663
"319760",8,6,12,6,14,10
"74947",0,0,0,0,0,0
"271036",0,0,0,0,0,0
"74413",0,0,0,0,0,0
"23876",232,199,191,226,225,238
"109181",1044,692,498,818,435,718
"100504056",51,25,26,33,40,32
"110616",389,257,273,326,266,248
"100040297",606,490,502,577,524,514
"51786",1395,1067,1025,1131,1016,1008
"238384",299,197,164,214,183,193
"217835",1354,1174,1194,1226,1052,1094
"19141",3363,2645,2772,2787,2720,2429
"27277",1191,892,1003,1106,979,902
"12652",13,4,9,11,3,4
"217837",129,124,115,129,118,105
"100504113",0,0,0,0,0,0
"100316812",0,0,0,0,0,0
"100859931",0,1,3,2,4,2
"64113",1,0,1,0,0,0
"320351",145,149,154,164,142,143
"100233175",149,115,95,118,119,101
"66622",612,413,433,517,449,474
"238386",774,581,438,653,433,618
"75483",0,0,0,0,0,0
"217843",14,9,13,15,9,3
"170952",0,1,0,0,2,0
"100504156",0,0,1,1,2,0
"65256",3908,3417,3962,3969,3696,3516
"68149",428,347,323,371,355,327
"27225",3010,2511,2294,2750,2308,2506
"52668",459,362,417,355,329,427
"76933",0,0,0,0,1,0
"217845",0,0,7,5,1,0
"74521",27,20,22,20,27,20
"217847",0,0,0,0,0,2
"12401",1,1,2,0,3,1
"194604",1,0,0,1,0,1
"68348",0,0,0,0,0,0
"20701",0,0,0,0,0,0
"20703",0,0,0,0,0,0
"20700",0,0,1,0,0,2
"20702",0,0,1,0,0,0
"20704",6,4,8,5,2,3
"380780",0,0,1,1,0,0
"71907",52,41,40,36,44,33
"68054",26,28,23,16,41,22
"321018",0,0,0,0,0,0
"268591",0,0,0,0,0,0
"74069",0,0,0,0,0,0
"271047",0,0,0,0,0,0
"16625",10,25,12,10,10,17
"238393",3,1,1,2,0,1
"20715",15,10,10,24,13,11
"546546",15,19,18,35,23,17
"628900",2,7,7,3,2,4
"238395",0,0,0,0,0,2
"20714",0,0,0,0,0,0
"100504264",0,0,0,0,0,0
"20717",1,0,0,0,0,0
"20716",73,66,42,75,58,57
"14836",0,2,0,1,1,1
"791311",1,0,0,0,0,0
"192119",1448,1156,964,1313,953,1136
"100504301",11,6,10,5,1,7
"94040",88,75,70,97,70,85
"212073",207,148,121,185,148,144
"69434",20,12,12,7,2,5
"100306943",0,0,0,0,2,0
"100526471",0,0,0,0,0,0
"73046",1,0,0,0,0,0
"100504315",0,0,0,0,0,0
"27381",4,0,0,0,1,1
"27379",10,6,12,10,3,11
"27382",0,0,0,0,0,0
"27378",0,0,0,0,0,0
"27380",0,0,0,0,0,0
"21432",0,0,0,0,2,0
"69952",2,0,1,1,0,0
"100040339",0,0,0,0,0,0
"268595",66,66,56,81,55,57
"12062",39,28,26,29,39,32
"12061",34,38,31,36,38,31
"76559",1422,1001,972,1215,861,1031
"66787",580,496,476,509,478,444
"78801",2,2,3,0,3,0
"18789",3863,3110,2688,3482,2624,2858
"100503099",0,0,0,0,0,0
"22367",100,76,70,110,103,77
"76639",0,0,0,0,0,0
"71033",0,0,0,0,0,0
"73160",0,0,0,0,0,0
"74968",0,0,0,0,0,0
"58208",1,3,4,5,3,0
"100503150",0,0,0,0,0,0
"52690",3298,2621,2637,2649,2633,2502
"12454",1085,892,833,1042,833,870
"668158",58,42,47,68,40,63
"100861813",1,2,6,3,1,0
"214305",15,20,15,27,19,15
"13116",128,105,151,129,128,127
"68519",224,175,170,221,178,193
"100504467",1,3,1,0,5,1
"14026",282,247,260,296,293,217
"723909",0,0,0,0,0,0
"70059",11,11,11,18,10,9
"22632",999,849,823,926,915,797
"214663",65,58,76,62,57,70
"100503195",19,10,8,12,12,16
"723946",2,1,4,4,2,2
"104910",48,33,25,25,28,15
"22375",1518,1233,1167,1424,1346,1243
"212198",77,65,60,64,69,72
"380785",24,32,24,18,28,28
"13386",7,5,1,6,10,1
"17263",2103,1622,2449,1675,1743,1184
"100316809",0,0,0,0,0,0
"791079",0,0,0,0,0,0
"751547",0,0,0,0,0,0
"100124466",0,0,0,0,0,0
"723843",0,0,0,0,0,0
"723880",0,0,0,0,0,0
"751555",0,0,0,0,0,0
"100526472",1,0,0,0,0,0
"100526519",0,0,0,1,0,0
"353326",4,3,4,6,6,7
"723866",0,0,0,0,0,0
"76880",0,0,0,0,0,0
"723937",0,0,0,0,0,0
"387146",0,0,0,0,0,0
"723867",0,0,0,0,0,0
"100316735",0,0,0,0,0,0
"100526473",0,0,0,0,0,0
"387154",0,0,0,0,0,0
"75745",2378,2054,2178,1809,1839,1563
"100316669",1,0,0,0,0,0
"723854",0,0,0,0,0,0
"449562",3,1,0,1,1,2
"449561",1,0,0,1,0,0
"100861570",0,1,1,1,0,1
"100303647",54,62,60,37,50,44
"100861571",0,0,0,1,0,0
"100303646",0,0,0,0,0,0
"100861572",1,0,3,1,0,1
"100124461",0,0,0,0,0,0
"723858",0,0,0,0,0,1
"723936",0,0,0,0,0,0
"723927",0,0,0,0,0,0
"723859",0,0,0,0,0,0
"100316751",0,0,0,0,0,0
"723839",0,0,0,0,0,0
"791071",0,0,0,0,0,0
"723842",0,0,0,0,0,0
"723878",0,0,0,0,0,0
"751539",0,0,0,0,0,0
"100316673",0,0,0,0,0,0
"751521",0,0,0,0,0,0
"723881",0,0,0,0,0,0
"751522",0,0,0,0,0,0
"751552",0,0,0,0,0,0
"723856",0,0,0,0,0,0
"100124453",0,1,0,0,0,0
"723934",0,0,0,0,0,0
"723855",0,0,0,0,0,0
"723833",0,0,0,0,0,0
"723935",0,0,0,0,0,0
"723940",0,0,0,0,0,0
"723917",0,0,0,0,0,0
"100124450",0,0,0,0,0,0
"723912",1,5,2,2,1,0
"387152",1,0,0,0,0,0
"751523",0,1,0,0,0,2
"723875",0,0,1,0,0,1
"100040724",55,36,43,40,30,29
"100124484",0,0,1,1,0,1
"387172",0,0,0,0,0,0
"751524",0,0,1,0,0,2
"723857",0,1,1,3,1,0
"723941",0,0,0,0,1,1
"723862",0,0,0,1,0,0
"723913",0,0,0,0,0,0
"723933",1,1,0,0,0,0
"723863",0,0,0,0,0,0
"100499517",2,1,2,3,2,0
"67280",0,0,0,0,0,0
"353504",0,0,2,0,0,1
"100526515",0,0,0,0,0,0
"107585",0,0,1,2,2,0
"629595",7,17,16,24,19,21
"26931",2664,2136,2009,2283,1976,1984
"100503237",35,34,17,42,33,24
"319786",2,3,10,3,9,2
"13424",10256,7188,5527,8817,4416,7438
"66323",12,3,14,21,6,6
"100861856",1,1,0,0,0,0
"15519",9165,6954,6962,7549,7009,6737
"69641",527,385,382,388,378,341
"26448",63,55,60,49,43,61
"66709",12,5,6,7,5,5
"72805",158,127,146,154,137,138
"100041649",349,322,313,340,303,308
"67236",537,457,448,524,522,448
"104859",414,327,284,355,308,331
"74251",254,269,328,287,266,303
"77878",1,1,1,2,1,3
"217864",789,570,531,626,450,532
"22031",2128,1831,1675,2036,1564,1697
"93835",15,2,8,16,13,6
"100503323",1,2,4,2,2,0
"217866",2212,1727,1678,1884,1739,1739
"380787",0,0,0,0,0,0
"74190",65,63,50,50,66,39
"21928",1817,1296,1521,1667,1562,1459
"212539",4,0,2,0,0,1
"217869",5404,4308,3736,4514,3890,3784
"100316932",46,44,24,39,22,24
"100504687",55,54,43,40,44,43
"17169",2425,2000,2038,2329,2008,1968
"12709",8502,7320,8414,7666,8208,7678
"328162",249,254,227,257,246,207
"70369",619,530,538,495,532,487
"68020",509,462,462,453,503,389
"16593",9303,7717,8098,8373,8043,7588
"74335",211,145,161,201,176,126
"68520",342,282,288,286,292,247
"21981",464,379,388,440,364,374
"77675",3,2,1,3,5,0
"70257",1793,1494,1440,1559,1650,1431
"74691",7,7,7,7,9,9
"217874",0,0,0,0,0,0
"104816",26,16,15,24,22,15
"100526547",0,0,0,0,0,0
"387199",0,0,0,0,0,0
"668303",672,578,623,635,558,506
"100504733",0,0,0,0,0,0
"100126692",0,0,0,0,0,0
"319942",5,3,1,3,3,1
"104885",362,309,335,338,333,351
"70435",2632,2004,2243,2319,2023,1937
"11565",4930,4208,4343,4779,4813,4025
"30954",207,174,175,237,224,216
"11651",8935,7313,7119,8176,7647,7155
"382639",217,177,173,141,153,162
"217882",1500,1045,1100,1222,1174,1086
"104759",3,1,3,5,0,4
"100041194",3241,2386,2745,3002,2365,2629
"100047183",15885,11579,8815,18470,8953,14543
"217887",209,192,184,214,211,182
"71963",233,197,208,226,224,178
"56696",1,0,0,1,1,2
"16450",1929,1477,1551,1718,1606,1453
"66174",250,249,250,259,242,206
"72308",1272,1047,973,1085,871,841
"399566",318,311,302,343,323,307
"217893",5639,4462,4438,5067,4142,4112
"75671",3,2,1,1,2,1
"116870",1507,1235,1222,1462,1182,1234
"100861919",0,0,0,0,0,0
"68337",8663,7257,7789,7694,8059,6999
"12925",122,94,162,127,149,139
"104732",43,28,41,22,32,15
"69195",36,28,31,41,36,38
"238447",3,6,6,5,8,3
"380792",0,0,0,0,0,0
"404711",9,4,4,4,5,11
"16016",0,0,1,0,0,0
"16017",0,0,0,0,0,0
"380795",0,0,0,0,0,0
"380797",0,0,0,1,0,0
"16019",86,60,56,58,38,35
"777656",0,0,0,3,0,0
"777655",0,0,0,0,0,0
"777654",0,0,0,0,0,0
"777648",0,0,0,0,0,0
"777661",0,0,0,0,0,0
"777662",0,0,0,0,0,0
"777664",0,0,0,0,0,0
"777667",0,0,0,0,0,0
"777672",0,0,0,0,0,0
"777675",0,0,0,0,0,0
"777677",0,0,0,0,0,0
"777679",0,0,0,0,0,0
"777657",0,0,0,0,0,0
"238405",0,0,0,0,0,0
"777681",0,0,0,0,0,0
"238406",0,0,0,0,0,0
"777685",0,0,0,0,0,0
"777686",0,0,0,0,0,0
"777688",0,0,0,0,0,0
"238412",0,0,0,0,0,0
"777780",0,0,0,0,0,0
"668389",0,0,0,0,0,0
"544896",0,0,0,0,0,0
"638605",0,0,0,0,0,0
"668395",0,0,0,0,0,0
"630486",0,0,0,0,0,0
"641178",0,0,0,0,0,0
"628098",0,0,0,0,0,0
"791089",0,0,0,0,0,0
"791090",0,0,0,0,0,0
"629785",0,0,0,0,0,0
"780793",0,0,0,0,0,0
"780792",0,0,0,0,0,0
"633568",0,0,0,0,0,0
"780794",0,0,0,0,0,0
"640046",0,0,0,0,0,0
"780800",0,0,0,0,0,0
"780801",0,0,0,0,0,0
"780802",0,0,0,0,0,0
"780803",0,0,0,0,0,0
"780804",0,0,0,0,0,0
"668421",0,0,0,0,0,0
"780818",0,0,0,0,0,0
"238418",0,0,0,0,0,0
"629812",0,0,0,0,0,0
"195180",0,0,0,0,0,0
"629818",0,0,0,0,0,0
"780825",0,0,0,0,0,0
"629826",0,0,0,0,0,0
"668438",0,0,0,0,0,0
"632654",0,0,0,0,0,0
"629833",0,0,0,0,0,0
"633457",0,0,0,0,0,0
"780828",0,0,0,0,0,0
"780829",0,0,0,0,0,0
"636260",0,0,0,0,0,0
"780831",0,0,0,0,0,0
"629842",0,0,0,0,0,0
"435321",0,0,0,0,0,0
"629845",0,0,0,0,0,0
"628398",0,0,0,0,0,0
"639510",0,0,0,0,0,0
"238427",0,0,0,0,0,0
"432701",0,0,0,0,0,0
"629849",0,0,0,0,0,0
"380808",0,0,0,0,0,0
"432702",0,0,0,0,0,0
"668469",0,0,0,0,0,0
"380809",0,0,0,0,0,0
"668474",0,0,0,0,0,0
"780864",0,0,0,0,0,0
"668478",0,0,0,0,0,0
"629859",0,0,0,0,0,0
"629860",0,0,0,0,0,0
"629863",0,0,0,0,0,0
"629865",0,0,0,0,0,0
"629866",0,0,0,0,0,0
"629871",0,0,0,0,0,0
"668493",0,0,0,0,0,0
"382692",0,0,0,0,0,0
"668497",0,0,0,0,0,0
"780883",0,0,0,0,0,0
"780884",0,0,0,0,0,0
"780885",0,0,0,0,0,0
"629884",0,0,0,0,0,0
"629893",0,0,0,0,0,0
"628614",0,0,0,0,0,0
"629897",0,0,0,0,0,0
"668517",0,0,0,0,0,0
"780891",0,0,0,0,0,0
"629906",0,0,0,0,0,0
"629908",0,0,0,0,0,0
"629915",0,0,0,0,0,0
"629919",0,0,0,0,0,0
"629925",0,0,0,0,0,0
"640506",0,0,0,0,0,0
"780929",0,0,0,0,0,0
"382696",0,0,0,0,0,0
"780931",0,0,0,0,0,0
"629930",0,0,0,0,0,0
"211331",0,0,0,0,0,0
"780932",0,0,0,0,0,0
"382695",0,0,0,0,0,0
"780938",0,0,0,0,0,0
"780939",0,0,1,0,0,0
"432708",0,0,0,0,0,0
"674018",0,0,0,0,0,0
"668544",0,0,0,0,0,0
"100502704",0,0,0,0,0,0
"238448",0,0,0,0,0,0
"668549",0,0,0,0,0,0
"432709",0,0,0,0,0,0
"780956",0,0,0,0,0,0
"380823",0,0,0,0,0,0
"636462",0,0,0,0,0,0
"380824",0,0,0,0,0,0
"435328",0,0,0,0,0,0
"619833",0,0,0,0,0,0
"780960",0,0,0,0,0,0
"638634",0,0,0,0,0,0
"619886",0,0,0,0,0,0
"619916",0,0,0,0,0,0
"100775172",0,0,0,0,0,0
"668577",0,0,0,0,0,0
"100775173",0,0,0,0,0,0
"668582",0,0,0,0,0,0
"622728",0,0,0,0,0,0
"100775174",0,0,0,0,0,0
"619994",0,0,0,0,0,0
"213570",0,0,0,0,0,0
"435331",0,0,0,0,0,0
"668589",0,0,0,0,0,0
"668591",0,0,0,0,0,0
"100775175",0,0,0,0,0,0
"620140",0,0,0,0,0,0
"434609",0,0,0,0,0,0
"668597",0,0,0,0,0,0
"668599",0,0,0,0,0,0
"56220",508,390,387,441,312,348
"22355",10,5,13,4,9,4
"217935",463,356,386,376,394,352
"52635",1167,798,823,1062,783,865
"100502747",1,0,0,0,0,0
"319545",38,29,26,40,26,22
"76044",90,44,60,87,49,68
"19276",9,4,9,14,8,6
"627375",34,6,26,34,29,17
"100038689",0,0,0,0,0,0
"432713",0,0,0,0,0,0
"387171",0,0,0,0,0,0
"217944",1,3,1,1,2,1
"217946",5,6,7,6,2,3
"13411",0,0,1,0,1,0
"20688",210,130,111,171,116,111
"100384890",0,0,0,0,0,0
"320145",0,2,1,0,0,0
"77706",0,0,0,0,0,0
"320910",67,50,31,51,25,41
"238455",12,5,6,6,9,9
"217951",1,0,1,0,0,1
"73266",0,0,0,0,0,0
"100504487",0,0,0,0,1,0
"76937",0,0,0,0,0,0
"73270",0,0,0,0,0,0
"14569",4857,3829,3829,4279,3909,3569
"105203",957,716,557,793,534,660
"142688",227,191,186,190,188,179
"70405",12,4,12,19,15,22
"80796",0,0,0,0,0,0
"494124",0,0,0,0,0,0
"56349",917,799,702,845,749,667
"238463",0,0,0,0,0,0
"83428",0,0,0,0,0,0
"105387",71,53,35,74,35,57
"105349",10,8,3,12,12,6
"27384",7,2,1,6,5,4
"432720",0,0,0,0,0,0
"111002",0,0,0,0,0,1
"622402",0,0,0,2,0,0
"83702",0,0,0,0,0,0
"116852",0,0,0,0,0,0
"77337",0,0,0,0,0,0
"56043",266,193,226,264,221,208
"432723",0,0,0,0,0,0
"71867",0,0,0,0,0,1
"23849",1041,690,741,945,878,701
"69617",1179,907,950,1038,972,941
"56421",569,470,553,595,475,514
"100039532",77,45,46,34,54,42
"94191",0,0,0,0,1,0
"207615",915,654,583,715,661,637
"319554",4058,3030,2767,3239,3082,2984
"100039655",3,2,1,0,1,3
"320581",16,10,7,6,11,11
"69237",2007,1556,1676,1794,1835,1494
"217980",3602,2814,2489,2995,2390,2622
"100039719",0,0,0,0,0,0
"208440",3493,2494,2161,3083,2155,2567
"66505",2378,1914,1874,2088,1775,1854
"12671",70,42,53,70,72,60
"664793",0,0,0,0,0,0
"20191",11,10,3,5,4,5
"328186",258,178,163,172,165,159
"238505",565,415,302,430,313,399
"100039826",3,0,0,1,2,2
"11472",72427,61686,61207,68082,58607,62910
"432725",0,0,0,0,0,0
"217995",950,653,627,816,527,629
"56048",798,541,550,619,581,517
"171211",4,0,1,5,1,1
"67475",87,89,80,73,67,70
"664862",156,104,68,160,107,94
"18812",657,535,500,658,696,594
"18811",849,712,597,925,879,782
"107849",3,6,2,6,3,2
"100039786",340,210,275,319,281,313
"630663",41,21,12,35,7,52
"83924",344,206,210,325,286,274
"18073",8134,5366,4710,7526,5181,5797
"17101",248,171,113,184,100,161
"14706",7,5,4,9,2,7
"97884",1024,794,856,831,732,733
"70430",414,303,323,317,367,295
"14593",518,426,367,422,390,370
"94246",1010,748,735,882,776,783
"94253",0,2,6,2,0,3
"100862358",0,0,0,0,0,0
"75398",618,476,531,505,570,459
"19166",2664,2170,2084,2242,2303,2065
"105351",253,182,198,227,216,175
"670994",6,4,2,7,9,15
"100504070",0,0,0,0,0,0
"14634",259,148,170,179,121,172
"71071",1,0,0,1,0,0
"328190",0,0,0,0,0,0
"16323",541,419,435,536,473,467
"192136",24,27,20,23,22,29
"66308",216,173,200,229,216,207
"69562",1049,821,712,877,784,791
"100316665",2,2,0,2,0,1
"56044",938,783,681,861,800,689
"67008",612,493,467,541,515,465
"73992",0,0,0,0,0,0
"218030",0,0,0,1,2,0
"218035",2115,1536,1509,1819,1552,1582
"218038",3,3,4,4,5,2
"21641",0,0,0,0,0,0
"21638",0,0,0,0,0,0
"21640",0,0,0,0,0,0
"21639",0,0,0,0,0,0
"100126431",0,0,0,0,0,0
"107573",0,0,0,0,0,0
"21637",0,0,0,0,0,0
"100126432",0,0,0,0,0,0
"107575",0,0,0,0,0,0
"107574",0,0,0,0,0,0
"100126433",0,0,0,0,0,0
"21636",0,0,0,0,0,0
"21632",0,0,0,0,0,0
"100126434",0,0,0,0,0,0
"107576",0,0,0,0,0,0
"76205",159,149,163,170,178,151
"105298",701,650,649,708,663,625
"20379",8,6,8,6,6,5
"73412",0,0,0,0,0,0
"319293",0,0,0,0,0,0
"353346",0,2,2,0,1,0
"432730",4,2,3,9,7,4
"140580",18,19,17,16,11,13
"665386",0,0,0,0,0,0
"27052",0,1,0,0,1,0
"258528",0,0,0,0,2,0
"18341",0,0,0,0,0,0
"258527",0,0,0,0,0,0
"19720",428,365,369,417,415,375
"100862095",0,0,0,0,0,0
"14780",0,0,0,0,0,0
"75512",0,0,0,0,0,0
"258526",0,0,0,0,0,0
"22758",217,198,180,199,170,156
"72739",703,557,568,616,549,514
"319207",15,6,17,12,14,10
"432731",637,473,480,584,461,392
"100316752",0,0,0,0,0,0
"66707",10,11,7,10,8,8
"544922",6,3,12,9,17,9
"100038371",5,4,6,2,7,3
"93681",299,203,192,288,186,205
"258280",0,0,0,0,0,0
"404335",0,0,0,1,0,0
"258533",0,0,0,0,0,0
"258739",0,0,0,0,0,0
"218066",0,0,0,0,0,0
"258534",0,0,0,0,0,0
"258536",0,0,0,0,0,0
"258067",0,0,0,0,0,0
"319185",3,11,4,3,11,2
"319191",16,8,6,8,8,9
"319152",3,7,7,10,14,14
"319186",0,0,0,0,0,0
"319159",4,10,3,3,7,6
"319160",5,5,5,1,0,2
"319169",1,2,2,0,0,2
"319187",12,15,5,4,10,5
"56702",12,10,8,11,6,6
"319153",14,11,11,22,16,14
"319170",9,2,9,7,9,7
"319188",7,8,6,2,3,2
"665596",152,126,120,149,111,104
"665433",30,25,21,43,26,28
"100041230",164,97,110,129,99,105
"319161",117,74,89,111,72,71
"319171",26,25,26,42,30,28
"665622",153,125,125,148,105,102
"100316716",0,0,0,1,0,0
"193452",32,13,30,31,35,28
"195236",0,0,0,0,0,0
"54373",2,1,1,1,0,0
"193453",1,0,0,0,0,0
"319168",19,7,18,11,9,10
"319184",22,18,7,12,12,13
"319158",233,171,187,211,182,158
"319167",15,10,12,25,15,14
"319183",17,11,22,16,12,15
"252912",0,0,0,0,0,0
"252906",0,0,0,0,0,0
"632534",0,0,0,0,0,0
"252907",0,0,0,0,0,0
"171259",0,0,0,0,0,0
"626299",0,0,0,0,0,0
"171257",0,0,0,0,0,0
"100312484",0,0,0,0,0,0
"171278",0,0,0,0,0,0
"171254",0,0,0,0,0,0
"171247",0,0,0,0,0,0
"171246",0,0,0,0,0,0
"171245",0,0,0,0,0,0
"171255",0,0,0,0,0,0
"171258",0,0,0,0,0,0
"171270",0,0,0,0,0,0
"632793",0,0,0,0,0,0
"171251",0,0,0,0,0,0
"171250",0,0,0,0,0,0
"432735",0,0,0,0,0,0
"171252",0,0,0,0,0,0
"432736",0,0,0,0,0,0
"171269",0,0,0,0,0,0
"171277",0,0,0,0,0,0
"171275",0,0,0,0,0,0
"171249",0,0,0,0,0,0
"171248",0,0,0,0,0,0
"171253",0,0,0,0,0,0
"171279",0,0,0,0,0,0
"171273",0,0,0,0,0,0
"171256",0,0,0,0,0,0
"171272",0,0,0,0,0,0
"171271",0,0,0,0,0,0
"100312485",0,0,0,0,0,0
"171274",0,0,0,0,0,0
"100036518",0,0,0,0,0,0
"74061",0,0,0,0,0,0
"218100",1700,1371,1271,1322,1088,1233
"30946",334,307,324,305,304,339
"320842",13,10,5,6,3,5
"100503351",4,1,5,7,8,4
"12231",1,2,2,6,3,5
"238555",16,13,16,11,9,12
"100503366",7,4,1,2,0,1
"69386",102,86,88,83,104,86
"319173",0,0,0,0,0,0
"97908",7,18,9,14,9,8
"319182",16,18,10,24,18,14
"260423",11,15,12,14,9,16
"319157",3,3,0,0,1,0
"14957",295,214,253,169,172,141
"319151",8,13,12,14,16,8
"319166",13,8,14,10,7,10
"319181",461,356,404,427,456,386
"319180",14,16,19,17,22,26
"319165",36,24,26,29,30,23
"319149",37,35,37,40,50,45
"319156",4,5,11,8,16,4
"319179",146,128,143,128,136,115
"50709",397,310,233,350,224,231
"319164",109,95,84,99,89,88
"68024",3413,2749,2916,3091,3151,2463
"107970",1,0,3,3,0,0
"319155",11,18,17,12,8,8
"15216",47,49,33,54,35,36
"50708",4573,3724,3797,4103,4234,3563
"319148",1,5,1,2,3,1
"100504109",1,0,0,2,1,0
"319178",6,7,7,4,5,9
"319172",20,10,18,20,9,11
"319150",11,16,25,22,32,36
"326620",2,4,3,0,1,1
"326619",8,7,5,3,8,2
"360198",4,4,1,3,3,0
"80838",30,16,13,15,16,13
"214158",2,6,7,7,11,5
"218103",0,0,0,0,0,0
"105355",18,14,13,11,17,11
"20504",0,0,2,0,1,0
"319848",4,5,3,3,2,0
"319177",0,3,0,1,1,0
"319163",0,0,0,0,0,0
"214189",37,22,22,27,34,18
"68732",155,105,114,146,108,87
"12763",527,333,234,445,222,287
"100503456",0,1,2,1,4,0
"76024",1,1,1,0,1,3
"193385",139,136,115,139,112,115
"320489",10,5,5,7,5,6
"666145",0,0,0,0,0,0
"57441",41,30,40,30,21,33
"79555",2814,2235,2140,2377,2228,2235
"66834",587,451,403,478,487,433
"56196",163,109,130,155,160,134
"210108",4,2,2,3,1,1
"73326",0,0,0,0,0,0
"214579",58,43,53,61,66,61
"14756",738,587,497,604,460,524
"380836",651,515,420,557,347,444
"195208",17,11,13,25,14,16
"22360",22,15,19,14,14,13
"100503530",0,0,0,0,0,0
"73576",0,0,0,0,0,0
"15192",0,0,0,0,0,0
"19109",1,0,1,0,1,0
"18775",1,2,0,0,0,0
"215028",0,1,0,2,0,0
"215029",0,0,0,0,0,0
"27372",0,0,0,0,0,0
"18776",0,0,0,0,0,0
"67000",1,1,0,5,0,2
"19111",0,0,0,0,0,0
"13529",0,0,0,0,0,0
"66392",0,0,0,0,0,0
"19112",0,0,0,0,0,0
"74188",0,0,0,0,0,0
"67310",0,0,0,1,0,0
"73244",0,0,0,0,0,0
"75596",0,0,0,0,0,0
"19113",1,1,0,0,0,0
"19114",2,0,0,0,1,0
"18814",0,0,0,0,0,0
"67505",0,0,0,0,0,0
"56635",0,0,0,0,0,0
"666317",0,0,0,0,0,0
"19110",0,0,0,0,0,0
"28078",0,0,0,0,0,0
"100862257",72,90,53,85,81,75
"72518",10,8,18,13,11,7
"20677",751,502,626,752,769,675
"77920",0,0,3,0,0,0
"68916",331,263,252,271,227,233
"13557",583,480,547,491,494,461
"218121",59,83,70,73,50,57
"11607",2,0,0,0,2,1
"66694",3070,2634,2850,2904,3039,2642
"75090",0,0,0,0,0,0
"105352",483,389,409,459,445,424
"16364",2,1,2,3,3,1
"66482",849,592,591,726,596,575
"100862264",0,0,0,0,0,0
"210554",0,0,1,0,0,0
"73924",0,0,0,0,0,0
"15220",13,7,17,11,12,13
"71307",2,4,3,7,3,0
"100503631",6,6,3,5,2,2
"14238",88,55,73,68,53,76
"17300",32,41,52,50,53,44
"218138",68,42,45,76,68,59
"100503660",0,0,0,1,0,1
"238564",4310,3048,2698,4192,2818,2809
"78903",619,483,546,566,564,517
"100862286",0,0,0,0,0,0
"66222",2004,1740,1660,1792,1740,1630
"380839",41,49,40,49,40,37
"20708",173,135,144,141,121,155
"20723",203,180,141,172,176,148
"20706",81,59,73,115,68,72
"100862294",0,0,0,0,0,0
"282663",47,40,32,36,41,28
"20707",16,3,8,10,4,5
"20726",4,1,5,2,3,2
"20710",3,10,0,3,5,1
"20709",3,1,4,0,1,1
"544923",3,4,5,3,0,2
"93806",16,13,16,20,9,7
"238568",0,1,1,0,1,0
"435350",1,0,0,0,0,0
"97848",13,9,9,13,4,7
"20719",6624,5329,4965,5426,5183,4735
"68808",17,23,12,30,11,19
"18105",520,373,377,405,362,388
"19766",269,201,167,224,184,189
"68021",223,194,201,200,201,177
"22151",10244,8644,8362,8937,8945,8434
"432745",0,0,0,0,0,3
"73710",4762,4005,3623,4036,3746,3783
"100862316",0,0,0,0,0,0
"69666",82,66,76,85,94,64
"73102",430,337,343,438,326,328
"66895",83,83,95,94,109,103
"108161",0,0,0,0,0,0
"19134",1824,1352,1364,1382,1188,1188
"71864",1,0,1,3,0,0
"66761",0,0,0,0,0,0
"69123",0,0,0,0,1,0
"23986",666,584,574,617,650,616
"100503727",0,0,0,0,0,0
"100503742",0,0,0,0,0,0
"12593",211,167,190,230,163,177
"208366",73,38,56,62,52,62
"76487",0,1,1,0,0,0
"380840",121,74,94,91,93,94
"100042773",181,135,126,160,119,136
"69955",355,269,295,301,301,263
"68404",197,182,233,182,189,185
"74145",3,1,1,1,8,5
"17084",0,0,0,0,0,0
"100042802",36,20,26,33,30,24
"68750",1720,1274,1111,1537,1091,1263
"107513",2843,1955,1838,2213,2074,1837
"100862351",0,0,0,0,0,0
"71213",38,41,26,43,36,29
"71340",363,251,293,319,277,290
"109620",46,35,25,41,30,38
"67797",342,252,309,326,321,236
"12161",32,25,16,49,37,30
"105245",3052,2263,2413,2628,2567,2412
"17828",293,230,219,293,295,220
"66143",474,433,354,422,475,415
"108652",83,54,60,68,75,45
"218165",0,0,0,0,0,0
"791406",0,0,0,0,0,0
"21418",1,4,10,7,6,10
"14538",105,64,86,97,74,64
"100628630",0,0,0,0,0,0
"100862098",4,2,1,2,3,1
"68083",1130,857,940,1002,1038,912
"66154",1136,826,974,954,943,876
"17152",0,2,0,1,0,0
"107889",0,0,0,0,0,0
"637277",0,0,2,0,0,0
"54326",3,2,1,0,1,0
"108934",1441,1070,1068,1204,1015,1076
"18003",329,271,292,300,213,258
"621976",413,296,298,323,309,283
"328231",3,1,3,1,3,0
"109254",1,0,0,0,0,0
"100038577",9,5,3,5,2,4
"110521",937,651,597,783,497,623
"13614",21,7,9,17,11,19
"218194",59,41,59,56,51,49
"67046",273,242,248,242,248,218
"328232",1443,1242,1158,1247,968,1209
"68346",131,118,91,105,126,106
"70078",1134,913,935,1055,1158,962
"56705",1876,1530,1679,1690,1591,1494
"76137",579,443,449,485,476,485
"328234",5,1,5,5,2,4
"622552",0,0,0,0,0,0
"12522",1,0,0,1,0,0
"328235",1,0,0,0,0,0
"100503592",1,1,1,3,0,3
"69491",0,0,0,0,0,0
"16468",407,370,320,312,288,326
"94245",817,607,627,655,670,609
"218203",248,222,215,174,186,156
"66355",611,495,521,521,565,497
"20238",532,399,508,395,372,429
"76000",32,32,45,39,31,32
"791386",2,1,3,4,3,6
"380842",28,16,16,12,11,11
"666794",4999,4009,4125,4385,4225,3962
"67252",9457,7626,7293,8369,7040,7386
"97863",522,391,397,516,392,402
"218210",1307,996,882,1182,773,954
"16553",1791,1445,1182,1533,1191,1381
"105283",1,0,1,0,0,0
"105193",126,56,86,88,112,65
"22017",107,103,95,113,112,114
"218214",430,303,328,310,288,337
"110052",856,691,826,786,763,687
"218215",105,68,88,96,111,95
"319467",0,0,0,0,0,1
"619327",0,0,0,0,0,0
"70971",0,0,0,0,0,0
"320614",4,2,0,3,3,1
"15904",18,17,15,26,26,17
"320315",2,1,2,2,2,3
"67911",69,43,40,42,47,34
"442803",8,4,5,9,9,9
"387247",11,9,15,5,7,10
"387252",0,0,0,1,0,0
"387244",0,0,1,3,0,0
"218232",177,138,118,185,138,132
"12022",0,1,0,0,0,0
"18676",1636,1296,1222,1486,1210,1214
"218236",7926,6122,5987,6743,5674,6191
"68128",48,55,47,55,62,46
"75607",66,60,66,71,46,58
"18081",813,749,748,751,792,744
"68480",974,772,889,850,853,683
"66329",44,45,67,47,62,55
"30938",1739,1368,1274,1433,1123,1207
"76895",10998,8779,8432,9810,8225,8413
"75678",282,263,243,263,278,228
"66336",14,19,22,17,22,17
"407800",11,3,5,6,2,3
"66695",372,277,255,278,240,247
"27047",0,1,0,1,0,0
"18295",1861,1349,1345,1646,1435,1200
"70930",682,549,462,629,507,532
"105148",4010,3199,3260,3608,2891,3285
"667488",1,0,0,0,0,0
"218244",0,0,0,1,0,0
"667503",0,0,0,0,0,0
"667507",0,0,0,0,0,0
"667552",4,0,0,2,2,3
"100502978",35,36,34,47,31,37
"380882",0,1,5,1,2,5
"69211",5,1,2,3,9,2
"109082",123,113,156,133,130,120
"328250",0,0,0,0,0,0
"751559",0,0,0,0,0,0
"100124649",0,0,0,0,0,0
"380845",0,0,0,0,0,0
"100503376",0,0,0,0,0,0
"667693",1,1,0,0,1,2
"71654",0,0,0,0,0,0
"667712",0,0,0,0,0,0
"77428",5,5,5,0,1,5
"20729",914,647,700,765,672,625
"100862200",0,0,0,1,0,0
"75124",0,0,3,2,2,3
"667728",61,42,46,33,78,54
"13610",203,149,166,164,170,144
"20418",4,1,6,6,2,10
"66197",92,56,66,71,46,49
"75420",707,619,652,646,658,590
"20354",1144,968,851,1077,971,977
"100502610",0,0,0,0,0,0
"23882",1860,1472,1610,1606,1752,1222
"74050",33,22,20,26,26,31
"68203",8,6,8,10,6,5
"100040572",0,0,0,0,0,0
"20963",51,21,27,55,28,45
"105404",0,0,0,0,1,2
"11992",281,244,263,257,267,248
"18030",1129,880,943,996,1119,1013
"26564",107,96,109,105,112,115
"100862222",0,0,0,0,0,0
"268656",445,266,330,312,317,312
"100040421",0,0,0,0,0,0
"17702",36,36,31,43,45,40
"13488",0,1,3,2,1,2
"14057",252,191,198,221,177,182
"15466",1,0,0,0,0,0
"12890",195,156,186,181,196,139
"73666",525,389,404,444,443,402
"100040543",158,124,102,115,168,130
"319719",177,103,125,140,124,100
"97820",3725,3046,2976,3138,3072,2843
"100503805",27,29,23,12,23,15
"56795",124,79,93,116,75,70
"28126",756,601,570,630,677,564
"67044",891,749,794,782,841,724
"74325",1514,1431,1433,1495,1477,1343
"76577",1093,792,730,926,687,725
"105239",2137,1714,1807,1911,1741,1642
"268663",0,1,0,3,1,1
"26913",97,56,56,58,70,81
"104069",11,12,10,12,6,7
"218268",1,0,1,0,0,0
"74257",905,731,784,784,871,747
"107448",427,426,342,445,402,410
"212032",1,0,0,1,0,0
"20184",779,546,538,520,546,515
"100504437",2,1,0,0,0,0
"26919",1473,1170,1204,1172,1221,1070
"14186",316,230,345,185,236,191
"18193",3764,2845,2417,3018,2084,2652
"19336",892,685,784,789,847,691
"66494",1989,1663,1832,1885,1979,1728
"17121",7,7,5,1,8,6
"66890",5580,4420,4353,5004,4510,4331
"51791",31,20,29,33,36,19
"20505",1,1,2,2,3,4
"75477",0,0,0,0,0,0
"58992",0,0,1,0,0,0
"26385",413,336,380,380,380,296
"432763",27,13,28,25,16,17
"56320",3533,2643,3022,3307,3209,2787
"67399",3699,3078,3662,3325,3312,2893
"27261",24,12,25,24,22,19
"72935",534,367,423,400,405,329
"212483",445,309,416,336,395,278
"100861617",0,0,0,0,0,0
"67511",2450,2091,2243,2105,2298,2047
"218271",491,399,384,440,396,464
"12328",477,384,435,393,416,391
"212880",2228,1607,1574,1808,1529,1452
"78521",2742,2241,1966,2359,1902,2030
"69672",1078,853,930,879,896,797
"72562",89,77,70,116,111,78
"76856",2,4,1,0,2,0
"18740",11,4,6,5,11,5
"26914",1075,848,939,930,976,983
"212937",0,0,0,0,0,0
"18014",0,0,0,0,0,0
"57266",8,25,24,35,26,11
"100038494",0,0,0,0,0,0
"100040926",0,0,0,0,0,0
"328258",1,0,0,1,0,0
"16198",0,0,0,0,0,0
"213311",43,19,43,27,26,36
"16841",4,0,1,4,1,0
"21810",32,25,24,37,36,35
"17129",1470,1077,1032,1249,1007,1062
"26946",0,0,0,0,0,0
"20745",407,217,322,321,333,245
"100503085",46,37,35,55,26,37
"100124491",0,0,0,0,0,0
"77134",1389,1131,1441,1606,1851,1388
"75731",233,172,190,204,191,176
"56085",3158,2578,2429,2834,2414,2340
"100503697",0,0,0,0,0,0
"56278",253,205,219,200,226,179
"75050",23,28,23,19,28,17
"70153",393,325,330,360,419,336
"100503714",106,64,64,78,85,57
"15387",6484,5004,4858,5650,4988,4848
"723902",4,2,1,2,3,0
"74386",296,234,231,227,294,237
"114304",0,0,1,0,0,0
"67585",0,0,0,0,0,0
"18212",11,7,2,2,3,3
"67269",884,684,666,757,622,697
"319469",2,0,2,0,1,4
"78689",913,663,717,789,714,681
"105348",618,515,476,575,518,498
"70900",0,0,0,0,0,0
"72219",0,0,0,0,0,0
"238662",0,0,0,1,1,0
"238663",0,0,0,2,0,0
"75223",0,0,0,0,0,0
"100861875",0,0,0,0,0,0
"69046",1810,1469,1363,1481,1492,1395
"13996",22,17,22,17,17,16
"214290",1807,1407,1185,1458,1151,1241
"100503743",5,4,1,9,5,1
"328263",0,0,1,0,0,0
"14451",447,265,373,383,440,313
"100503759",0,0,1,0,1,0
"69635",237,185,134,194,133,174
"218275",0,0,0,0,0,0
"70202",0,0,0,0,0,0
"214639",18,18,14,17,18,8
"13025",33,24,30,28,25,16
"116913",0,0,0,0,0,0
"13024",251,160,171,232,202,145
"21984",0,0,0,0,0,0
"100861903",0,0,0,0,0,0
"26898",0,0,0,0,0,0
"104002",0,0,0,0,0,0
"56835",0,0,0,0,0,0
"58518",0,0,0,0,0,0
"56094",0,0,0,0,0,0
"116911",0,0,0,0,0,0
"56092",0,0,0,0,0,0
"64139",0,0,0,0,0,0
"117066",0,0,0,0,0,0
"100861626",0,0,0,0,0,0
"100503368",0,0,0,0,0,0
"623505",0,0,0,1,0,0
"432812",1,0,0,0,0,0
"100861954",0,0,1,0,0,0
"630579",42,27,31,40,35,41
"100503600",0,0,0,0,0,0
"100041979",14,10,11,12,9,10
"100041986",1,5,3,5,3,5
"71508",129,85,104,112,92,80
"77117",41,39,24,37,31,33
"665503",25,13,12,15,15,14
"211378",22,13,17,20,21,6
"100861712",35,38,29,32,21,32
"435366",0,0,0,0,0,1
"751548",0,0,0,0,0,0
"380850",13,18,13,14,18,6
"14120",42,31,43,26,34,33
"14121",1,1,0,1,0,0
"72061",2078,1698,1868,1636,1688,1569
"100504114",566,346,377,465,268,268
"387217",3,4,6,2,3,4
"100861722",2195,1758,2056,1846,2017,1677
"387221",9,13,11,7,8,4
"100526474",3,1,5,3,0,1
"387142",0,0,0,0,0,0
"14088",119,78,97,91,88,72
"19206",120,112,69,113,62,118
"76251",365,289,251,302,239,260
"15487",1,0,2,1,1,0
"70484",34,23,27,29,30,23
"238673",410,305,302,356,394,339
"56541",1505,1351,1294,1398,1326,1266
"218294",308,200,215,243,200,215
"66503",36,33,39,40,33,36
"66129",193,168,141,182,170,188
"13039",6533,4755,5306,5898,5685,4831
"105278",58,61,75,94,69,60
"68880",0,0,0,0,0,0
"238680",1,0,0,0,0,0
"78124",0,0,0,0,0,0
"238683",0,0,0,0,0,0
"218304",0,0,0,0,0,0
"66631",432,340,352,370,366,301
"100042311",0,0,0,0,0,1
"258816",0,0,0,0,0,0
"97895",0,0,3,2,0,0
"100862013",0,0,0,0,0,0
"100038683",2,0,1,0,1,2
"170936",220,149,95,207,104,171
"665738",0,0,0,0,0,0
"544944",0,0,0,1,0,0
"628648",1,0,0,1,0,0
"628794",0,0,0,0,0,0
"628746",38,35,16,36,29,27
"628709",0,0,0,0,0,0
"100861707",0,0,0,0,0,0
"76803",0,0,0,0,0,0
"100861733",0,0,0,0,0,0
"432768",442,414,344,359,375,335
"67530",1715,1426,1409,1399,1460,1317
"100038538",9,6,16,6,5,6
"66410",341,271,274,264,269,246
"19210",868,651,750,798,706,769
"71226",3,1,2,6,1,3
"78251",28,18,22,21,17,17
"432769",36,33,35,28,24,26
"432770",18,10,16,28,11,13
"268670",68,53,51,44,62,47
"380855",77,64,74,74,60,59
"218311",8,8,7,6,4,1
"238690",11,16,7,8,12,17
"100038627",0,0,0,0,0,0
"431706",1,3,3,7,2,6
"218314",35,32,27,43,27,42
"629016",27,24,15,38,16,20
"408065",12,12,8,13,9,9
"72807",26,24,31,25,19,19
"328274",5,3,0,1,2,0
"238692",102,81,80,100,57,78
"408067",88,51,54,63,57,69
"238693",73,48,52,51,52,52
"170763",82,89,60,103,65,80
"212276",99,74,71,66,62,78
"100416706",128,88,74,111,84,93
"212281",139,133,96,127,92,127
"100862130",7,3,8,8,9,5
"408068",225,172,132,168,135,153
"235907",167,128,137,155,148,123
"68271",3,0,2,4,1,3
"22746",41,37,37,20,28,37
"72958",24,25,22,24,20,32
"320163",3,3,3,2,1,6
"212569",29,20,24,19,21,19
"408058",0,0,0,0,0,0
"666185",0,0,0,0,0,0
"102402",0,0,0,0,0,0
"666272",0,0,0,0,0,0
"210009",514,421,434,491,447,409
"69577",159,124,130,130,130,104
"69315",0,0,0,0,0,0
"210044",147,119,115,132,148,125
"210106",587,408,424,452,451,404
"210373",3,2,4,4,4,1
"78925",28,26,18,19,17,22
"28114",2235,1805,1767,2066,1921,1818
"76980",42,42,34,33,39,30
"28077",413,309,322,357,334,267
"67550",0,0,0,0,0,0
"74280",0,0,0,0,0,0
"75086",0,0,0,0,0,0
"73584",0,0,1,2,0,0
"218333",2894,2297,1990,2588,1790,2021
"271127",40,38,31,38,44,49
"77166",26,21,23,27,18,17
"16371",42,48,34,49,44,48
"100503367",0,0,0,0,0,0
"328287",37,24,26,19,27,20
"16372",278,220,229,268,250,230
"78446",0,0,0,0,0,0
"50916",0,0,0,0,0,0
"407785",1035,847,877,873,921,814
"94066",2,1,1,4,1,4
"100504662",0,0,0,0,0,0
"432777",11,6,6,4,6,4
"210992",62,49,42,44,40,49
"13162",0,0,0,1,0,0
"218335",2175,1792,1861,1984,1788,1774
"21752",31,17,15,21,11,16
"22598",1,0,2,2,2,2
"74338",48,59,42,51,38,74
"71390",0,0,0,0,0,0
"20499",1227,938,1021,1098,878,914
"72293",28,18,25,19,17,25
"100862265",0,0,0,0,0,0
"69716",8,6,8,4,4,7
"105246",522,378,411,437,419,372
"71164",0,0,0,0,0,0
"72948",9,16,9,6,4,7
"74470",12,10,3,3,8,6
"105243",1,0,0,0,0,0
"211446",1498,1122,1113,1303,1049,1172
"11624",12,7,9,6,13,9
"18570",522,435,462,502,503,432
"66945",10095,8393,8388,8502,8107,7904
"67433",1441,1121,1132,1213,1044,1115
"432779",118,109,121,102,131,116
"238722",19,35,13,17,8,16
"100042547",23,14,16,12,8,7
"235956",134,105,110,108,96,80
"80898",148,102,98,127,113,119
"12380",4313,3540,3468,3868,3508,3596
"18548",8,6,2,8,5,6
"751556",191,135,145,138,143,113
"192657",1269,981,925,1190,958,1041
"93692",423,348,334,366,330,338
"73296",971,692,686,802,676,727
"75571",1,1,5,3,2,3
"218341",135,106,89,97,127,96
"238725",1,1,3,4,2,2
"77041",144,105,106,114,95,98
"218343",595,436,362,470,362,418
"238726",0,0,0,0,0,0
"78771",15,14,15,18,9,12
"105377",1091,794,777,980,794,799
"72371",111,110,96,103,88,71
"382823",0,0,0,0,0,0
"68675",326,262,249,285,243,253
"75507",3,0,0,1,1,1
"73093",1,1,0,1,0,0
"13865",72,51,58,54,72,74
"320174",26,25,25,17,18,24
"105171",291,187,215,243,283,195
"100043074",14,4,13,14,6,7
"319983",1,0,1,0,0,0
"110789",1,2,0,3,2,0
"80289",315,233,197,241,182,203
"67486",135,121,108,131,126,115
"72852",118,65,83,96,113,94
"100502757",24,11,12,26,8,13
"12626",517,362,426,486,460,393
"100628621",0,0,0,0,0,0
"17260",27756,22812,19657,24914,20447,20455
"100502774",6,3,1,6,2,2
"320203",0,0,0,0,0,0
"723967",0,0,0,0,0,0
"72677",0,0,0,0,0,0
"553095",0,0,0,0,0,0
"320919",2,2,3,2,2,3
"72745",247,174,184,188,154,141
"66671",463,338,369,401,388,298
"218397",2682,1816,1812,1998,1631,1701
"12867",2985,2331,2302,2359,2643,2204
"667230",0,0,0,0,0,0
"13612",216,156,195,191,170,142
"12950",4,1,1,0,0,0
"13003",1861,1188,1034,1504,955,1259
"100042940",10,0,1,1,6,3
"108138",177,113,102,150,123,141
"66074",754,542,511,645,628,528
"435376",0,0,0,0,0,0
"66475",5926,4745,4875,5267,5704,4663
"66795",83,49,66,92,97,60
"100042959",58,37,31,42,35,42
"320297",0,0,0,1,0,0
"66970",436,322,337,366,377,374
"373852",28,7,30,15,14,10
"74156",0,0,0,2,5,2
"69085",539,394,505,453,488,364
"76722",991,1004,1040,892,940,858
"19418",26,15,25,14,6,11
"17686",216,151,190,176,155,148
"13361",49,55,40,35,36,42
"218440",0,0,0,2,0,2
"73942",45,37,38,41,26,28
"218441",722,545,503,586,514,506
"79401",0,0,0,0,0,0
"218442",797,584,608,759,601,596
"21828",7,7,4,9,10,11
"382793",295,186,208,214,193,169
"76469",5583,4267,3514,4943,3235,4287
"100502942",1,0,1,1,1,0
"408254",0,0,0,0,0,0
"100715",310,233,226,268,259,229
"26556",630,547,514,649,490,566
"57748",1142,824,759,942,724,868
"619883",0,0,0,0,1,0
"12116",0,0,0,0,0,0
"64918",0,0,0,0,0,0
"74129",0,2,0,0,0,2
"105364",0,0,0,0,0,0
"11881",349,250,269,342,299,279
"218454",561,383,359,507,418,404
"107767",1288,942,933,1115,941,934
"328309",25,16,29,28,20,23
"11774",1423,1126,1166,1327,1169,1104
"21371",1097,829,860,885,1008,816
"18420",0,0,0,0,0,0
"218460",480,401,342,412,358,360
"218461",38,38,30,38,33,34
"100504102",0,0,0,0,0,0
"72114",181,141,191,188,157,151
"100316813",0,0,0,0,0,0
"100217450",0,0,0,0,0,0
"66549",1364,1231,1103,1330,1140,1127
"12919",1,0,1,0,1,1
"268686",2,0,0,0,1,0
"14063",302,227,281,197,178,222
"14062",2033,1589,1466,1874,1446,1411
"544963",65,44,70,51,42,49
"14064",9,7,13,8,2,5
"75209",1,5,2,4,1,3
"67463",295,192,201,244,193,229
"271144",56,29,38,51,36,46
"27015",478,312,300,356,308,385
"68018",2107,1636,1522,1834,1407,1572
"15357",2046,1383,1468,1770,1514,1532
"218476",275,211,203,224,195,210
"66479",1,0,0,0,0,1
"320557",58,33,49,41,40,35
"59050",2543,2125,1968,2259,2144,1873
"320806",907,703,686,752,729,656
"15212",239,178,186,259,233,159
"13803",1286,926,837,1267,1001,970
"100039691",6,3,2,8,3,4
"328314",2,0,0,1,4,2
"403201",12,1,3,4,8,6
"110596",83,69,58,66,37,55
"105372",270,225,246,219,203,197
"68558",258,211,201,219,274,217
"218490",4213,3452,3476,3952,3984,3378
"100504225",29,19,35,25,18,12
"15229",0,0,1,0,0,1
"70090",0,0,0,0,0,0
"68344",0,2,0,1,1,1
"380863",1,2,1,2,0,2
"218503",923,646,658,804,643,629
"238799",3370,2377,1934,2719,1820,2323
"432798",32,26,33,38,34,35
"69382",0,0,0,0,0,0
"69603",296,251,262,249,224,235
"238803",0,1,1,0,1,4
"68927",679,540,586,535,608,537
"218506",501,403,410,427,459,403
"320893",6,3,3,2,7,6
"17755",20036,14565,11922,15206,9272,14273
"27220",12,15,4,4,6,6
"78038",386,278,313,316,319,292
"544971",1215,967,682,1002,585,832
"20365",261,194,203,218,264,197
"20595",406,283,304,360,324,299
"17948",4,1,1,3,4,4
"17951",0,0,0,1,0,0
"17952",1,2,1,1,3,3
"17940",3,0,3,2,3,1
"100862307",35,20,29,28,35,17
"23894",332,257,264,267,261,228
"18260",0,4,2,1,2,1
"218518",226,193,182,252,215,183
"19356",507,432,407,457,392,413
"108143",2105,1745,1566,1815,1731,1671
"76041",7,3,6,4,5,3
"12572",947,691,653,795,688,679
"66128",531,392,450,503,467,454
"26886",5,5,10,1,1,2
"268697",16,6,15,9,6,4
"69048",985,777,777,839,774,776
"544973",48,43,57,57,56,54
"619937",17,16,11,17,20,13
"328324",80,61,58,67,40,42
"71174",1,1,1,0,1,1
"78136",0,0,0,0,0,0
"18708",951,723,691,820,721,747
"17079",0,0,0,1,1,0
"328329",1386,906,868,1192,813,1044
"76624",0,1,0,0,1,0
"621312",0,0,1,0,0,0
"432800",50,47,41,45,32,51
"218543",1213,869,958,946,892,758
"59079",3747,2863,2391,3174,2364,2595
"75805",620,491,463,651,503,497
"218544",104,86,70,91,73,67
"66975",1369,1046,1021,1108,1068,936
"81003",615,475,394,475,402,422
"238831",152,122,130,122,103,86
"60411",15,5,10,9,6,8
"108154",192,127,133,178,111,134
"667518",0,1,0,0,0,0
"67285",347,303,285,309,290,272
"67288",298,230,252,270,302,224
"77803",0,0,0,0,2,0
"52882",6,8,12,4,1,7
"66763",0,0,0,0,0,0
"71816",1,1,0,5,0,4
"15550",0,0,0,0,0,0
"76582",764,597,524,636,544,608
"100504500",3,0,2,0,1,1
"66254",243,150,174,214,190,133
"16563",1047,779,847,931,804,805
"100040322",9,10,9,12,15,12
"621156",44,16,29,18,38,21
"105120",3,1,7,3,3,3
"72257",1,0,0,0,1,0
"67263",464,319,324,425,336,358
"75616",656,445,425,571,479,450
"75597",303,252,237,232,244,222
"71991",86,62,61,55,59,49
"74559",2,0,1,4,2,3
"218581",3,0,0,0,0,1
"238871",562,422,426,474,404,454
"100862401",1,0,0,0,2,0
"100124489",0,0,0,0,0,0
"100316683",0,0,0,0,0,0
"67295",13,9,11,13,8,4
"100504609",0,0,0,0,0,0
"238875",1,0,0,0,0,0
"20620",3803,2747,2866,3615,3072,2810
"73129",3,2,2,4,2,3
"238880",0,0,0,0,0,0
"73274",2689,2144,2033,2389,2023,2068
"100504654",19,14,12,22,15,20
"218613",431,280,308,308,301,322
"26401",80,64,63,73,67,61
"100504675",0,1,1,0,2,0
"77318",2,6,3,8,4,2
"16195",5307,4165,3646,4667,3654,3962
"218624",0,1,2,1,0,0
"13206",10,11,19,10,13,16
"268706",329,283,272,315,289,226
"19012",1803,1419,1492,1503,1465,1280
"72198",1456,1157,1198,1284,1149,1131
"218629",1316,1035,994,1172,1018,1077
"218630",6,4,2,11,7,6
"622408",0,0,0,0,1,0
"735309",0,0,0,0,0,0
"100190765",0,0,0,0,0,0
"723868",0,0,0,0,0,0
"100038414",10,1,4,3,19,2
"69590",1095,824,825,944,912,850
"238896",0,0,0,0,0,0
"14938",0,0,0,0,0,0
"14945",0,0,0,0,0,0
"71690",39,19,43,62,26,36
"408066",1760,1353,1173,1593,1012,1391
"70917",0,1,0,0,0,1
"100861641",0,0,0,0,0,0
"170625",1017,687,814,894,832,816
"56534",1074,910,1013,999,1062,998
"218639",373,298,288,265,263,232
"319803",6,1,2,3,1,0
"17993",1624,1377,1284,1392,1579,1308
"14313",4459,3738,4692,4210,4841,4233
"75161",6,1,2,0,6,3
"17434",517,422,421,401,452,362
"16398",22,12,9,18,17,14
"109700",26,21,9,24,17,28
"105083",412,336,342,335,339,314
"670198",11,8,7,10,9,6
"100038421",0,0,0,0,0,0
"623174",2,1,2,0,3,4
"16392",28,30,26,29,27,22
"52552",362,206,266,259,212,257
"623312",0,0,0,0,0,0
"13723",103,103,96,86,104,91
"100861680",0,0,0,0,0,0
"15165",254,226,187,218,169,211
"71100",0,0,1,0,0,1
"59054",499,404,371,427,477,396
"75890",0,0,0,0,0,0
"14165",8,3,4,5,11,8
"18115",2272,1923,1833,2049,1844,1821
"218693",2050,1691,1671,1808,1712,1578
"67392",384,311,342,319,272,262
"791300",24,15,13,21,14,9
"67304",6,0,2,5,4,3
"633640",1130,831,878,1020,973,831
"56838",11,9,12,12,11,3
"73480",0,0,0,0,0,0
"208715",4601,3381,3312,4207,3661,3567
"245269",56,60,65,64,68,67
"72465",946,782,774,892,759,745
"100040377",12,21,15,16,23,16
"380878",0,2,0,0,0,0
"52673",0,3,0,0,0,0
"54382",0,1,0,0,0,0
"333467",2,2,0,0,0,0
"673151",80,54,57,69,58,43
"100861977",20,21,31,17,23,25
"100861753",14,11,9,17,16,7
"100861986",119,80,77,90,83,66
"639910",0,3,0,0,0,0
"236546",0,0,0,0,0,0
"100038937",1,0,0,0,0,0
"638189",0,2,0,0,0,0
"625360",0,0,0,0,0,0
"236219",0,3,0,0,0,0
"100040657",0,0,0,0,0,0
"100040671",29,30,25,26,16,20
"100040682",13,16,18,15,17,13
"544990",0,0,0,1,0,0
"320333",0,0,0,0,0,0
"73549",0,0,2,0,0,0
"100040697",0,0,0,0,0,0
"100862064",1,0,1,2,2,1
"100038846",0,0,0,1,0,0
"666890",5,2,5,12,1,6
"100041840",0,0,0,1,0,0
"100862069",4,1,1,2,5,2
"100040859",0,0,2,0,0,0
"100040870",0,0,0,0,0,0
"100040880",1,2,1,1,0,0
"100040923",0,0,0,0,0,0
"100040852",13,17,12,11,8,19
"100040897",1,0,0,2,0,0
"100041012",4,3,4,5,3,2
"100041019",4,2,1,0,1,0
"545007",10,3,17,10,13,12
"100041054",0,0,0,0,0,0
"623078",2,6,4,6,3,1
"100041076",1,0,0,0,0,0
"100041119",5,0,2,4,1,1
"554327",8,6,11,8,12,2
"100041139",0,0,0,0,0,0
"100041177",1,0,0,0,0,0
"100169868",58,70,67,38,56,48
"100040928",0,0,0,0,0,0
"666549",2,1,1,1,0,0
"100041262",3,4,1,13,1,2
"665981",1,0,0,0,0,0
"100041283",2,4,8,8,2,4
"673676",0,0,0,0,0,0
"100041317",0,0,0,0,0,0
"100041306",47,44,6,9,29,29
"100041336",0,0,0,0,1,0
"666800",0,0,0,1,0,1
"100041374",2,3,3,6,9,0
"108978",5,2,2,1,1,2
"666772",0,1,1,0,0,0
"666765",0,0,0,0,0,0
"666329",13,4,5,7,7,5
"666750",0,0,0,0,0,0
"100041678",7,3,1,2,2,4
"100036571",2,0,2,2,1,1
"100036572",19,6,7,7,8,2
"666706",0,0,0,0,0,0
"100041184",0,0,0,0,0,0
"100041825",0,0,0,0,0,0
"100036568",36,18,12,30,13,10
"100041515",8,5,10,7,10,11
"622931",1,0,5,4,0,0
"100041598",0,0,0,0,0,0
"100041279",0,0,0,0,1,1
"100041651",0,0,0,0,0,0
"622640",0,0,0,0,0,0
"100042054",24,24,16,17,22,27
"100041702",2,5,3,2,2,1
"100862207",0,0,0,0,0,0
"100861615",54,45,32,43,46,44
"100861646",0,0,0,0,0,0
"100861657",0,0,0,0,0,0
"544998",0,0,0,0,1,0
"100041958",8,4,4,9,9,5
"100041964",0,6,1,3,0,0
"100042024",17,12,5,11,10,8
"100041664",0,0,0,0,0,0
"100504200",0,0,0,2,0,1
"100041151",181,112,119,147,134,117
"666918",11,12,10,9,6,9
"100504413",0,0,3,0,0,0
"100504218",7,3,1,6,2,2
"100042100",70,61,76,76,68,38
"100038847",36,23,31,71,37,27
"100042129",1,0,1,0,0,0
"100042149",154,70,72,98,82,73
"626456",3,5,1,4,3,2
"100042182",3,8,2,3,2,2
"100042217",0,0,0,0,0,0
"100042235",7,11,26,12,14,7
"545013",2,1,0,0,1,1
"68308",0,0,0,0,0,0
"100041874",25,19,11,8,10,8
"100042304",0,0,1,2,0,0
"218695",1,0,0,0,0,0
"286940",3252,2263,1947,3238,1993,2469
"13421",98,91,82,86,98,74
"66082",135,108,116,100,98,116
"67053",680,545,594,555,609,507
"218699",472,396,394,425,392,385
"68263",4810,3954,4039,4092,3881,3823
"71393",139,99,148,133,130,113
"93732",58,70,62,77,70,66
"100861833",1,0,1,0,0,1
"268709",653,559,615,596,508,537
"100504681",0,1,0,0,1,0
"18300",3,1,2,4,2,1
"74430",38,35,22,21,18,24
"74859",0,0,0,0,0,0
"100041948",820,612,695,776,834,650
"14198",6,5,3,4,5,4
"100042415",0,0,1,0,0,0
"19270",842,497,529,801,540,585
"218734",157,118,139,119,137,133
"54713",1,1,0,0,0,0
"27062",51,58,39,54,61,37
"328354",0,0,0,0,0,0
"72003",8,7,3,4,7,7
"218739",0,0,0,0,0,0
"238939",0,0,0,0,0,0
"66231",1063,864,774,992,836,820
"246103",405,282,263,337,260,303
"66413",2915,2378,2350,2403,2444,2110
"258387",0,0,0,0,0,0
"18330",1,0,0,1,0,0
"16188",128,97,128,163,161,122
"218756",1422,989,861,1283,901,957
"674895",9,4,2,9,3,5
"218763",1,0,1,2,0,1
"71147",278,202,203,233,209,183
"59007",530,454,371,464,465,462
"21974",3196,2280,2078,2541,2042,2250
"218772",23,24,19,22,20,11
"21834",180,175,147,133,108,141
"353187",1323,947,868,998,891,889
"66480",8968,7415,7275,7844,8212,6820
"69721",622,413,520,455,464,437
"22194",495,352,375,457,414,380
"100861885",0,1,0,0,0,0
"218793",305,226,265,314,261,269
"100039452",0,0,1,0,0,0
"432825",0,0,0,0,0,0
"18074",1660,1238,1247,1537,1079,1142
"68045",2316,1843,1820,1969,2073,1723
"14702",255,174,175,236,195,189
"67509",275,208,215,223,238,187
"16529",158,82,145,88,110,110
"74571",0,0,0,0,0,0
"67725",197,147,170,161,167,135
"70601",1256,1039,1045,1132,1063,1029
"105428",247,221,199,234,225,226
"100504266",2,0,1,0,0,1
"108671",343,264,258,252,279,216
"66242",241,195,233,220,212,188
"76670",7,7,2,8,7,4
"11750",3729,3031,2989,3203,3195,2919
"74843",608,505,500,388,465,459
"19056",3241,2552,2483,2624,2226,2374
"75602",4,2,6,4,5,1
"78787",257,150,164,192,147,174
"100504278",48,35,38,63,52,32
"59011",720,553,674,589,567,593
"68760",20876,17770,17729,19347,16548,16841
"218811",3552,2992,2864,3163,2887,2741
"73068",265,197,189,202,169,182
"76133",15,10,12,21,20,9
"66121",522,434,409,433,481,414
"268721",3034,2344,2346,2562,2136,2182
"17423",357,270,301,293,249,245
"12325",3160,2514,2565,2670,2361,2300
"18792",1528,1021,1246,1251,1147,999
"22330",10709,8282,7811,9003,7004,7673
"55946",1197,996,919,1150,982,871
"11534",404,324,351,329,356,295
"54169",556,419,374,444,351,372
"435391",12,10,13,8,9,23
"27389",1315,1094,1105,941,1012,822
"67630",3989,2858,2793,2954,2673,2771
"22334",5150,4204,4483,4795,4776,4279
"69156",44,30,26,37,24,32
"319486",9,3,6,9,8,2
"100861834",2,0,0,0,1,0
"218820",508,382,418,501,455,386
"76633",13,11,11,12,15,10
"74896",2,0,0,0,0,0
"791307",0,0,0,0,0,0
"268723",53,59,64,78,56,50
"16531",298,267,202,271,188,241
"620499",3,1,2,5,1,5
"71228",1109,792,700,931,704,805
"105418",0,0,1,2,0,0
"218832",599,409,364,504,321,436
"20088",10684,8194,8046,9293,9835,8329
"70955",1,0,0,0,0,0
"75862",0,0,0,0,0,0
"432830",0,0,4,1,0,1
"328365",2195,1729,1569,2006,1604,1683
"100526533",0,0,0,0,0,0
"77592",0,5,0,2,1,0
"105675",268,247,305,264,240,260
"68173",21,20,20,21,16,6
"74272",0,0,2,0,0,0
"71918",3938,3233,2971,3448,3102,2986
"11744",5357,4005,4180,4608,3993,4262
"211623",29,20,32,10,30,28
"66039",424,290,357,347,347,294
"105594",0,0,0,0,2,2
"278672",100,87,96,119,92,62
"100039484",1996,1470,1768,1702,1698,1574
"100039175",42,21,41,48,36,40
"100039192",421,340,341,335,314,299
"100039213",1,0,3,0,2,2
"100039227",118,98,100,117,105,70
"100039503",1408,1377,1586,1596,1583,1416
"100039246",49,28,21,43,38,40
"100039257",426,336,339,300,329,269
"100039280",0,0,1,0,1,3
"100039293",122,100,95,122,92,61
"71106",29,30,47,31,27,25
"83997",2432,1912,1745,2084,1622,1844
"100039353",0,0,0,0,0,0
"211922",310,191,233,239,242,223
"11843",2683,1909,2044,2310,2151,1930
"211948",530,385,394,455,446,388
"110083",42,29,25,29,27,14
"142687",125,118,133,132,100,110
"72993",1088,761,749,852,694,708
"15209",0,0,1,0,0,0
"171463",120,96,71,89,82,74
"665333",21,8,13,14,8,16
"71704",288,245,198,271,213,275
"218850",590,422,399,494,405,444
"320234",493,400,368,454,412,350
"238988",106,79,86,110,92,87
"100502956",0,0,0,0,0,0
"100504469",0,0,0,0,0,0
"22418",494,347,387,428,380,355
"12294",31,28,21,22,31,22
"319476",3053,2699,2424,2827,2427,2812
"80795",1294,1005,1031,1110,1258,1016
"56249",784,624,699,644,663,590
"50905",7,5,8,1,2,5
"218865",5,4,2,2,0,5
"12289",8,7,2,7,5,6
"75901",500,378,410,447,411,364
"21881",907,643,727,971,820,719
"100526475",0,0,0,0,0,0
"18753",604,407,486,519,451,420
"328370",148,112,103,121,131,96
"54650",414,323,263,318,234,260
"69179",122,85,114,91,134,86
"66175",2279,1760,1685,2163,2089,1702
"16427",11,5,11,4,13,5
"16426",3,0,0,0,1,0
"16424",0,0,1,0,0,1
"23955",141,128,126,136,110,129
"69019",2347,1878,1786,1898,1952,1762
"76485",561,428,511,479,534,408
"30877",1161,941,965,1162,1034,874
"100217431",11,4,7,4,2,0
"100217423",2,6,10,8,2,2
"66923",2552,2004,1704,2296,1614,2084
"66487",101,75,91,98,119,64
"70021",644,574,576,569,594,496
"192187",9,17,12,13,7,8
"100861939",0,0,0,0,0,0
"64652",11462,8930,9118,9788,7965,8612
"21924",64178,55031,55515,56695,61179,53559
"218877",14,12,17,7,9,5
"71838",91,100,83,106,94,91
"104416",1636,1370,1357,1620,1362,1405
"110084",16,15,18,11,6,5
"12339",1263,994,973,1154,939,953
"24056",696,571,572,665,644,587
"67011",495,363,362,359,352,314
"74427",1973,1578,1531,1745,1555,1424
"382864",1172,871,948,987,921,807
"56794",168,110,153,133,156,123
"26363",267,225,254,261,222,237
"105522",774,615,532,742,507,570
"320621",3,0,1,3,0,0
"78754",2,0,3,0,0,0
"105638",497,392,345,384,374,397
"218885",483,400,405,431,400,398
"17695",0,0,0,0,0,0
"27057",1408,1098,1104,1191,1035,1016
"53600",2003,1515,1407,1593,1625,1367
"26430",1069,792,823,967,873,834
"239017",865,640,568,802,496,639
"67085",0,0,0,0,0,0
"12647",2,3,1,0,1,1
"20508",8,3,4,1,4,1
"319955",467,322,334,371,294,284
"320321",0,0,1,3,0,1
"107751",59,44,42,67,49,52
"100504518",5147,4640,4210,5007,3779,4827
"69069",4,3,0,5,2,3
"105511",0,0,0,2,0,1
"320736",88,84,107,90,95,70
"545030",44,35,38,35,14,26
"67580",0,0,0,0,1,0
"622657",1,2,3,3,2,1
"239027",356,263,340,274,244,292
"100862308",6,3,7,5,2,2
"26419",1023,787,803,882,767,751
"268729",0,0,0,0,0,0
"19256",0,0,0,0,0,0
"14560",1,2,1,0,1,2
"12165",0,0,0,0,0,0
"19661",26,14,18,36,31,22
"382867",0,0,0,0,1,0
"432838",0,0,0,0,0,0
"105518",1,2,3,4,3,4
"239029",0,0,2,0,0,0
"11752",313,237,248,237,270,250
"19065",10,17,28,15,10,12
"432839",11,5,8,10,4,4
"319508",3,1,4,1,4,1
"75698",128,87,82,115,103,90
"14661",2758,2218,2132,2533,2154,2145
"100041231",17,19,11,9,13,15
"69134",0,0,0,0,0,0
"20618",65,76,80,73,63,57
"105450",6,6,2,4,0,3
"12166",2724,2072,1962,2403,1785,1983
"78243",0,1,0,0,0,1
"24131",23342,19077,19632,20164,17631,18974
"30044",14,20,21,20,15,15
"218914",2283,1692,1500,1798,1453,1531
"14803",16,12,10,10,6,8
"723847",0,0,0,0,0,0
"239036",0,0,0,0,0,0
"218921",0,0,0,0,0,0
"72972",1983,1555,1356,1739,1271,1388
"57811",0,0,0,0,0,0
"239037",0,0,0,0,0,0
"239038",0,0,1,0,0,0
"170677",20,8,9,17,12,9
"70045",0,1,8,2,0,2
"66092",7352,5923,5906,6084,5596,5441
"18183",0,2,1,3,0,0
"75170",0,0,0,0,0,0
"100503038",0,0,0,0,0,0
"73591",0,0,0,0,0,0
"328381",80,49,58,62,45,44
"52588",1229,914,925,1040,1052,853
"100503457",2,0,0,0,0,0
"70564",275,251,243,219,248,203
"71200",3,0,0,1,0,0
"69496",0,0,0,0,0,0
"11720",0,0,0,0,0,0
"20387",0,0,0,0,0,0
"17194",0,0,0,0,0,0
"20390",0,0,0,0,0,0
"666186",0,0,0,0,0,0
"100041722",0,0,0,0,0,0
"100042114",0,0,0,0,0,0
"666376",0,0,0,0,0,0
"666207",0,0,0,0,0,0
"666214",0,0,0,0,0,0
"100503856",0,0,0,0,0,0
"73553",0,0,0,0,0,0
"666233",0,0,0,0,0,0
"100040771",0,0,0,0,0,0
"666253",0,0,0,0,0,0
"666298",0,0,0,0,0,1
"100504358",0,0,0,0,0,0
"100042055",0,0,0,0,0,0
"100504444",0,0,0,0,0,0
"100042130",0,0,0,0,0,0
"666420",0,0,1,0,0,0
"100041106",136,123,115,137,106,121
"666485",0,0,1,0,0,0
"71826",0,0,1,0,0,0
"666502",0,0,1,1,0,0
"100861719",0,0,0,1,0,0
"100042342",0,0,0,0,0,0
"666561",0,0,0,0,0,0
"13586",0,0,0,0,0,0
"53877",0,0,0,0,0,0
"93725",0,0,0,0,0,0
"503844",0,0,0,0,0,0
"630952",0,0,0,0,0,0
"13587",0,0,0,0,0,0
"74954",0,0,0,0,0,0
"666647",0,0,1,0,0,0
"666660",0,0,0,0,0,0
"666675",0,0,0,0,0,0
"666678",0,0,1,1,0,0
"385138",0,0,1,0,0,0
"666723",0,0,0,0,0,0
"666744",0,0,1,0,0,0
"19214",0,0,0,0,0,0
"100124437",0,0,0,0,0,0
"73895",0,2,0,1,0,0
"19217",3,1,0,1,1,0
"70561",319,225,272,304,279,281
"70713",38,15,31,27,26,17
"50527",697,523,609,716,610,624
"100503256",0,0,0,1,0,0
"67089",3096,2400,2373,2568,2444,2161
"100504523",0,0,0,0,0,0
"56291",906,690,595,771,726,672
"54342",357,215,241,314,256,205
"218952",3640,2990,2966,3234,2807,2747
"67651",0,1,1,1,1,2
"114874",296,236,241,254,262,224
"100628600",0,0,0,0,0,0
"320367",0,0,0,0,0,0
"666834",0,0,0,0,0,0
"218963",4651,3794,3962,4365,4461,3990
"100041724",0,0,0,0,0,0
"12159",1,2,3,5,1,3
"100502795",0,0,0,0,0,0
"72391",1,2,2,2,1,2
"12793",1774,1455,1417,1527,1427,1274
"63985",2393,1761,1586,1950,1696,1549
"328388",4,1,8,6,0,1
"68755",489,438,452,430,475,402
"74480",7448,6181,5519,6714,4993,5880
"14528",63,44,44,51,74,65
"218973",21,16,16,16,20,16
"67296",173,144,98,177,92,135
"218975",2244,1641,1547,1965,1644,1645
"16854",2694,2396,2522,2481,2663,2445
"218977",7,1,6,0,3,8
"78938",938,681,827,763,642,752
"100504663",278,228,197,235,200,214
"16709",7701,5914,5736,6164,5473,5668
"73961",0,0,0,0,0,0
"93834",161,101,98,154,104,117
"624367",0,1,1,0,0,1
"218989",179,133,135,181,125,134
"18424",0,0,0,0,0,0
"606497",0,0,0,0,0,0
"100041864",9,4,6,9,23,7
"66770",1,0,0,0,0,0
"218993",0,0,0,0,0,0
"105504",1445,1103,984,1235,1138,1078
"74385",280,219,194,236,195,218
"70646",1175,921,883,953,1013,938
"67082",5,1,0,1,1,0
"75288",0,0,1,0,1,0
"67419",1397,1274,1260,1511,1253,1337
"258487",1,0,4,3,2,1
"259147",0,0,0,0,0,0
"258485",1,0,0,0,0,0
"100041975",0,0,0,0,0,1
"258314",0,0,0,0,0,0
"258313",0,0,0,0,0,0
"258316",0,0,0,0,0,0
"258039",0,0,0,0,0,0
"258275",0,0,0,0,0,0
"258486",0,0,0,0,0,0
"258360",0,0,0,0,0,0
"258659",0,0,0,0,0,0
"258657",0,0,0,0,0,0
"258658",0,0,0,0,0,0
"257909",0,0,0,0,0,0
"239081",0,0,0,0,0,0
"258660",0,0,0,0,0,0
"258662",0,0,0,0,0,0
"258663",0,0,0,0,0,0
"258661",0,0,0,0,0,0
"258233",0,0,0,0,0,0
"73889",0,0,0,0,0,0
"258422",0,0,0,0,0,0
"219019",0,0,0,0,0,0
"257884",0,0,0,0,0,0
"258296",0,0,0,0,0,0
"258295",0,0,0,0,0,0
"258264",0,0,0,0,0,0
"258113",0,0,0,0,0,0
"56858",0,0,0,0,0,0
"219022",466,325,372,388,408,332
"239083",0,0,0,0,0,0
"85029",12,3,12,8,25,28
"11546",265,203,272,240,219,220
"21745",861,590,567,661,488,535
"546611",46,28,25,28,23,14
"328399",23,24,24,7,7,17
"66246",454,338,398,411,404,393
"11792",539,393,428,501,429,442
"219024",388,310,335,355,389,321
"18950",224,142,195,268,198,201
"667034",29,9,20,42,8,25
"75019",2,1,2,3,2,3
"328401",0,0,0,0,1,0
"497113",0,0,0,0,0,0
"497106",0,0,0,0,0,0
"404319",0,0,0,0,0,0
"11727",17,13,11,17,9,15
"58809",593,398,460,547,528,461
"219026",0,0,0,0,0,0
"78416",1,0,0,0,0,0
"19752",1,3,0,2,1,1
"54159",0,0,0,0,0,0
"11731",0,0,4,0,1,3
"503847",0,0,0,0,0,0
"93726",0,0,0,0,0,0
"75377",0,0,0,0,0,0
"638695",0,0,0,0,0,0
"669149",0,0,0,0,0,0
"22301",0,0,0,0,0,0
"434459",0,0,0,0,0,0
"545047",0,0,0,0,0,0
"219033",0,1,3,0,0,0
"278676",0,0,0,0,0,1
"93719",0,0,0,0,0,0
"52535",204,168,156,157,163,159
"214922",11,16,16,11,11,10
"29811",3071,2826,3069,2434,2585,2727
"219038",1,1,1,0,3,0
"497071",3,0,0,1,0,2
"268739",1227,968,1010,1170,949,994
"100502764",6,3,4,0,4,4
"69890",814,633,779,716,771,576
"619301",9,5,11,14,2,8
"258420",0,0,0,0,0,0
"15381",3192,2489,2479,2797,2764,2391
"77945",11,2,7,7,3,3
"114741",1368,973,894,1175,983,923
"67772",2521,1873,1692,2080,1576,1784
"100217445",0,2,4,1,1,0
"100861840",26,25,7,18,5,26
"76338",135,94,101,108,102,71
"268741",2127,1658,1535,1915,1538,1456
"56335",387,291,286,319,313,258
"50524",294,247,239,296,225,252
"258008",0,0,0,0,0,0
"258424",0,0,0,0,0,0
"258268",0,0,0,0,0,0
"258423",0,0,0,0,0,0
"627171",0,0,0,0,0,0
"57271",0,0,0,0,0,0
"57270",0,0,0,0,0,0
"57269",0,0,0,0,0,0
"100042372",0,0,0,0,0,0
"667441",0,0,0,0,0,0
"633740",0,0,0,0,0,0
"667449",0,0,0,0,0,0
"671652",0,0,0,0,0,0
"436539",0,0,0,0,0,0
"100042410",0,0,0,0,0,0
"627394",0,0,0,0,0,0
"100042419",0,0,0,0,0,0
"277146",0,0,0,0,0,0
"382180",0,0,0,0,0,0
"667476",0,0,0,0,0,0
"671927",0,0,0,0,0,0
"667481",0,0,0,0,0,0
"100101486",0,0,0,0,0,0
"100042444",0,0,0,0,0,0
"640196",0,0,0,0,0,1
"627273",0,0,0,0,0,0
"100043177",0,0,0,0,0,0
"640931",0,0,0,0,0,0
"630415",0,0,0,0,0,0
"436468",0,0,0,0,0,0
"100042470",0,0,0,0,0,0
"328482",0,0,0,0,0,0
"100042479",0,0,0,0,0,0
"100043197",0,0,0,0,0,0
"100038850",0,0,0,0,0,0
"667542",0,0,0,0,0,0
"667547",0,0,0,0,0,0
"100043214",0,0,0,0,0,0
"100101491",0,0,0,0,0,0
"100043202",0,0,0,0,0,0
"667574",0,0,0,0,0,0
"195296",0,0,0,0,0,0
"667583",0,0,0,0,0,0
"385047",0,0,0,0,0,0
"320734",0,0,0,0,0,0
"667596",0,0,0,0,0,0
"667604",0,0,0,0,0,0
"547329",0,0,0,0,0,0
"639655",0,0,0,0,0,0
"634322",0,0,0,0,0,0
"636127",0,0,0,0,0,0
"279872",0,0,0,0,0,0
"100126451",0,0,0,0,0,0
"667626",0,0,0,0,0,0
"620297",0,0,0,0,0,0
"100042560",0,0,0,0,0,0
"667635",0,0,0,0,0,0
"100043218",0,0,0,0,0,0
"100042568",0,0,0,0,0,0
"100043204",0,0,0,0,0,0
"100126452",0,0,0,0,0,0
"100042574",0,0,0,0,0,0
"667660",0,0,0,0,0,0
"100042579",0,0,0,0,0,0
"100126454",0,0,0,0,0,0
"100043270",0,0,0,0,0,0
"100043274",0,0,0,0,0,0
"667681",0,0,0,0,0,0
"100042593",0,0,0,0,0,0
"193574",0,0,0,0,0,0
"547424",0,0,0,0,0,0
"100043282",0,0,0,0,0,0
"279882",0,0,0,0,0,0
"100042607",0,0,0,0,0,0
"100042614",0,0,0,0,0,0
"100126456",0,0,0,0,0,0
"100126457",0,0,0,0,0,0
"547328",0,0,0,0,0,0
"100126458",0,0,0,0,0,0
"100126459",0,0,0,0,0,0
"100126460",0,0,0,0,0,0
"100043308",0,0,0,0,0,0
"634132",0,0,0,0,0,0
"100126462",0,0,0,0,0,0
"328483",0,0,0,0,0,0
"547420",0,0,0,0,0,0
"100126463",0,0,0,0,0,0
"386450",0,0,0,0,0,0
"674098",0,0,0,0,0,0
"627324",0,0,0,0,0,0
"100126464",0,0,0,0,0,0
"667765",0,0,0,0,0,0
"100126465",0,0,0,0,0,0
"100126466",0,0,0,0,0,1
"630061",0,0,0,0,0,0
"630086",0,0,0,0,0,0
"100126469",0,0,0,0,0,0
"436467",0,0,0,0,0,0
"386446",0,0,0,0,0,0
"436479",0,0,0,0,0,0
"100126471",1,2,0,0,0,1
"100043322",1,0,0,0,0,0
"654836",0,0,0,0,0,0
"638566",1,0,0,1,0,0
"667567",4,0,1,0,3,0
"436545",0,0,0,0,0,0
"320898",0,1,0,2,0,0
"630461",0,0,0,0,0,0
"100113414",1,2,0,3,1,2
"21507",0,0,0,0,0,0
"100113413",0,0,0,0,0,0
"213480",0,0,0,0,0,0
"432910",0,0,0,0,0,0
"193587",0,0,0,0,0,0
"195297",0,0,0,0,0,0
"100113412",0,0,0,0,0,0
"547330",0,0,0,0,0,0
"211027",0,0,0,0,0,0
"219060",0,0,0,0,0,0
"627777",0,0,0,0,0,0
"547427",0,0,0,0,0,0
"547428",0,0,0,0,0,0
"100101940",0,0,0,0,0,0
"627813",0,0,0,0,0,0
"100101942",0,0,0,0,0,0
"320913",0,0,0,0,0,0
"100114901",0,1,0,1,1,0
"100114902",0,0,0,0,0,0
"100114904",1,0,0,0,0,0
"100115376",2,0,0,0,1,0
"100118398",2,0,0,0,1,0
"100123473",22,8,15,31,18,17
"626545",5,2,1,2,2,2
"100124293",0,0,0,0,0,0
"100124294",0,0,0,0,0,0
"100124295",0,0,0,0,0,0
"100124296",0,0,0,0,0,0
"100124335",0,0,0,0,0,0
"100124336",0,0,0,0,0,0
"100124338",0,0,0,0,0,0
"100124339",0,0,0,0,0,0
"100124340",0,0,0,0,0,0
"100124341",0,0,0,0,0,0
"100124342",0,0,0,0,0,0
"100124343",0,0,0,0,0,0
"100124344",0,0,0,0,0,0
"100124345",0,0,0,0,0,0
"100124346",0,0,0,0,0,0
"100124347",0,0,0,0,0,0
"100124348",0,0,0,0,0,0
"100124349",0,0,0,0,0,0
"100124351",0,0,0,0,0,0
"100124352",0,0,0,0,0,0
"100124354",0,0,0,0,0,0
"100124355",0,0,0,0,0,0
"100124356",0,0,0,0,0,0
"100124357",0,0,0,0,1,0
"100124358",0,0,0,0,0,0
"100124359",0,0,0,0,0,0
"100124360",0,0,0,0,0,0
"100124361",0,0,0,0,0,0
"100124362",0,0,0,0,0,0
"100124363",0,0,0,0,0,0
"100124364",0,0,0,0,0,0
"100124365",0,0,0,0,0,0
"100124366",0,0,0,0,0,0
"100124367",0,0,0,0,0,0
"100124368",0,0,0,0,0,0
"100124369",0,0,0,0,0,0
"100124370",0,0,0,0,0,0
"100124371",0,0,0,0,0,0
"100124372",0,0,0,0,0,0
"100124387",0,0,0,0,0,0
"100124388",0,0,0,0,0,0
"100124390",0,0,0,0,0,0
"100124391",0,0,0,0,0,0
"100124392",0,0,0,0,0,0
"100124393",0,0,0,0,1,0
"100124396",0,0,0,0,0,0
"100124397",0,0,0,0,0,0
"654839",0,0,0,0,0,0
"100124398",0,0,0,0,0,0
"100124399",0,0,0,0,0,0
"654838",0,0,0,0,0,0
"100101484",7,2,4,4,8,8
"13135",1198,1013,963,1025,1130,959
"105501",1127,871,946,1060,966,922
"18348",0,0,0,0,1,0
"69089",1072,798,874,922,897,880
"20540",122,84,106,89,99,110
"68836",562,432,497,487,571,485
"17387",2493,1752,1979,2210,2247,1826
"65107",2414,2005,2139,2125,2094,2054
"140743",3,3,5,3,4,3
"27374",1917,1539,1578,1622,1541,1402
"219072",207,148,176,146,160,147
"16475",1088,875,1014,1088,1007,880
"74359",85,77,74,85,84,77
"19173",2100,1616,1707,1655,1747,1608
"751525",0,0,0,0,0,0
"73902",1,0,3,1,0,2
"239096",26,24,24,22,31,11
"56215",3852,2940,3161,3052,2945,2575
"75913",66,57,63,57,50,37
"58248",408,338,299,360,338,324
"110794",1,0,1,3,0,1
"50934",426,319,316,395,316,302
"239099",212,187,174,178,169,172
"105651",51,38,35,46,36,39
"12050",2078,1727,1577,1675,1588,1351
"54196",3397,2579,3413,2944,3373,2601
"59049",669,545,658,637,622,531
"13644",108,120,112,134,95,73
"140806",1,1,1,2,1,0
"67272",0,2,0,7,0,1
"17888",213,183,256,233,182,252
"387204",0,1,0,0,0,0
"791403",5,3,6,4,3,4
"140781",10585,10568,13203,12611,9779,14621
"100124433",0,1,1,0,1,1
"68966",528,451,500,471,504,494
"239102",541,360,427,394,339,353
"432855",3,1,0,2,2,0
"105663",416,374,379,404,406,352
"11766",293,234,255,234,250,200
"319984",74,36,74,55,87,50
"71412",16,16,14,10,20,11
"667952",17,14,12,18,5,11
"28200",487,386,396,412,435,386
"268747",19,12,12,11,7,11
"12891",3,6,0,3,2,0
"18185",0,1,0,0,0,0
"100038376",0,0,4,2,0,0
"74551",388,264,355,333,304,311
"28199",1426,1177,1139,1290,1226,1068
"68680",751,619,715,678,739,665
"19186",339,257,260,265,296,260
"85308",205,150,181,156,168,135
"19188",462,307,341,353,372,338
"268749",296,228,251,265,195,230
"16391",157,131,122,131,95,138
"56739",12,7,3,8,4,4
"75751",3146,2540,2572,2854,2514,2488
"74140",996,785,850,841,785,798
"100861981",1,1,0,0,0,0
"71099",4,1,0,6,1,2
"67881",638,510,531,568,574,498
"18002",984,746,767,753,874,760
"105446",167,122,120,134,92,110
"28113",212,160,146,173,166,143
"21816",1,2,3,2,1,4
"56187",388,271,350,310,317,310
"52585",869,694,700,719,740,654
"67842",557,459,495,481,484,428
"12684",4,5,4,8,4,3
"57260",3,1,2,3,3,1
"16995",2,5,1,1,5,2
"104110",11,7,3,6,9,9
"56532",155,124,123,113,135,122
"73181",89,82,100,81,76,67
"277154",26,23,27,23,28,18
"56410",5,3,6,11,9,4
"219094",279,216,225,226,193,179
"654795",236,183,223,196,249,196
"17228",2,3,0,3,2,2
"17223",0,0,0,0,0,0
"545055",0,0,0,0,0,1
"545056",8,1,5,2,4,6
"17224",0,3,0,1,0,0
"17232",0,0,0,0,0,0
"17225",0,0,0,0,0,0
"17227",0,0,0,0,0,0
"17231",124,108,117,99,107,96
"13035",2,0,0,2,4,1
"14942",9,2,12,10,9,11
"14941",3,2,4,1,0,0
"14944",1,0,0,0,0,0
"245839",2,0,0,0,0,0
"14943",0,0,0,0,0,0
"14940",1,0,1,0,0,0
"14939",0,0,0,0,0,0
"192113",0,0,0,0,0,0
"100038506",0,0,0,0,0,0
"30054",2,2,1,1,0,0
"219103",153,129,132,125,115,129
"328417",548,360,354,444,271,400
"75339",1553,1207,1317,1323,1382,1269
"100503823",39,21,29,35,22,17
"66645",297,233,236,303,271,251
"219105",521,376,442,462,372,389
"100503842",16,16,14,6,22,14
"76007",1813,1344,1174,1492,1117,1252
"432860",0,0,0,0,0,0
"14611",207,169,156,209,158,164
"14619",2,2,1,1,3,0
"14623",0,1,0,1,1,0
"68631",27,19,15,18,17,18
"668090",25,18,22,23,35,25
"21821",144,97,105,139,122,105
"239114",21,24,20,16,23,22
"68043",388,251,342,332,376,309
"67518",1,0,0,0,1,1
"57258",448,356,268,441,274,303
"100862055",0,0,0,0,0,0
"50523",1408,1059,925,1240,898,1037
"20220",1857,1490,1507,1699,1671,1495
"100526476",0,0,0,0,0,0
"219114",7,5,10,7,4,7
"67840",423,354,321,325,466,345
"75965",1671,1122,1237,1277,1155,1045
"68514",2540,2115,2178,2508,2296,1991
"14180",308,241,350,271,344,251
"67932",0,0,0,0,0,0
"380907",0,0,0,0,0,0
"71330",561,424,457,468,392,383
"628693",1,1,0,1,0,1
"219131",0,0,0,0,0,1
"236451",0,0,0,1,0,0
"219132",6,7,7,5,2,16
"628705",10,12,6,10,6,6
"239122",113,74,90,84,76,82
"69008",504,430,441,451,435,386
"71891",553,453,430,460,412,436
"219134",2851,2259,2109,2873,2532,2202
"50769",27,20,21,22,21,13
"71844",957,765,685,898,603,709
"751526",0,0,0,0,0,0
"219135",1936,1455,1511,1599,1387,1489
"72125",0,2,0,1,0,0
"100862065",1,0,0,2,0,0
"219140",10,5,9,16,8,11
"239126",0,0,0,0,0,0
"100504019",0,0,0,0,0,0
"70478",378,258,227,298,274,277
"29820",1043,804,835,938,814,891
"50720",261,147,58,245,35,183
"24053",4538,3680,4016,3975,3785,3854
"100046950",0,0,0,0,0,0
"67355",0,0,0,0,0,1
"219144",0,0,1,1,1,0
"68177",59,55,59,42,70,51
"16648",2559,2114,1864,2274,1907,1957
"75349",0,0,0,0,0,0
"66674",348,286,275,327,310,272
"66597",405,410,338,385,381,327
"668253",83,67,53,60,62,54
"328424",10,12,7,6,10,8
"100504051",18,14,14,13,11,8
"387134",4,0,6,0,0,0
"387174",0,0,0,0,0,0
"100316771",0,0,0,0,0,0
"239133",18,16,19,15,14,14
"67153",124,98,114,104,108,99
"239134",0,0,0,0,2,0
"545062",1,0,1,1,0,0
"629059",45,25,41,32,36,40
"319433",5,5,10,4,3,8
"18130",534,420,417,471,394,393
"71000",0,0,0,0,0,0
"268752",102,66,44,111,72,69
"432867",0,0,0,0,0,0
"654465",0,0,1,0,0,0
"654458",0,0,0,0,0,0
"73670",0,0,0,0,0,0
"619548",0,0,0,0,0,0
"72609",3,2,0,1,1,1
"13030",9356,7358,7780,8294,7800,7064
"14137",1496,1141,1091,1385,1244,1191
"382913",12,8,11,8,6,6
"14463",31,43,48,36,38,35
"12143",19,21,13,10,14,20
"219148",1350,1140,1149,1191,1146,1060
"58865",5,5,4,2,5,3
"210376",541,412,377,490,359,378
"219149",29,23,23,21,18,20
"100124452",0,0,0,0,0,0
"72400",205,174,171,184,189,169
"20680",3,5,0,2,2,2
"67750",0,1,0,0,0,0
"271209",1,0,0,0,0,0
"71037",0,0,0,1,1,0
"100504162",0,0,0,0,1,0
"78176",0,0,0,0,0,0
"73382",2,0,1,0,0,0
"110265",197,172,158,151,132,132
"78271",3,6,2,2,5,1
"268755",1,2,2,2,2,1
"387233",0,0,0,0,0,0
"100526520",0,0,0,0,0,0
"16554",611,361,393,450,335,358
"219150",470,363,246,359,217,317
"210925",589,477,524,506,430,438
"54616",3627,2810,2711,3137,2654,2938
"14365",673,517,411,547,414,515
"50759",165,142,136,127,147,124
"380912",143,95,125,113,120,98
"18155",15,9,16,7,7,8
"74195",1315,1029,968,1178,1085,1001
"100503545",0,0,2,1,0,1
"71145",1,3,2,1,0,1
"52033",4,3,1,0,2,2
"71988",3,3,2,1,0,4
"67179",1010,719,706,838,816,706
"68584",0,0,0,0,0,0
"219151",4,3,3,3,4,2
"100504279",0,0,0,1,0,0
"12759",24,9,20,31,26,15
"268756",0,0,0,0,0,0
"11495",0,0,0,1,0,2
"13850",63,66,48,81,53,34
"110902",1,0,0,2,0,0
"19229",423,324,353,360,323,380
"100043676",1,0,0,1,2,2
"69303",4,5,3,1,7,7
"66854",9572,7573,7494,8869,7894,7745
"56471",34,21,9,16,25,20
"100504326",0,0,0,0,0,0
"11549",2,1,0,0,1,3
"791407",0,0,0,0,1,0
"12934",282,176,215,181,248,212
"432870",0,0,2,1,1,0
"239157",18,14,12,12,16,7
"12177",1956,1540,1565,1703,1695,1461
"71978",2194,1678,1731,1967,1770,1629
"13592",87,57,58,80,67,82
"628416",2,0,0,0,0,0
"73977",0,0,0,0,0,0
"100038671",0,1,0,0,0,0
"108912",36,20,20,17,21,10
"105440",2202,1749,1633,1790,1642,1567
"14714",6,9,11,12,11,6
"68813",730,502,394,593,361,437
"18039",87,76,95,56,30,38
"18040",129,96,136,114,91,97
"100043072",4,2,5,1,0,0
"11500",0,0,0,0,0,0
"58860",2,0,0,0,0,0
"13522",0,0,1,1,0,0
"20855",79,40,74,37,45,48
"73554",5,1,5,1,1,4
"18092",0,1,0,1,0,0
"18095",0,0,0,0,0,0
"67712",1066,861,938,1036,947,748
"239167",5,4,2,0,0,2
"100504477",2,0,0,0,8,0
"67464",1659,1213,1347,1555,1321,1375
"100504489",62,39,49,24,47,23
"100862072",1328,751,865,994,740,1075
"100862085",38,28,34,43,46,24
"100504453",10,0,6,6,6,4
"100862375",2962,2561,2526,2797,2529,2514
"94352",2805,1807,2095,2749,1988,2306
"791405",0,0,2,0,0,0
"71843",509,423,475,499,498,435
"105513",1311,1057,986,1085,1040,1091
"21933",605,427,467,527,492,498
"246710",1308,1106,1069,1177,953,973
"73523",2,3,2,2,3,2
"13655",956,742,620,856,616,672
"57784",512,417,413,473,448,440
"219158",759,623,713,724,701,633
"268759",60,50,53,47,37,29
"213019",395,287,358,293,278,275
"20410",663,525,577,517,488,522
"19057",138,102,119,148,117,135
"213053",1074,835,781,921,675,811
"57746",15,7,16,7,13,10
"67065",648,493,577,591,567,540
"723838",0,0,0,0,2,0
"105653",8,12,13,11,12,11
"12153",2726,1971,2544,2575,2438,2122
"20389",0,0,0,0,0,0
"213469",2,5,10,4,5,2
"72549",135,105,98,112,130,91
"15460",147,116,169,149,132,137
"213484",275,195,237,272,258,207
"239170",927,676,771,788,746,713
"13829",14,18,30,28,19,15
"14171",0,4,6,3,2,4
"100861616",0,0,0,0,0,0
"328440",3,10,6,6,1,3
"65246",1562,1215,1089,1347,1069,1194
"13449",7,5,5,3,10,0
"73648",0,0,0,0,0,0
"14586",115,75,88,119,102,112
"100043132",0,0,0,0,0,0
"74667",0,0,0,0,0,0
"675947",0,0,0,0,1,0
"319448",741,498,473,614,479,497
"668489",1,0,1,0,0,1
"70086",0,0,0,0,0,0
"105670",639,510,547,560,507,504
"19645",3341,2482,2153,2773,2074,2240
"751541",0,0,0,0,0,0
"67168",135,85,96,94,74,92
"16432",8400,6234,6617,7042,6967,6470
"100504566",11,7,12,13,2,3
"67381",428,320,363,369,337,307
"214254",63,51,55,47,48,54
"20916",4392,3677,3659,3802,3588,3325
"100503116",472,337,386,381,413,303
"74425",0,0,0,0,0,0
"15558",60,39,32,65,39,50
"13885",3952,2921,3053,3522,3538,2853
"380916",377,331,228,349,290,263
"100038618",0,0,1,0,0,0
"100043169",0,0,0,0,0,0
"271221",34,29,32,30,34,27
"70859",0,0,0,0,0,0
"18826",9,11,8,13,11,10
"100043176",0,0,0,0,0,0
"56373",1,0,2,2,0,1
"67302",1701,1339,1429,1442,1375,1223
"380918",0,0,0,0,0,0
"67926",0,0,0,0,0,0
"75272",0,0,0,0,0,0
"338337",566,480,434,507,478,419
"67554",118,82,95,99,98,112
"100043189",45,34,52,36,41,27
"22070",24071,20075,20774,22407,22600,19005
"100038852",7,4,5,2,2,2
"100303751",49,49,48,31,53,22
"68705",406,305,298,327,321,279
"668504",0,1,1,0,0,0
"67516",0,2,1,1,1,1
"67467",706,579,505,635,493,483
"27275",269,259,228,315,292,222
"21807",6390,5418,5750,6251,6217,5652
"100503222",227,182,187,181,168,145
"75789",0,0,0,0,0,0
"72661",18,11,18,10,9,22
"73272",4,1,2,6,2,1
"210808",363,284,255,309,305,266
"108811",87,76,73,84,96,51
"239188",118,113,118,162,108,91
"100043755",1053,831,871,978,1199,900
"629678",0,0,0,0,0,0
"380920",0,0,0,0,0,0
"66148",417,325,313,342,363,276
"108670",3,5,0,1,0,0
"100502638",0,0,0,0,0,0
"219170",0,0,0,0,1,0
"100316715",0,0,0,0,0,0
"21943",5,3,0,0,0,0
"219181",5201,3921,3169,4654,3130,3554
"380921",90,59,23,75,29,65
"219189",1575,1192,1087,1304,998,1216
"105590",4,1,3,1,1,2
"100861718",0,0,0,0,0,0
"66214",8,8,3,18,11,12
"66897",206,149,169,149,138,140
"211253",123,88,104,117,111,113
"211255",296,217,191,239,199,181
"432879",19,11,10,10,9,6
"22380",1298,1103,1112,1149,1279,1007
"13709",257,205,227,265,228,181
"67955",1172,862,818,935,887,928
"16840",0,0,0,0,0,0
"73989",0,0,0,0,0,0
"791080",0,0,0,0,0,0
"18530",4,7,9,8,5,5
"100038734",0,0,1,0,0,0
"380924",1,1,2,3,3,2
"219228",38,30,31,49,20,29
"319903",0,0,0,0,0,0
"75155",0,0,0,0,0,0
"56419",76,60,64,41,38,35
"219249",417,336,346,345,300,323
"219257",3,1,5,2,4,3
"328451",400,335,400,444,373,366
"74967",0,0,1,0,0,2
"211712",141,123,76,116,96,113
"100502750",0,0,0,0,0,0
"66732",0,0,0,0,0,0
"93688",6,6,5,4,3,4
"13134",40,26,31,33,44,25
"76789",907,733,670,767,733,705
"77744",60,41,57,30,45,31
"72662",549,378,358,458,316,355
"52023",379,312,335,328,258,283
"12224",1820,1435,1514,1755,1764,1619
"546623",0,0,0,0,0,0
"16597",71,43,29,67,27,28
"76627",0,0,0,0,0,0
"210789",71,48,51,77,48,54
"100502869",3,0,3,0,1,0
"66200",304,203,184,286,228,207
"50933",315,236,253,298,260,233
"380928",8880,6572,5841,8443,6401,6460
"239217",291,205,140,180,185,167
"100628599",0,0,0,0,0,0
"71264",0,0,0,0,0,1
"16365",1,0,0,2,0,0
"211286",663,478,504,602,594,511
"50789",899,648,617,788,712,626
"105689",1920,1296,1033,1598,848,1396
"64929",76,53,49,57,62,45
"105439",0,1,3,3,2,0
"70898",0,0,0,0,0,0
"13618",4,2,10,11,9,5
"73877",0,0,0,0,0,0
"320671",1,1,1,2,0,2
"18996",143,100,112,134,120,88
"72486",110,85,100,71,83,97
"320249",0,0,0,0,0,0
"100502987",309,222,272,256,215,213
"74213",890,629,578,706,593,626
"76273",518,431,405,475,447,416
"71362",14,5,6,7,10,9
"74864",0,0,0,0,0,0
"380930",3,1,0,3,0,0
"24064",1430,1100,1216,1109,1243,1107
"621364",0,0,0,0,0,0
"212085",0,0,0,0,0,0
"73631",0,0,1,0,0,1
"100043809",0,0,0,0,0,0
"668736",0,0,0,0,0,0
"668738",1,0,0,0,0,0
"668739",0,0,0,0,0,0
"621487",0,0,0,0,0,0
"668743",0,0,0,0,0,0
"100043811",0,0,0,0,0,0
"621499",0,0,0,0,0,0
"100043814",0,0,0,0,0,0
"668742",0,0,0,0,0,0
"76965",4,1,2,0,2,2
"239250",7,1,5,3,6,1
"622052",0,0,0,0,0,0
"75409",57,26,36,34,42,25
"192885",8,5,4,8,11,5
"75822",0,0,0,0,0,0
"723905",0,0,0,1,0,0
"387135",0,0,1,0,0,0
"723891",0,0,0,0,0,0
"387139",0,0,0,0,0,0
"751527",0,0,0,0,0,0
"75957",27,23,26,22,17,19
"751549",0,0,0,0,0,0
"103978",3,0,1,1,0,0
"75088",0,0,0,0,0,0
"23888",418,263,244,365,259,255
"100503703",0,0,0,0,0,0
"13190",0,0,0,0,0,0
"76355",230,180,217,239,208,189
"58245",359,263,301,290,363,271
"223227",1,0,0,0,0,0
"668814",0,0,0,0,0,0
"73306",0,0,0,0,0,0
"239273",263,167,138,255,178,202
"58187",1,0,0,1,0,0
"66573",335,200,255,307,277,235
"100037258",2073,1524,1602,1800,1568,1645
"66435",212,137,167,194,175,135
"50787",0,0,0,0,0,0
"75432",0,0,0,0,0,0
"239283",0,1,0,0,0,1
"105559",4103,3148,2866,3587,2699,2972
"100503814",0,0,0,0,0,0
"76108",392,325,276,317,336,293
"100862014",0,0,0,0,0,0
"70572",5031,4079,3797,4685,3984,4042
"223254",930,718,595,836,647,706
"320268",155,127,114,124,103,110
"223255",677,485,503,583,465,495
"56643",0,0,0,0,0,0
"105445",224,118,121,144,107,125
"68889",719,625,625,621,651,554
"110168",1,1,1,2,5,0
"321019",1,0,0,1,1,1
"223262",0,0,0,1,0,0
"319727",36,24,34,42,30,25
"68059",2608,1847,2032,2282,1956,1820
"69634",357,322,298,365,343,305
"68245",0,0,0,0,0,0
"328479",0,0,0,0,0,0
"65100",1,0,2,0,1,0
"69248",0,0,0,1,0,0
"22772",1,2,0,2,0,1
"100038380",0,0,0,0,0,0
"110821",427,360,314,338,357,317
"223267",117,94,121,104,120,113
"654799",6,5,4,7,7,6
"70551",203,133,123,173,179,159
"380934",1,0,0,0,0,0
"338370",12,5,6,11,6,5
"223272",112,94,102,140,133,92
"14169",4,1,0,5,3,2
"69393",0,0,0,0,0,0
"20363",523,429,416,518,421,385
"100039139",3,0,1,0,5,2
"14600",1389,1051,1065,1300,1091,1004
"106052",99,83,97,89,103,79
"106064",710,529,542,654,520,472
"328489",0,0,0,0,1,1
"414066",11,7,9,15,8,6
"67041",2933,2407,2389,2683,2403,2573
"100862317",0,0,0,0,0,0
"239318",1,0,0,0,0,0
"12274",0,0,0,0,0,1
"223825",4,6,0,2,2,2
"109828",6,11,6,16,9,13
"239319",305,241,217,257,174,225
"67281",3833,3099,3106,3289,3628,2939
"100302529",5,8,6,8,7,3
"105787",1576,1189,1185,1345,1139,1156
"67515",793,624,621,669,630,609
"19219",82,57,56,71,58,52
"71432",0,0,0,0,0,0
"13132",367,258,277,321,233,234
"12279",0,0,0,0,0,0
"23880",7,4,4,12,7,6
"78757",614,481,378,603,365,440
"18414",189,137,117,180,112,121
"16880",174,107,120,155,132,115
"268780",5,3,9,3,7,11
"14573",206,174,144,212,179,162
"545085",617,478,467,507,491,476
"665556",0,0,1,0,0,0
"170762",700,425,414,470,401,447
"73692",570,387,354,400,291,380
"71175",2138,1516,1189,1879,1198,1578
"20512",5,3,6,2,3,1
"223332",4,0,3,0,2,1
"68646",375,330,285,325,323,296
"27401",91,60,77,95,78,82
"320506",856,581,357,716,310,520
"100505224",0,0,0,0,0,0
"105887",0,0,0,0,0,0
"223337",0,0,0,0,0,0
"75568",1,0,1,0,1,0
"16197",0,0,0,0,1,0
"320277",2,1,3,4,2,1
"19116",11,3,2,2,0,10
"268782",1,1,1,2,1,0
"78244",1709,1401,1476,1441,1499,1321
"67832",771,595,641,688,649,633
"19355",90,52,58,59,95,75
"100862295",0,0,0,0,0,0
"75777",2,1,0,0,0,2
"75646",1293,899,1023,1312,1112,1026
"100038608",7,2,1,3,4,1
"75259",42,35,27,53,39,44
"100502601",0,0,0,0,0,2
"81799",24846,22425,24159,20249,20461,20779
"17117",404,273,382,338,350,277
"22293",5,0,0,1,1,1
"239336",6,4,1,4,1,3
"239337",437,238,219,358,190,294
"110960",2607,1976,2060,2393,2231,2011
"18162",117,71,89,92,93,80
"381002",3,3,0,1,0,0
"73339",0,0,0,0,0,0
"20024",1277,998,1019,1112,1140,1009
"22763",3733,2811,2655,3276,2518,2778
"100316684",4,2,3,2,3,2
"100040052",11,7,9,6,14,7
"268783",334,241,212,254,221,226
"66629",1744,1357,1445,1589,1444,1351
"68070",78,62,42,66,48,68
"100862396",0,0,0,0,1,1
"669751",0,0,0,0,0,0
"77877",629,457,494,535,445,448
"14000",1776,1299,1279,1571,1264,1362
"12563",59,46,33,62,33,47
"12565",1,0,1,1,1,0
"70886",0,0,0,0,0,0
"320873",40,36,37,29,28,35
"64833",3,1,1,5,0,0
"215654",0,1,1,3,0,0
"545091",0,0,0,0,0,0
"320865",38,28,35,46,37,39
"100040529",0,0,0,0,0,0
"223413",0,0,0,0,0,0
"100862086",0,0,0,0,0,0
"70350",1128,812,1072,1136,1291,991
"432939",1,0,0,0,1,3
"17909",8284,6010,5586,6890,5192,5918
"66270",1575,1342,1318,1525,1373,1234
"52521",1107,925,1088,1180,1173,1049
"211147",134,123,137,182,222,124
"448987",28,28,29,31,21,23
"622531",2,3,5,3,8,1
"100038662",0,0,0,0,0,0
"11732",2265,1830,1908,1883,1777,1735
"223431",0,1,0,0,0,1
"791293",10,7,10,9,4,4
"432940",755,675,692,652,682,642
"223433",23,11,2,6,10,6
"223435",8899,6494,5179,7529,4773,6554
"328516",2,0,0,0,0,0
"110082",4,6,3,8,2,3
"100628607",0,0,0,0,0,0
"18163",19,14,14,21,13,12
"73784",0,0,0,0,0,0
"223453",2045,1694,1891,1966,1929,1685
"67434",136,110,110,127,101,95
"252967",53,25,24,40,41,42
"223455",3112,2309,2220,2457,1994,2197
"69574",343,320,334,262,357,329
"12465",6371,5008,4983,5398,5295,4660
"68073",287,245,288,268,276,239
"57254",0,0,0,0,0,0
"100616095",95,56,81,82,73,59
"66835",1,2,1,1,0,0
"20356",739,595,437,599,364,500
"15529",1491,1043,1195,1303,1192,1087
"54381",372,227,275,308,297,270
"73486",0,0,0,0,0,0
"75880",0,0,0,0,0,0
"239364",187,146,188,153,145,175
"67154",5034,3946,4217,4563,4345,3961
"100503407",8,10,8,6,3,4
"114128",957,740,814,837,814,747
"17181",350,218,215,258,265,238
"77358",0,0,0,1,0,0
"19946",4024,2894,3263,3130,3593,3031
"239368",1,0,0,2,0,0
"15473",182,148,135,126,131,139
"67724",330,249,245,316,230,229
"223473",7,5,5,5,11,6
"71637",1,0,0,1,0,0
"16539",0,1,1,0,0,0
"56274",340,276,279,329,332,307
"107587",6,1,2,2,5,3
"100126269",0,0,0,0,0,0
"666173",356,273,224,360,205,275
"100316736",0,0,0,0,0,0
"100124469",0,0,0,0,0,0
"12864",3011,2280,2488,2459,2816,2195
"626596",1,0,0,0,0,0
"78803",0,0,1,0,0,1
"17749",376,274,286,277,362,287
"26942",81,43,60,71,44,44
"30945",1030,838,800,878,842,773
"68839",957,713,770,782,761,722
"66696",1,0,0,0,0,0
"18458",10241,7540,8747,9727,9740,8354
"22631",4337,3265,3535,3801,3900,3485
"100505062",2,2,0,0,0,2
"100038735",0,2,1,4,1,3
"100862212",1,2,1,2,0,1
"68036",1633,1373,1336,1580,1521,1351
"100503499",0,0,0,0,0,0
"252973",0,0,2,2,0,0
"52589",55,33,20,29,38,24
"100503538",1,1,0,0,0,0
"74892",0,0,0,0,0,0
"382985",455,343,302,369,318,344
"100041478",886,665,747,781,963,683
"70790",5882,4240,3579,4847,3188,4171
"100503601",2,1,1,0,0,0
"18285",0,2,0,0,0,0
"21847",722,646,505,712,591,511
"54375",3103,2487,2219,2848,2422,2563
"69679",1,1,0,0,0,0
"66335",1476,1137,1084,1212,1205,1206
"118452",252,211,193,241,191,208
"14368",101,74,86,78,71,70
"68588",54,28,54,34,50,41
"69906",210,159,161,188,153,129
"223499",669,520,522,620,550,506
"116838",295,257,172,199,186,182
"75766",0,0,0,0,0,0
"64705",0,0,0,0,1,0
"100503072",0,0,0,0,0,0
"239393",667,526,462,597,480,499
"105976",0,0,0,0,0,0
"328531",0,0,0,0,0,0
"432945",0,0,0,0,0,0
"22762",161,122,139,175,134,135
"170719",1705,1459,1231,1580,1240,1307
"100503540",0,0,0,0,0,0
"223513",2190,1946,2004,1825,1861,1965
"11600",651,543,594,522,485,517
"100503767",0,1,2,2,5,0
"239405",0,0,4,5,2,1
"16341",2921,2335,2329,2614,2508,2230
"100038728",0,0,1,3,1,2
"66736",2460,2015,1926,1999,1929,1825
"239408",6,2,1,3,0,7
"22045",1,0,0,1,0,1
"67429",479,386,312,391,336,331
"223527",909,688,763,713,771,618
"192190",3,3,3,2,1,3
"55960",284,206,244,245,245,195
"319613",5,10,3,5,3,5
"69659",2,2,0,2,0,1
"239410",1,0,1,0,2,1
"432950",0,0,0,0,1,0
"67498",1,0,0,0,0,0
"71120",0,0,0,0,0,0
"74726",0,0,0,0,0,0
"75281",0,0,0,0,0,0
"239420",9,12,4,8,5,10
"83925",301,164,190,235,168,220
"100316685",1,0,1,0,0,2
"100502643",0,0,0,0,0,0
"68135",3757,2923,2920,3278,3133,2815
"78581",137,119,134,131,119,108
"19357",4084,3354,2908,3710,2913,3143
"239435",1,1,3,2,2,5
"239436",0,0,0,0,0,0
"100039748",1251,1079,1135,1128,1263,1066
"69790",195,152,144,216,209,158
"14042",1877,1333,1507,1542,1444,1496
"100503094",4,1,0,0,0,0
"320679",22,16,7,15,8,13
"100628567",0,0,0,0,0,0
"665097",0,0,0,0,2,0
"18383",66,52,49,54,34,45
"383032",0,0,0,0,0,0
"239447",30,28,31,31,14,26
"105853",1,3,4,1,7,0
"18133",22,22,20,34,26,16
"18606",32,20,9,25,17,11
"100862169",0,0,0,0,0,0
"319944",1396,1067,992,1223,996,1059
"72107",1,2,4,0,2,2
"100503794",7,10,9,10,12,7
"97998",3251,2611,2133,2768,2095,2577
"12818",0,1,3,3,2,2
"73334",0,0,0,0,0,0
"68537",823,658,660,679,716,674
"105837",82,66,79,68,67,51
"20649",4252,3431,2820,4024,2870,3452
"15117",242,151,163,174,142,141
"594843",2,1,2,0,2,3
"210463",0,0,0,0,0,0
"387609",1334,1030,1123,1092,1109,992
"319829",12,5,9,7,6,7
"67819",870,694,790,842,738,755
"100504341",1,0,2,2,0,0
"210544",449,292,354,343,322,267
"239463",1,0,1,4,0,0
"75758",294,236,238,267,273,229
"22770",856,692,631,719,644,672
"70472",72,61,58,64,43,59
"76773",216,201,192,210,199,175
"67731",1390,1119,1204,1249,1060,1101
"268807",15,18,8,19,19,6
"69787",2,1,0,0,2,1
"210998",853,600,638,810,608,651
"631797",14,9,7,12,10,10
"74868",2906,2398,2458,2581,2360,2186
"546638",0,0,1,0,0,0
"68260",221,197,198,226,190,187
"75841",769,602,569,617,657,579
"69694",303,249,231,273,240,197
"100502741",21,6,29,28,12,15
"66218",2793,2350,2291,2262,2561,2156
"211401",919,717,642,985,813,626
"100416830",0,0,0,0,0,0
"20775",1692,1220,1202,1599,1368,1318
"223593",1849,1443,1418,1631,1342,1467
"68501",421,404,361,437,381,371
"211770",658,509,597,627,583,568
"100503021",15,4,1,20,7,15
"71088",0,0,0,0,0,0
"399603",25,9,16,10,24,14
"320469",9,4,4,4,2,4
"117586",5,2,0,2,0,3
"432956",0,0,0,0,0,0
"17869",491,368,389,525,464,421
"19296",131,109,113,115,105,86
"67552",2,2,0,0,0,0
"432958",0,0,0,0,0,0
"73994",0,0,0,1,0,0
"83492",0,0,0,0,0,0
"78462",0,0,0,0,0,0
"331063",0,0,0,1,0,0
"74236",0,0,0,0,0,0
"270328",0,0,0,0,0,0
"665769",0,0,0,0,0,0
"74548",1,2,3,1,4,1
"74460",0,4,0,0,0,0
"223601",1000,784,740,909,796,859
"100861767",0,0,0,0,0,0
"13196",797,512,604,746,589,586
"71603",0,0,0,0,0,0
"11514",418,298,301,315,303,290
"76740",2008,1546,1494,1676,1453,1514
"18256",0,1,0,0,0,0
"654498",2,0,0,0,0,1
"110862",1,2,0,3,1,1
"54562",7,8,7,12,10,5
"213068",18,9,22,21,12,18
"239510",1515,1231,1092,1364,1135,1070
"21819",230,155,133,172,143,185
"20491",4,7,2,5,3,1
"22402",2537,1656,1774,2092,1691,1721
"17988",169,135,149,179,195,150
"100040667",0,0,0,0,0,0
"20442",1471,1096,1005,1441,1089,1188
"69334",0,2,1,1,1,1
"380993",137,118,126,125,108,116
"387226",1,1,0,0,0,1
"387228",0,0,1,0,2,0
"13992",479,386,436,383,392,395
"100504454",0,0,0,0,0,0
"100503580",0,0,0,0,0,0
"70363",5,2,3,2,1,0
"69700",8,5,7,8,6,5
"100503602",0,0,0,0,0,0
"223604",1,0,3,3,0,1
"76510",1227,941,1017,1045,1017,966
"353342",489,393,403,441,400,379
"100041120",1,0,1,0,1,1
"93696",290,222,245,274,263,248
"239528",6114,4660,2860,5680,2845,4266
"100861801",0,0,1,0,0,0
"14083",1321,999,968,1102,905,1010
"387169",0,0,0,0,0,0
"100040929",11,15,21,30,30,18
"105841",46,23,32,27,27,26
"106068",636,467,508,508,480,460
"100503661",2,0,0,0,0,0
"239530",285,206,224,246,196,215
"19245",1448,1120,1229,1353,1388,1237
"268816",0,0,0,0,0,0
"100041273",321,281,234,290,293,262
"100503729",0,0,0,0,0,0
"107831",12,7,8,11,6,5
"69439",14,5,13,10,2,5
"11838",1022,767,864,806,720,650
"16469",169,157,138,143,145,133
"66769",1,0,3,3,2,1
"72373",0,0,0,0,0,0
"223626",65,66,65,60,97,72
"57277",0,0,0,0,0,0
"68311",0,0,0,0,1,0
"69462",3,0,0,0,1,1
"23936",4446,3866,3723,4109,3746,3476
"17068",1,1,1,0,0,1
"78725",0,0,0,0,1,0
"76486",1,1,1,2,1,0
"625599",0,0,0,2,1,0
"15202",1,0,0,0,0,1
"110115",12,7,4,6,10,7
"13072",1,0,0,0,0,0
"67038",0,0,0,0,1,0
"17069",667,471,600,612,526,552
"57248",0,0,1,0,0,0
"110454",163,142,172,176,159,158
"17067",46,39,42,37,37,39
"100041546",47,40,33,27,46,47
"546643",11,7,5,3,11,11
"546644",0,1,0,1,0,0
"223631",94,80,68,48,61,82
"17071",0,2,0,1,2,2
"100041107",0,0,0,0,0,0
"105892",0,0,0,0,0,0
"23934",1,4,3,0,1,0
"68453",0,0,0,0,0,0
"22701",54,34,52,48,50,48
"100503873",1,0,2,0,0,0
"72665",9,13,11,5,6,14
"72960",292,243,274,269,331,253
"14787",38,27,46,32,29,34
"378435",188,157,236,243,275,203
"223642",376,328,340,370,332,288
"100861886",0,0,0,0,0,0
"69146",71,48,50,41,38,67
"223645",6,7,3,4,1,2
"223646",33,32,42,26,25,22
"66656",3820,3125,3201,3530,3559,3079
"105734",88,56,64,59,66,50
"66194",333,233,254,288,296,268
"22122",624,591,603,601,603,538
"78834",285,203,209,245,179,202
"69020",103,80,76,90,100,74
"223648",38,19,24,28,20,34
"332110",10,7,10,5,16,4
"105732",179,137,171,186,152,147
"432964",22,10,9,17,19,17
"105782",4017,3290,3395,3656,3421,3254
"67959",2950,2271,2405,2492,2566,2230
"223649",705,643,665,605,607,532
"223650",152,134,108,101,63,130
"271278",0,0,3,3,3,6
"100503893",0,1,1,0,0,0
"18810",35878,25203,22246,30154,19740,27453
"100316774",0,0,0,0,0,1
"671535",61,36,60,51,61,63
"66168",3506,2670,3006,3005,2957,2601
"100038659",0,0,0,0,0,0
"74281",1,1,0,0,0,0
"100526548",3,0,0,0,0,0
"100503915",3,1,4,1,1,3
"75475",410,338,365,315,320,292
"109075",557,425,448,478,480,386
"14731",871,615,719,715,796,709
"66445",4403,3741,4064,4081,4307,3921
"106025",555,455,509,462,405,446
"68877",934,878,927,887,999,936
"59053",127,83,108,136,113,94
"73542",3,0,1,0,0,0
"223658",1761,1295,1380,1621,1281,1313
"12181",2931,2562,2527,2622,2593,2386
"20289",1892,1753,1918,1914,2301,1708
"15499",1299,1062,1089,1112,1110,1005
"13350",433,298,368,337,349,317
"170729",2,7,1,1,1,1
"666504",2,0,0,0,0,0
"30840",465,376,449,466,449,391
"52710",293,205,262,233,245,225
"268822",246,166,199,160,189,159
"94230",1547,1172,1221,1349,1133,1159
"72027",11,9,5,8,3,6
"66914",1001,857,836,897,880,789
"72749",66,58,72,64,40,50
"54151",1222,968,1023,1128,1104,943
"16581",136,120,125,112,93,98
"100861904",0,0,0,0,0,0
"14106",1,0,1,0,0,0
"73062",550,420,441,514,462,429
"76282",174,146,206,161,156,161
"69572",112,86,91,80,99,88
"79456",42,35,27,29,38,31
"223664",425,343,368,432,395,359
"378937",46,26,40,34,27,38
"223665",310,250,293,276,299,287
"223666",719,601,578,628,577,527
"71591",693,485,518,579,510,495
"223669",93,92,105,106,92,80
"66398",205,120,156,180,161,132
"26961",10237,8389,8509,9136,9654,8289
"239546",83,61,88,68,70,59
"117171",702,594,657,574,622,571
"17189",22082,19426,22136,20536,23167,21844
"71939",314,294,347,316,319,295
"93686",9674,6924,7746,8206,7559,6626
"100042318",0,0,0,0,0,0
"75761",5,0,5,4,2,2
"223672",14,19,22,28,14,30
"278679",0,0,0,0,0,0
"245282",0,0,0,0,0,0
"626615",0,0,0,0,0,0
"108956",0,0,2,0,0,0
"76409",0,0,0,0,0,0
"328561",0,0,0,0,0,0
"666661",0,0,0,1,0,0
"328563",0,0,0,0,0,0
"666348",1,0,0,0,0,0
"71898",23,31,27,34,16,43
"239552",15,10,9,4,10,3
"17886",15498,11127,11336,13997,10791,11219
"56551",2451,2139,2074,2440,2345,1915
"239554",134,90,85,117,86,104
"55944",1625,1301,1345,1488,1365,1178
"100504021",18,12,11,11,10,9
"12300",0,0,0,4,2,0
"100861922",0,0,0,1,0,0
"67042",176,121,145,140,125,124
"19293",243,177,190,179,176,167
"17972",0,0,0,0,1,1
"12984",28,14,24,19,11,11
"12983",1,0,0,1,1,0
"100504034",0,0,0,0,0,0
"73376",0,0,0,0,0,0
"22117",52,59,65,51,56,48
"246221",317,261,241,256,260,245
"72844",581,441,497,518,539,426
"71753",5,2,4,1,4,2
"16185",19,14,20,13,10,17
"72709",358,244,263,278,262,266
"20607",21,19,18,17,20,27
"19354",0,0,0,0,0,0
"72318",2,0,1,2,5,1
"207393",1,1,5,2,3,4
"17305",3,1,1,1,2,1
"105844",5,6,6,8,8,11
"104445",666,536,550,626,544,507
"107753",1,6,7,4,6,0
"106039",1285,1047,1033,1176,1182,995
"100504071",5,14,13,17,14,6
"100038696",0,0,1,1,2,0
"20401",178,131,125,116,110,131
"57028",401,305,384,367,392,328
"16852",25859,21329,19662,22754,22573,20388
"97961",581,520,525,508,550,528
"110253",450,314,381,367,383,372
"100038602",2,0,3,2,1,0
"654469",6,3,0,1,4,4
"14958",2898,2422,2653,2690,2803,2435
"26912",172,136,134,142,154,142
"14429",3,4,5,2,3,3
"223690",267,211,229,192,204,202
"223691",3612,2920,3073,3283,3051,2913
"27008",1994,1695,1509,1779,1402,1412
"27660",20,14,8,13,10,11
"69833",524,441,463,475,530,474
"20665",0,1,0,0,2,4
"100041655",3,5,1,4,0,1
"100038573",0,0,0,0,0,0
"18693",629,530,610,601,623,521
"57274",46,28,23,29,25,25
"207495",97,80,101,128,110,93
"53357",566,484,512,563,537,471
"17133",358,282,282,361,345,320
"223693",3491,2655,2827,3081,2829,2731
"100316695",1,2,2,3,0,1
"27373",1226,966,1095,1142,1088,933
"100503109",4,2,5,1,5,1
"16520",39,31,37,38,51,27
"105785",516,362,499,457,467,407
"67040",6521,4714,5109,5261,4470,3934
"13404",1,0,0,2,0,0
"75729",35,20,32,29,19,20
"73739",266,249,250,223,319,215
"223696",1548,1286,1266,1337,1483,1261
"74158",600,557,526,563,586,512
"14904",845,695,700,779,722,711
"223697",1653,1252,1450,1380,1222,1303
"100504191",25,23,44,37,18,27
"54152",508,403,460,458,429,427
"504193",0,0,0,0,0,0
"73340",0,1,1,0,5,0
"494448",939,770,793,858,873,774
"100038357",0,0,0,1,1,0
"109361",1,1,1,0,1,1
"80287",21,27,30,26,34,30
"52609",169,141,163,167,126,164
"18591",424,367,403,538,480,418
"27367",10796,8765,8918,9641,9593,8102
"100302601",12,5,11,5,13,5
"100302600",8,4,5,6,2,7
"20972",300,223,265,268,260,264
"66513",385,295,403,382,347,280
"17309",315,270,278,281,239,221
"239555",878,704,649,803,693,681
"11911",2527,1855,2156,2136,2117,1843
"100861991",0,0,0,0,0,0
"66538",474,374,427,438,462,441
"239556",24,16,24,19,19,24
"383075",0,0,0,0,0,0
"17444",0,0,1,1,0,0
"213956",6,4,5,7,14,15
"106059",0,0,0,1,0,0
"213988",2269,1435,1303,1857,1208,1736
"100628612",0,0,0,0,0,0
"11564",1280,1059,992,1172,1076,1102
"105835",558,397,422,421,407,366
"223701",1267,854,1032,1075,894,928
"67638",0,2,1,1,0,0
"207911",10,17,13,9,14,4
"78102",1,0,1,0,0,0
"20524",468,313,394,427,405,372
"70356",6107,4897,4673,5271,4872,4382
"321003",273,210,183,253,159,205
"57755",1,0,0,2,0,1
"56438",1140,910,865,986,1080,831
"383080",0,0,0,0,0,0
"328572",1913,1342,1104,1648,974,1305
"214669",442,379,384,413,388,382
"214685",36,30,40,35,29,30
"19387",1654,1263,1374,1470,1378,1278
"20286",2829,2240,2161,2588,2116,2227
"100504312",2,2,1,4,2,3
"21685",4488,3495,3431,3805,3465,3357
"57259",978,730,791,828,735,721
"68479",499,419,480,440,464,441
"11429",15037,12810,12083,13828,12420,12251
"78929",345,270,307,315,359,295
"105859",1641,1350,1496,1405,1444,1359
"29858",604,506,572,541,610,516
"66346",0,0,1,0,0,0
"28075",655,611,570,556,633,538
"14375",540,449,455,512,507,468
"20826",1102,906,965,1052,1028,834
"328573",0,0,0,0,0,0
"74369",2,1,1,0,1,2
"76457",2033,1577,1698,1683,1693,1412
"20788",3607,2704,2673,2995,2790,2779
"723897",0,0,0,0,0,0
"435145",0,1,0,0,1,0
"72049",8,8,10,8,7,7
"66570",1,0,2,5,2,5
"76505",5,4,5,4,4,2
"24050",74,50,45,62,51,41
"74716",0,0,0,0,0,0
"17939",282,254,270,285,300,258
"338368",15,3,9,12,11,8
"69029",1587,1250,1268,1337,1478,1216
"67130",349,301,381,313,335,318
"100862061",5,4,11,8,7,1
"56448",70,43,78,66,62,38
"545123",0,0,0,0,0,0
"13101",1,0,0,0,0,0
"13105",0,0,0,0,0,0
"545124",18,21,24,17,11,14
"380997",0,0,0,0,0,0
"223706",0,0,0,0,0,0
"68444",0,0,0,0,0,0
"627860",0,0,0,0,0,0
"71754",0,0,0,0,0,0
"76279",2,0,2,0,0,0
"21411",1213,896,830,1103,849,909
"21378",2,0,1,3,1,1
"100504637",4,5,6,3,3,3
"100526477",0,0,0,0,0,0
"106026",0,0,1,0,0,1
"74039",1,0,0,1,0,0
"68607",291,241,218,246,260,227
"74778",1089,929,923,1017,1014,890
"73826",1216,924,1017,1109,938,927
"104307",0,0,0,0,2,0
"109754",12200,9969,10136,11350,10377,9649
"100504676",35,31,38,30,24,26
"239559",150,140,145,178,166,121
"66251",1473,1175,1202,1211,1200,1112
"69291",168,112,104,122,84,124
"23970",7726,6343,5793,6461,5691,5678
"319953",851,721,698,755,697,682
"12124",3,8,5,6,2,4
"223722",398,307,329,346,360,297
"12257",1831,1529,1597,1542,1673,1429
"223723",1653,1435,1428,1501,1369,1334
"64706",13,8,7,11,3,6
"223726",1,0,5,0,4,1
"77627",9,1,3,10,5,4
"29859",105,68,81,66,71,50
"75772",0,0,0,0,0,0
"116939",6,6,21,8,5,10
"68653",2668,2190,2227,2244,2222,2135
"170736",1846,1300,1498,1559,1548,1432
"64099",4,2,6,1,3,1
"72301",1165,932,817,1074,826,891
"223732",352,258,288,314,277,298
"109270",173,97,160,158,160,118
"328576",0,0,0,0,0,0
"73167",0,1,0,0,0,0
"271305",15,9,12,14,17,14
"18141",1041,807,875,871,823,752
"223739",2693,2079,1912,2493,1969,2074
"100526461",1,1,2,3,2,3
"22270",0,0,0,0,0,0
"73225",170,117,123,153,126,112
"140557",1,0,2,0,0,0
"100502582",0,0,0,0,1,0
"67747",3,1,3,4,2,2
"100502602",0,0,0,0,0,0
"14114",47,45,51,39,39,34
"100861793",0,0,0,0,0,0
"54138",2414,1836,2025,2189,2128,1828
"328577",0,0,0,0,0,0
"223745",0,0,2,1,1,0
"22422",29,15,20,34,23,12
"105975",1,2,5,0,2,0
"723966",5,3,5,5,6,3
"387245",4,4,10,6,3,4
"19013",141,118,106,108,100,103
"72355",168,128,147,134,151,122
"18766",1,1,0,0,1,1
"239570",88,59,57,69,67,63
"29870",283,169,231,222,225,211
"72026",302,216,230,258,244,204
"12614",3,4,1,3,5,4
"223752",606,428,483,518,414,410
"223753",671,539,568,591,506,506
"223754",821,684,629,702,629,653
"106014",107,92,99,106,96,102
"328579",0,0,0,0,0,0
"70073",0,0,0,0,0,0
"223770",1159,857,849,1025,848,903
"223773",870,692,625,752,560,666
"223774",146,99,118,129,126,127
"76737",642,525,518,527,631,494
"223775",190,156,203,185,215,154
"100502684",3,0,0,1,3,0
"239591",3,0,0,0,1,0
"170790",2,0,0,4,0,1
"667558",0,0,0,0,0,0
"83456",34,16,18,32,18,15
"406218",5,8,3,7,1,1
"69120",34,18,30,20,18,18
"67976",941,810,802,862,808,723
"223776",218,162,155,177,169,166
"328580",445,363,296,408,285,306
"170787",154,133,160,164,143,132
"29857",553,502,620,484,552,474
"19094",95,50,64,60,70,71
"140570",9534,7587,6793,8462,6590,7334
"69440",265,199,255,244,215,188
"71474",730,577,537,629,587,582
"77980",3434,2723,2700,3168,2577,2707
"223780",3,6,7,7,5,7
"56727",0,0,0,1,0,0
"105847",555,426,479,505,428,419
"52683",1449,1178,1202,1234,1169,1150
"100126824",0,0,0,0,0,0
"72962",12,20,11,15,21,11
"70113",1,0,1,1,1,0
"546648",0,0,0,0,0,1
"75459",0,0,0,0,0,0
"100134861",0,0,0,0,0,0
"12895",7,3,9,3,0,5
"12651",0,1,0,0,0,0
"60597",9,7,7,8,3,11
"11883",362,252,277,340,371,307
"100532730",0,2,0,4,2,0
"58234",29,17,31,24,29,30
"11434",0,0,0,0,0,0
"68708",139,104,92,112,102,79
"100502796",256,172,216,175,198,152
"54526",0,1,0,0,0,0
"380959",955,646,530,819,551,677
"100038621",1,0,0,0,0,0
"66871",43,27,31,30,44,43
"20738",0,0,1,2,0,0
"16564",222,184,161,218,144,183
"635871",0,0,0,0,0,0
"26874",33,19,35,25,25,19
"545126",0,0,0,0,0,0
"239606",24,26,19,20,18,21
"66725",598,458,388,529,350,465
"239611",7,11,11,18,5,8
"223809",0,0,0,0,0,0
"12805",7,13,13,12,7,6
"239618",113,81,83,85,88,82
"67740",0,0,0,0,0,0
"223827",428,321,254,377,272,319
"67057",548,422,409,472,427,381
"67197",1067,1034,949,1006,1149,877
"223828",713,520,560,596,540,499
"106042",447,329,359,450,360,320
"100502901",2,2,1,2,0,1
"77248",0,0,0,0,0,0
"328594",0,0,0,0,0,0
"223838",584,435,437,496,335,434
"78895",74,76,46,58,65,61
"266632",109,73,83,92,66,80
"19230",797,499,600,664,556,605
"320709",549,492,429,551,463,462
"100043315",1,0,0,0,0,0
"54003",10,13,13,14,8,9
"223843",0,0,1,0,0,1
"791370",17,12,21,15,12,16
"105722",1474,1065,1107,1260,1017,1150
"100502979",0,0,0,0,0,0
"402773",0,0,0,0,0,0
"100043335",7,7,1,4,9,1
"70040",0,3,0,3,1,1
"319722",24,20,23,14,8,13
"77044",795,586,557,695,504,579
"72193",1984,1503,1419,1654,1418,1483
"105727",2128,1679,1516,1689,1466,1486
"67760",7558,6004,6138,5830,4715,5363
"69354",16,14,18,12,6,19
"105827",8,6,7,4,10,7
"239647",9,2,9,9,5,7
"71919",414,360,361,398,373,363
"19011",3,1,3,3,0,0
"223864",110,81,71,110,105,65
"100503050",0,0,0,2,0,1
"67739",1247,937,904,1165,1034,1006
"56233",392,283,366,324,327,277
"22337",31,21,28,39,28,25
"380967",162,119,127,168,115,109
"12824",5,1,6,5,7,2
"223870",269,187,216,241,181,220
"18642",21764,18100,19888,19030,18641,18207
"78541",1383,1070,1051,1135,1027,1064
"239650",3,5,4,3,0,3
"545140",0,0,0,0,0,0
"634104",1,0,1,0,0,0
"629524",0,0,0,0,0,0
"70069",0,0,0,0,0,0
"239652",144,112,76,116,84,101
"257943",0,0,0,0,0,0
"258278",0,0,0,0,0,0
"259038",0,0,0,0,0,0
"73302",0,0,0,0,0,0
"258449",0,0,0,0,0,0
"258277",0,0,0,0,0,0
"16770",0,0,0,0,0,0
"258502",0,0,0,0,0,0
"69612",2412,1894,1868,1904,1925,1755
"100217417",7,9,6,6,11,4
"100503377",103,63,103,74,58,36
"100217416",8,7,6,5,2,4
"12455",476,381,319,402,311,356
"100048895",14,15,23,24,20,27
"73863",1,2,5,4,5,2
"11512",1327,999,1040,1045,780,873
"12297",954,848,932,793,765,786
"74351",3250,2702,2676,2753,2576,2561
"223881",10,12,16,20,17,18
"105833",14,5,11,14,14,20
"66120",119,72,87,58,95,67
"11842",1900,1361,1528,1626,1565,1331
"22410",39,29,64,41,36,32
"22408",0,0,0,1,0,0
"13199",24,24,31,37,16,15
"100049164",7,2,5,1,3,10
"19082",387,297,309,304,326,268
"381022",3211,1919,1703,2199,1537,2075
"69159",37,23,34,35,30,10
"13363",6,0,2,1,3,2
"74775",168,82,133,139,130,107
"100861967",8,4,4,7,5,0
"100503512",0,0,0,0,0,0
"22143",5588,4789,4235,5557,4994,4769
"22142",4029,3436,3102,4109,3633,3491
"75951",48,35,34,30,33,24
"22146",2212,1879,1830,2084,2203,1878
"100503555",0,0,0,0,0,0
"19132",18,12,23,22,10,15
"78733",4,4,3,2,4,1
"239659",1,0,0,0,0,0
"72778",0,0,1,0,1,1
"72572",1189,1019,1037,1100,974,917
"16512",5,5,9,1,4,1
"51812",593,553,584,524,558,515
"73600",24,20,23,24,29,15
"545136",16,11,14,14,8,8
"54614",792,658,736,622,637,535
"22379",734,538,618,612,572,423
"110213",7124,5455,5712,5925,6031,5177
"380969",1028,821,860,889,740,820
"75284",135,104,118,111,113,82
"72393",6,4,4,5,3,0
"11827",0,1,1,1,1,0
"11830",71,47,77,65,64,52
"11831",0,0,0,0,0,0
"26934",151,113,118,110,127,133
"11419",75,42,62,62,45,67
"83797",272,219,259,267,262,218
"14555",378,258,298,377,329,315
"66379",1236,931,1012,1107,1221,1011
"71949",851,689,682,718,753,660
"65970",4649,3531,3566,4223,3749,3462
"100042918",0,0,0,1,0,0
"72277",1,1,3,1,1,0
"207214",1607,1179,1132,1393,1190,1178
"70281",3,4,2,13,8,11
"239667",872,646,588,730,595,699
"11908",925,712,731,823,763,692
"75002",0,0,0,0,0,0
"100503618",1,0,0,0,0,0
"70152",612,486,554,503,458,485
"668178",2,1,1,2,0,2
"393082",0,0,0,0,1,2
"554292",1,0,0,0,0,0
"380975",0,0,0,0,0,0
"18174",1719,1380,1371,1530,1358,1326
"432982",0,0,0,0,0,2
"68614",202,187,217,190,203,178
"207785",509,406,399,453,453,374
"21422",312,261,285,274,274,285
"19009",390,314,334,304,318,312
"78445",19,17,16,17,20,12
"23994",1725,1374,1352,1608,1426,1358
"207818",5,3,1,6,2,0
"109901",28,24,11,23,15,24
"207839",695,588,607,560,500,515
"619313",0,0,0,0,0,0
"59033",15,10,14,9,7,8
"20273",13,9,7,14,8,7
"668225",46,29,31,37,33,30
"208258",0,0,0,0,1,0
"11482",99,69,98,88,105,77
"11479",302,269,236,293,214,241
"380977",10,7,5,13,6,9
"105968",0,0,0,0,0,0
"56149",251,191,228,250,239,170
"15370",702,475,508,558,552,355
"68118",672,568,546,582,546,494
"77717",6,0,0,0,1,1
"74127",610,627,568,567,563,723
"100316694",0,0,0,0,0,0
"110310",12,13,14,16,17,12
"406219",0,0,0,0,0,1
"66322",0,0,0,0,0,1
"64818",0,0,0,0,0,0
"16679",0,0,0,0,1,0
"100126226",0,0,1,0,1,0
"574415",0,0,0,0,0,0
"16680",1,0,0,0,0,0
"114566",0,0,0,0,0,0
"239673",0,0,0,0,0,0
"109052",0,1,0,0,0,0
"432985",0,0,0,0,1,0
"432986",0,0,0,0,0,0
"406223",0,0,0,0,0,0
"432987",0,0,0,0,0,0
"16688",0,0,0,0,0,0
"16687",0,0,0,0,0,0
"110308",0,0,0,1,0,0
"56735",0,0,0,0,0,0
"406222",0,0,0,0,0,0
"105866",0,0,0,0,0,0
"223915",0,0,1,0,0,1
"16681",0,0,0,0,0,0
"16678",0,0,1,0,0,0
"406220",0,0,0,0,0,0
"77055",0,0,0,0,0,0
"16682",0,0,1,0,0,0
"223917",0,0,0,0,0,1
"332131",0,0,0,0,0,0
"16691",4,1,1,0,0,0
"16668",6,2,3,5,5,3
"100862030",0,0,0,0,0,0
"75705",7429,6009,5874,6775,5977,5696
"209039",865,631,770,831,698,647
"223918",649,478,499,553,617,560
"16012",711,533,712,569,667,600
"223920",11,9,5,12,10,11
"246277",173,110,139,123,148,108
"68744",792,647,685,700,667,606
"16421",6,4,4,3,4,2
"19411",460,360,402,402,407,318
"106073",590,484,493,543,520,491
"105988",21,12,9,13,10,8
"56612",1766,1395,1370,1597,1565,1354
"60315",283,195,192,235,225,206
"223921",305,227,270,260,274,227
"170574",0,1,0,5,1,1
"20683",921,589,566,762,621,631
"110542",10,13,21,11,20,10
"66151",591,419,535,544,664,543
"18521",3936,2934,3387,3442,3289,3125
"26404",248,180,185,168,163,178
"21357",561,489,508,549,477,512
"54615",8,11,13,7,7,2
"223922",289,235,174,256,146,243
"100043600",13,8,10,10,16,13
"67942",2073,1787,1789,1874,1893,1681
"751542",0,0,0,0,0,3
"67488",4846,3902,4205,4189,4025,3596
"15422",284,266,281,273,272,248
"15421",51,47,40,45,42,51
"100503872",43,46,44,45,41,35
"109663",113,108,106,128,133,112
"209448",1435,1169,1206,1196,1271,1157
"723958",0,0,1,0,0,0
"15427",184,143,197,205,190,162
"15426",214,194,195,270,204,174
"15425",464,398,495,460,461,436
"15424",58,52,69,44,40,61
"751557",1,1,0,0,2,0
"15423",200,164,166,176,184,150
"432989",2,4,4,5,9,0
"71726",612,496,593,541,493,373
"12419",6007,4805,4258,5308,4345,4551
"15382",3698,2475,3016,3235,3160,2795
"18022",2,3,1,7,2,1
"56447",756,592,613,685,602,574
"724064",0,1,0,0,0,0
"100862049",0,0,0,0,0,0
"80910",2,1,1,1,0,2
"29813",658,546,585,576,487,463
"16402",4314,3118,3537,3875,3262,3321
"74174",10,0,6,5,5,6
"223927",1,2,2,0,2,3
"105855",104,84,89,70,80,75
"100503932",0,0,0,0,0,2
"18574",58,38,44,42,37,33
"58200",6,2,1,3,2,2
"14663",0,0,0,0,0,0
"20771",0,1,0,0,0,0
"20770",0,0,0,0,0,0
"258859",1,0,0,0,0,0
"54483",0,0,0,0,0,0
"74120",426,323,353,374,341,379
"18312",0,0,0,0,0,1
"385674",114,119,67,111,62,91
"71063",194,157,125,138,121,117
"74763",869,730,768,787,711,657
"73261",45,39,24,46,39,35
"76779",255,205,224,237,210,190
"268857",297,226,214,271,185,249
"52864",443,342,325,451,286,329
"13419",87,49,63,62,53,47
"68015",2127,1770,1699,1888,1723,1718
"12914",1222,803,756,854,673,850
"76397",0,0,0,0,0,0
"436332",0,0,0,0,0,0
"11515",421,394,266,428,209,383
"106393",53325,42647,37411,46402,35396,38899
"83383",39,38,44,45,47,36
"83396",581,488,547,557,448,494
"66449",582,539,508,583,640,480
"78885",454,403,428,384,423,338
"246154",488,353,386,439,359,372
"83945",1536,1266,1288,1455,1412,1266
"67824",52,43,59,51,50,54
"15369",537,442,431,471,449,419
"66626",1984,1615,1638,1651,1575,1405
"78809",2,0,5,2,0,0
"100169865",4,4,2,1,1,1
"207740",977,739,861,812,867,716
"17237",2431,1931,1878,2188,1929,1845
"100503704",27,18,23,25,11,17
"66911",298,216,272,254,304,273
"72615",470,376,409,418,374,307
"74684",21,27,24,22,25,24
"71089",0,0,0,0,0,0
"432995",13,9,8,17,11,7
"66049",722,616,695,706,709,599
"74022",2238,1681,1548,1881,1651,1655
"170644",1956,1694,1587,1736,1459,1549
"19041",15,19,11,20,14,11
"665119",18,10,10,14,14,13
"27426",138,97,103,136,157,124
"239691",2,3,3,3,1,2
"208211",418,317,321,367,330,318
"70511",271,215,218,221,232,181
"268859",2992,2460,2567,2724,2419,2133
"68238",0,0,0,0,0,0
"74720",0,0,0,0,0,0
"239706",517,431,463,477,477,409
"268860",115,86,80,107,67,93
"100861674",0,0,0,1,0,1
"66690",343,251,266,275,285,259
"54128",604,474,524,555,493,474
"52502",2577,2107,2103,2028,1976,2049
"436336",0,0,0,0,0,0
"252870",2415,1915,1917,2083,1727,1776
"69053",1529,1158,1167,1365,1134,1151
"14811",20,6,10,12,11,7
"68172",33,13,22,10,27,11
"75329",0,0,0,0,0,0
"13731",4991,4120,3857,4415,4000,3741
"70426",279,203,220,262,264,206
"26425",248,231,250,277,254,261
"383103",62,68,54,41,44,47
"12265",38,25,32,16,19,21
"58239",558,390,477,482,498,473
"74374",1250,1043,828,1030,775,935
"100503866",0,1,0,0,0,0
"12703",10,11,23,29,26,27
"21959",0,1,0,2,2,2
"19120",0,0,0,0,0,0
"19119",0,0,0,0,0,0
"19118",2,1,0,4,5,0
"100503881",1,3,3,6,1,8
"223970",1,5,0,2,0,0
"56722",920,656,683,865,796,689
"100503907",3,1,3,0,3,3
"100043147",19,16,16,25,20,21
"20621",697,506,522,619,608,510
"106200",418,340,326,388,358,369
"106205",899,622,649,717,597,548
"66409",2572,1929,2009,2283,2203,1928
"69918",9,10,7,6,10,8
"14852",3710,2877,2599,3275,2778,2850
"100316833",3,0,1,4,1,0
"21935",0,0,0,0,0,0
"74478",216,186,180,225,182,204
"223978",1135,921,900,1007,917,913
"791359",0,0,0,0,0,0
"72555",2,3,0,7,2,0
"622509",0,0,0,0,0,0
"75493",0,0,0,0,0,0
"50505",412,349,308,405,301,309
"239719",684,479,425,584,416,437
"100124432",0,0,0,0,0,0
"723899",0,0,0,0,0,0
"70100",7,8,7,8,11,11
"74108",357,327,345,372,339,304
"67118",1273,986,1046,1084,1085,995
"66598",27,23,24,25,21,18
"26565",5,0,3,0,0,0
"76684",0,0,0,0,0,0
"432999",88,66,63,62,66,59
"106298",2266,1855,1828,1953,1786,1749
"18203",418,339,307,354,348,319
"94184",2945,2415,2122,2547,2216,2254
"93734",111,57,73,67,59,54
"74482",0,0,0,0,0,0
"67254",3,4,9,3,4,2
"223989",1452,1066,985,1160,906,952
"723916",0,0,0,0,0,0
"67203",735,571,608,579,576,549
"17880",8,8,5,11,8,10
"66086",642,481,598,565,545,514
"17250",1936,1401,1220,1807,1273,1366
"545280",0,0,0,0,0,0
"20583",311,186,210,220,224,200
"66793",0,0,1,0,0,0
"442816",0,0,0,0,0,0
"632352",1,0,0,0,0,0
"70620",799,626,580,672,659,583
"17217",186,102,147,163,129,119
"19090",390,298,229,311,187,303
"72083",127,104,114,135,137,118
"12609",149,111,150,183,234,165
"224008",113,76,81,76,101,82
"67451",494,377,414,401,334,414
"433003",5,3,1,1,2,2
"70120",359,286,301,299,341,285
"74006",3324,2596,2297,2895,2464,2559
"224014",173,136,115,180,119,118
"18316",0,0,0,0,0,0
"74066",0,0,0,0,0,0
"50525",1,0,0,0,0,1
"665562",35,32,25,24,41,25
"16136",0,0,0,0,0,0
"22362",3,3,1,4,0,1
"21976",765,621,614,729,648,600
"68606",1741,1481,1375,1546,1430,1389
"26413",3471,2729,2677,3104,2700,2541
"106369",74,66,61,75,67,60
"66053",1200,923,932,1039,991,944
"70458",5,6,3,2,4,2
"723816",0,0,0,0,0,0
"791069",0,0,0,0,0,0
"64136",318,216,249,234,335,269
"76872",2,5,12,3,6,8
"69101",86,82,86,89,110,92
"22195",4469,3781,3288,3879,3594,3474
"239731",14,12,20,16,14,14
"58180",59,55,57,49,51,61
"224019",48,69,82,63,69,50
"224020",1306,870,824,1039,814,962
"15160",0,0,1,3,0,0
"67474",581,438,427,527,488,398
"12929",1508,1265,1098,1341,1065,1111
"72168",9,13,14,14,10,21
"66863",1145,860,1000,980,890,890
"69009",298,233,259,263,276,262
"74685",6,5,1,2,5,5
"18440",93,90,85,82,62,55
"224022",69,42,52,32,47,52
"77626",718,461,618,631,496,501
"72315",29,12,13,18,18,29
"94112",1280,947,1078,1192,995,943
"665892",0,0,0,0,0,1
"224023",1302,1107,1182,1089,1173,1037
"224024",408,313,441,402,465,344
"433004",1,0,1,1,0,0
"80733",28,27,16,24,23,13
"13356",1357,1033,1037,1225,1069,1126
"22114",3,4,5,0,3,8
"22115",3,1,0,5,0,2
"27886",384,349,331,394,327,316
"195333",0,0,0,0,0,0
"13358",566,410,461,578,549,475
"22363",0,0,0,0,1,0
"53960",0,0,0,0,0,0
"13353",464,390,452,449,481,386
"19125",29,28,28,38,32,23
"65079",2,1,3,3,5,4
"66779",8,6,10,6,4,5
"27801",1190,939,1037,1096,950,977
"19385",918,773,840,959,1009,769
"15547",364,294,375,390,338,299
"94223",804,619,605,678,575,657
"100316814",0,0,0,0,0,0
"27883",241,205,214,230,230,200
"387180",0,0,0,0,0,0
"11877",486,423,411,464,408,461
"12846",1252,992,1106,1159,1158,1068
"26462",210,161,145,171,171,160
"13972",92,83,74,87,53,79
"21380",162,160,163,162,203,152
"619305",4,1,1,5,1,2
"14724",24,20,16,15,24,19
"18951",867,657,777,920,718,729
"12741",10,6,8,4,3,4
"12544",76,64,57,61,51,40
"22230",1514,1223,1205,1342,1264,1107
"72307",145,121,109,124,146,131
"18100",424,352,368,383,392,336
"15260",615,508,531,544,448,513
"100505355",0,1,0,0,0,0
"100504250",0,0,0,0,0,0
"110785",0,0,0,0,0,0
"404737",0,0,0,0,0,0
"110787",0,0,0,0,0,0
"404740",0,0,0,0,0,0
"16142",0,0,0,0,0,0
"110786",0,0,0,0,0,0
"404739",0,0,0,0,0,0
"404743",0,0,0,0,0,0
"110612",0,0,0,0,0,0
"258443",0,1,0,0,0,0
"258458",0,0,0,0,0,0
"259071",0,0,0,0,0,0
"258937",0,0,0,0,0,0
"258354",0,0,0,0,0,0
"258158",0,0,0,0,0,0
"258959",0,0,0,0,0,0
"258960",0,0,0,0,0,0
"239739",4,2,4,8,2,5
"108105",161,101,92,125,118,116
"68162",436,389,353,334,365,352
"239743",4,5,6,4,5,7
"75785",4012,3175,2739,3545,2579,3084
"208146",410,294,317,371,299,310
"208158",8,5,11,7,3,6
"381038",951,773,852,838,827,797
"224044",17,14,12,15,5,7
"27416",1906,1365,1314,1434,1212,1281
"224045",2048,1704,1699,1855,1681,1684
"100504291",10,7,15,14,14,5
"13544",2135,1655,1611,1902,1487,1501
"11773",4662,3806,4009,3991,4158,3771
"100042948",62,51,58,62,37,37
"27406",1814,1572,1484,1645,1460,1513
"328643",6,5,7,6,9,3
"100316739",0,0,0,0,0,0
"208624",234,190,229,245,234,192
"107522",183,149,143,181,176,177
"73047",128,136,114,130,141,125
"21762",10136,8297,8455,8829,8080,8029
"208643",19570,15604,13874,17546,13413,15152
"100217430",0,0,0,0,1,1
"78408",371,300,295,281,321,296
"12724",243,172,203,236,248,198
"245841",240,212,214,210,211,160
"21832",98,87,100,93,76,65
"12667",1137,899,1178,950,972,764
"625060",0,0,0,0,0,0
"625123",0,0,0,0,0,0
"66561",0,0,0,0,0,0
"13845",1774,1434,1542,1596,1545,1387
"328646",2,2,3,0,3,4
"209018",823,590,496,713,498,629
"100504359",0,1,0,1,0,0
"72190",400,296,287,337,277,305
"74147",14,14,13,14,15,17
"100043489",81,63,100,82,85,77
"71751",47,31,34,28,21,18
"66664",174,144,174,155,182,146
"239759",1,3,2,2,4,1
"75826",1023,726,781,846,808,739
"239760",0,0,0,0,1,0
"319765",1212,937,1059,1087,1024,954
"20462",1114,747,862,889,953,827
"100043507",1,0,0,0,0,1
"100862159",0,0,0,0,0,0
"104156",1531,1271,1172,1443,1315,1206
"110197",121,109,123,98,86,129
"671242",0,0,1,1,1,0
"12970",1,0,0,0,0,0
"70573",974,819,808,885,719,770
"67838",4471,3480,3828,3822,3923,3497
"11625",0,0,1,0,0,0
"59083",48,28,42,28,22,30
"94175",1,2,8,0,2,1
"385643",4,5,1,3,2,1
"16644",1,0,0,0,0,0
"13682",7589,6031,6502,6538,6524,5801
"100216532",2,1,7,12,2,3
"100217420",25,16,29,25,15,14
"106344",82,56,66,64,65,71
"11450",0,0,3,1,0,0
"100043541",0,0,0,0,0,0
"320099",9,8,1,10,5,1
"20440",186,127,144,176,150,154
"100504504",0,0,1,0,0,0
"239766",8,4,2,2,2,6
"17174",520,498,473,523,443,479
"67775",32,46,34,41,26,48
"20604",1,2,0,1,4,1
"224055",0,0,0,0,0,0
"100862208",11,4,8,3,4,3
"12053",2165,1742,1755,1815,1615,1745
"68841",32,19,22,23,27,30
"210126",1012,597,562,822,547,696
"624582",2670,2171,2153,2326,2342,2045
"723830",0,0,0,0,0,0
"319487",5,7,5,6,6,6
"71338",1,0,0,0,0,1
"22061",1477,1113,1105,1213,1191,1124
"100043571",81,83,92,84,101,83
"210530",139,143,118,141,115,156
"12737",8,2,5,3,0,7
"114141",0,0,0,0,0,0
"100043057",0,0,0,0,0,0
"16180",196,122,122,153,105,118
"100504628",0,0,0,0,1,0
"239789",1,1,0,0,0,0
"239790",18,11,9,8,16,11
"224065",1,0,1,0,1,0
"67501",1564,1051,1008,1266,1009,1023
"100038623",0,0,0,0,0,0
"14167",5,1,1,4,5,3
"100504645",0,0,0,0,0,0
"751543",0,0,0,0,0,0
"239796",396,363,352,448,399,325
"27281",103,90,81,122,120,101
"268878",214,169,181,228,148,155
"224079",29,12,5,14,17,12
"74143",2557,2009,1842,2265,1871,1989
"328657",0,0,0,2,0,0
"100043102",12,8,9,10,3,3
"71528",3,1,0,2,3,1
"15205",691,553,676,630,652,464
"75531",0,0,0,0,0,0
"71756",1,0,0,0,0,0
"74488",38,20,14,18,18,25
"14729",20,21,20,12,24,16
"224088",18878,14569,12129,16633,12180,13605
"224090",96,91,97,98,90,82
"224092",949,779,744,800,737,693
"224093",158,111,145,125,127,114
"268880",406,340,314,375,347,296
"78618",894,657,527,681,558,598
"66849",3371,2596,2678,2858,2736,2541
"100862313",1,3,6,2,5,2
"11815",30,33,29,24,23,31
"114672",0,0,0,0,0,0
"71911",38,62,30,41,43,45
"224098",14,2,6,7,3,4
"13383",2604,1989,1834,2093,1810,1811
"30060",2,0,0,1,2,1
"239827",11,10,13,11,11,11
"106264",278,259,308,332,349,299
"68092",904,637,736,708,744,605
"320213",1896,1506,1298,1539,1235,1341
"224105",1610,1140,1175,1475,1215,1191
"72084",180,126,176,194,193,172
"66994",459,415,385,390,372,355
"224109",1,1,2,2,1,1
"328660",1,1,0,0,0,0
"268882",530,355,308,406,391,384
"68980",127,99,82,108,117,112
"100316697",0,0,0,0,0,0
"69576",0,0,0,0,0,0
"70238",443,291,356,377,353,313
"224111",1038,712,667,858,706,710
"277203",2,1,1,2,2,1
"100504089",8,5,4,5,7,4
"100502673",1,3,5,7,2,4
"66061",93,88,94,83,89,88
"13026",1871,1494,1375,1708,1442,1418
"106407",3,3,1,2,1,2
"245308",0,0,0,0,0,0
"22042",10146,7591,7304,10362,8309,8136
"51789",1498,1182,1266,1336,1187,1106
"675921",12,3,6,10,5,4
"140474",2,1,0,0,0,0
"224116",0,0,1,0,0,0
"381043",0,0,0,0,0,0
"100502698",2010,1501,1499,1741,1388,1472
"69823",4610,3574,3361,3798,3225,3167
"70144",617,501,417,577,401,484
"69707",14,26,18,14,22,18
"57808",3492,2785,2699,2908,3040,2485
"239833",131,113,87,121,88,118
"100316698",0,0,0,0,0,0
"106326",693,527,558,665,521,551
"69150",1643,1285,1214,1457,1371,1221
"100502742",27,17,21,31,28,14
"22661",1103,920,806,1006,811,913
"171286",23,15,10,15,7,12
"77446",1107,778,618,907,570,794
"17063",2,2,4,2,3,0
"16419",2515,2036,2134,2479,2262,2151
"22247",347,277,261,348,286,267
"545156",358,232,220,265,202,251
"100043670",2022,1761,1819,1803,2104,1693
"76378",0,0,0,0,1,0
"239839",90,80,61,83,64,69
"107589",633,425,331,511,354,436
"76649",0,0,0,0,0,0
"278725",4,1,2,3,0,3
"100862381",0,0,2,1,0,0
"70757",62,39,68,59,67,52
"224129",5,5,9,5,4,1
"317717",204,163,182,211,179,144
"72599",223,177,214,241,192,202
"69768",0,1,0,1,1,2
"20357",0,0,0,0,1,0
"546663",1,0,2,2,0,0
"224132",635,443,537,547,547,534
"66667",92,81,69,97,70,74
"547253",48,33,21,62,14,55
"100043217",0,0,0,0,0,0
"209200",60,53,56,74,47,64
"80285",67,61,47,80,48,80
"16646",3365,2691,2281,2888,2286,2406
"69544",91,103,77,73,61,72
"70186",741,649,761,768,886,747
"381045",294,233,208,229,217,175
"209294",1,0,0,0,1,0
"268885",0,0,0,0,0,0
"433016",0,0,0,0,0,0
"100503125",3,0,1,0,2,1
"408196",0,0,0,0,0,0
"76770",0,0,0,0,0,0
"20861",0,0,0,0,0,0
"209324",0,0,0,0,0,0
"100038854",0,0,0,0,0,0
"100034684",0,0,0,0,0,0
"20862",0,0,0,0,0,0
"20863",0,0,0,0,0,0
"12374",19,16,10,15,11,11
"12524",1,3,0,1,2,2
"106347",2,1,0,0,0,0
"57738",32,28,40,40,42,26
"106389",31,15,42,27,30,21
"320299",152,142,111,139,106,113
"68306",14,4,4,11,5,4
"224139",3741,2472,2225,3221,2010,2533
"15163",14,8,8,9,12,7
"207215",816,714,618,711,500,616
"77782",7,10,2,8,5,11
"207227",33,28,20,21,11,21
"74197",423,303,341,390,359,346
"67657",128,88,88,95,101,89
"15233",1,0,0,2,0,0
"68194",807,716,771,794,906,646
"14314",5467,3501,4036,5044,4052,4156
"320184",2171,1480,1432,1755,1570,1566
"239845",6,1,4,13,5,2
"75175",0,0,0,0,0,0
"414072",37,37,36,40,36,53
"56637",3197,2316,2203,2653,2195,2420
"18171",0,1,0,0,0,0
"320214",17,14,11,20,19,17
"12856",693,586,636,553,709,560
"64082",3256,2818,2981,3030,2770,2852
"85031",166,98,136,155,135,161
"11544",2344,1817,1886,2004,1996,1788
"12519",163,102,120,146,112,92
"76916",734,632,689,704,712,565
"224143",581,409,439,507,457,454
"67846",326,217,275,246,227,213
"12549",286,218,215,304,201,259
"56375",78,58,58,68,73,55
"22268",36,34,21,23,28,34
"74663",1,0,0,0,0,0
"207683",24,16,13,13,16,12
"100502943",0,0,0,0,0,0
"268890",2,1,1,1,1,1
"14432",18,23,28,26,22,6
"75722",0,0,0,0,1,0
"100503040",1,8,4,8,4,2
"170658",103,84,106,83,123,108
"56490",763,556,545,607,530,593
"791329",4,4,5,3,4,5
"626693",0,0,1,0,0,0
"100124467",96,49,57,65,48,44
"100043314",17,19,23,10,14,17
"13490",5,1,5,1,3,2
"106248",187,135,138,167,134,130
"212153",109,89,114,71,105,99
"332175",0,0,2,0,0,0
"207798",17,12,15,21,10,15
"100499519",0,0,0,0,0,0
"11964",2652,1873,1778,2219,1895,1859
"72117",5532,4290,4084,4667,4237,4128
"207806",1331,1003,730,1096,662,894
"320007",16,14,11,22,6,24
"212514",137,112,119,115,152,99
"212517",1,1,2,3,0,1
"117606",190,168,169,177,170,145
"100526478",0,0,0,0,0,0
"212547",315,265,262,284,255,224
"66067",244,217,206,217,203,218
"57781",3,1,1,0,1,1
"239849",0,0,1,0,1,0
"271375",0,0,2,4,2,1
"74603",1,1,0,1,0,0
"67896",1498,1134,1353,1445,1274,1359
"100038470",18,8,18,16,17,14
"74102",248,166,190,227,179,181
"67841",818,694,641,743,800,687
"547267",3,2,6,3,3,4
"208154",64,36,31,52,31,23
"17470",353,213,321,279,283,232
"208166",0,0,0,0,0,0
"100047671",0,0,0,0,0,0
"208169",0,2,0,0,0,1
"14525",0,0,0,0,0,0
"212998",0,0,0,0,0,0
"208171",0,3,1,0,0,0
"56370",5,5,7,6,7,3
"213012",139,108,134,132,140,114
"208177",2941,2249,1948,2535,2141,2002
"100503378",0,0,3,1,1,2
"433022",159,136,54,165,95,99
"84544",1,0,1,0,0,1
"58998",1199,892,942,1144,998,939
"639644",1,0,0,0,0,0
"73693",12,6,13,7,4,9
"73703",15,10,8,5,15,17
"433023",0,0,0,0,0,0
"17450",11,3,10,12,9,3
"77647",0,0,0,0,0,0
"57263",0,0,0,0,0,0
"57262",0,0,0,0,0,0
"245195",0,0,0,0,0,0
"224170",419,312,291,381,311,345
"224171",43,37,45,48,38,28
"667772",12,4,11,9,13,5
"73255",0,0,0,0,0,0
"216818",0,0,0,0,0,0
"73916",398,354,355,396,397,346
"100503470",0,0,0,0,0,0
"16423",520,446,466,501,484,506
"100503490",1,0,0,1,1,1
"628951",0,0,0,0,0,0
"224180",0,0,0,1,0,0
"100043404",0,0,0,0,0,0
"70508",936,665,616,700,545,585
"619312",0,0,2,1,1,1
"69339",0,0,0,0,0,0
"75211",0,0,0,0,0,0
"68190",115,77,48,70,52,62
"208650",680,515,458,609,460,476
"100862397",0,0,0,0,0,0
"11658",776,536,553,638,570,487
"73820",0,0,0,0,0,0
"239852",10,5,5,9,7,5
"100628589",0,0,1,0,0,0
"80859",356,182,262,282,249,177
"385658",53,47,43,43,59,41
"74201",303,215,231,258,202,249
"629242",9,9,8,7,10,4
"68193",8728,6473,6722,7061,7260,6202
"66391",22,15,16,15,23,14
"271377",449,379,340,444,361,394
"76302",2267,1637,1744,1752,1792,1612
"52575",567,471,403,474,458,400
"66315",332,256,213,315,175,204
"224224",21,7,15,15,5,10
"320712",30,31,25,20,16,19
"21787",1893,1525,1570,1711,1617,1465
"239853",0,0,0,0,0,0
"56277",120,93,129,106,111,109
"100503609",36,16,20,28,21,20
"69457",0,2,0,0,1,0
"28185",3344,2594,2567,2825,2679,2596
"52633",359,267,258,296,330,249
"100503632",7,4,7,3,8,1
"67581",757,542,467,530,459,480
"71027",1,0,0,0,1,0
"66497",84,52,83,66,76,58
"100503647",1,1,0,1,0,0
"78749",907,677,697,640,492,655
"12837",2819,1733,2013,2303,2049,2098
"73379",1422,947,980,1316,1137,1136
"54613",8,7,11,15,8,12
"328695",0,0,0,0,0,0
"224247",0,0,0,0,0,0
"12892",336,271,232,264,265,260
"71223",0,0,0,1,0,1
"224250",715,528,623,675,630,570
"259003",0,0,0,0,0,0
"259002",0,0,0,0,0,0
"259004",0,0,0,0,0,0
"258998",0,0,0,0,0,0
"258999",0,0,0,0,0,0
"258178",0,0,0,0,0,0
"259001",0,0,0,0,0,0
"258478",0,0,0,0,0,0
"258318",0,0,0,0,0,0
"258319",0,0,0,0,0,0
"258392",0,0,0,0,0,0
"258035",0,0,0,0,0,0
"404309",0,0,0,0,0,0
"257972",0,0,0,0,0,0
"433031",0,0,0,0,0,0
"259000",0,0,0,0,0,0
"258775",0,0,0,0,0,0
"258477",0,0,0,0,0,0
"258036",0,0,0,0,0,0
"404310",0,0,0,0,0,0
"258996",0,0,1,0,0,0
"258997",0,0,0,0,0,0
"258479",0,0,0,0,0,0
"258994",0,0,0,0,0,0
"257881",0,0,0,0,0,0
"258993",0,0,0,0,0,0
"404311",0,0,0,0,0,0
"328699",0,0,0,0,0,0
"75636",0,0,0,0,0,0
"67014",318,228,242,291,253,204
"224273",211,181,176,196,152,155
"56297",208,168,146,180,155,139
"75145",0,0,0,0,0,0
"13840",1,0,1,0,0,0
"106338",94,71,66,90,69,64
"68146",141,102,125,145,119,109
"68159",0,0,0,0,0,0
"19128",401,211,243,309,261,273
"13837",57,32,33,47,39,53
"224291",0,0,0,0,2,0
"67609",642,482,474,548,493,443
"72020",290,251,209,213,178,180
"100861916",93,56,46,57,49,62
"106143",974,744,721,834,804,724
"15557",0,1,0,0,0,2
"18736",0,0,0,1,0,0
"68942",1086,853,976,931,893,870
"73569",2205,1688,1414,1818,1409,1408
"239857",18,17,14,17,12,12
"75501",0,0,0,0,0,0
"224318",0,0,0,0,0,0
"74185",585,487,452,522,471,458
"52645",0,0,0,0,0,0
"70972",0,0,0,0,0,0
"78221",0,0,0,0,0,0
"19876",611,371,407,530,418,387
"268902",111,72,60,91,75,65
"751561",0,0,0,0,0,0
"320355",0,0,0,0,0,0
"224344",4,5,4,5,8,6
"110920",981,675,665,807,665,643
"67742",0,0,0,1,1,0
"78215",0,0,0,0,0,0
"268903",584,474,337,607,310,436
"76610",0,0,0,0,0,0
"76601",0,0,0,0,0,0
"30940",1176,934,867,953,835,920
"77994",90,88,68,63,88,54
"387229",4,7,2,0,2,4
"387246",0,0,1,0,1,0
"723952",0,0,0,0,0,0
"100862299",0,0,0,0,0,0
"100503619",5,4,7,1,4,5
"13052",158,87,101,103,100,92
"12228",583,455,492,512,530,441
"67102",495,403,379,464,384,395
"75818",0,0,2,0,0,0
"78812",0,0,0,0,0,1
"246048",52,32,49,55,39,57
"19146",0,0,0,0,0,0
"78654",0,0,0,0,0,0
"100039724",0,0,0,0,0,0
"17968",2,2,2,6,1,2
"75247",0,0,0,0,0,0
"402727",0,0,1,0,0,0
"78023",0,0,0,0,0,0
"387173",0,0,0,2,0,0
"27393",930,684,782,867,868,745
"67374",5748,4969,4702,4832,4222,4489
"11957",3209,2580,2638,2670,2923,2410
"14390",1530,1137,1045,1328,1079,1185
"11820",14008,10814,11209,12951,10848,10924
"100038614",13,14,9,11,8,8
"224405",0,5,1,0,0,0
"11504",1775,1351,1423,1628,1393,1447
"75310",0,0,0,1,0,0
"23794",1251,888,834,1186,908,880
"67768",212,157,169,208,189,141
"78913",1583,1188,1066,1410,976,1131
"53858",90,80,77,91,109,83
"74112",1796,1462,1335,1473,1340,1388
"12469",9093,7243,7029,7731,7348,6667
"414095",39,34,21,23,17,19
"224419",1156,1031,1104,1227,1170,1221
"12013",1541,1242,1004,1473,1129,1181
"100039901",5,1,0,0,1,1
"14805",14,17,16,11,5,12
"78924",0,0,0,0,0,0
"239931",0,0,0,0,0,0
"54420",0,0,0,0,0,0
"239932",0,0,0,0,0,0
"69699",0,0,0,0,0,0
"69533",0,0,0,0,0,0
"239933",0,0,0,0,0,0
"69661",0,0,0,0,0,0
"268905",0,0,0,0,0,0
"16699",0,0,0,0,0,0
"117172",0,0,0,0,0,0
"69696",0,0,0,0,0,0
"546672",0,0,0,0,0,0
"433047",0,0,0,0,0,0
"75351",0,0,0,0,0,0
"23927",0,0,0,0,0,0
"26560",0,0,0,0,0,0
"170657",0,0,0,0,0,0
"170651",0,0,0,0,0,0
"77918",0,0,0,0,0,0
"170654",0,0,0,0,0,0
"16704",0,0,0,0,0,0
"170939",0,0,0,0,0,0
"71369",0,0,0,0,0,0
"68740",0,0,0,0,0,0
"100040201",0,0,0,0,0,0
"16700",0,0,0,0,0,0
"100040214",0,0,0,0,0,0
"68484",0,0,0,0,0,0
"100040249",0,0,0,0,0,0
"622935",0,0,0,0,0,0
"170656",0,0,0,0,0,0
"16701",0,0,0,0,0,0
"16703",0,0,0,0,0,0
"71363",0,0,0,0,0,0
"16693",0,0,0,0,0,0
"21844",107,99,86,104,73,100
"100038709",0,1,0,0,0,0
"20655",2147,1612,1743,1756,1920,1542
"224432",931,697,760,846,718,675
"26559",13,14,11,14,8,22
"68500",0,0,0,0,0,0
"66578",14,7,15,14,10,11
"100503390",5,2,3,9,3,4
"77037",0,0,0,0,0,0
"207932",264,193,187,277,185,192
"70967",7,8,8,14,20,14
"68001",282,232,253,250,260,236
"104015",584,438,382,475,361,374
"67394",5,2,4,4,1,0
"67367",523,374,420,452,388,315
"74387",20,26,17,20,20,13
"791288",0,0,0,0,0,0
"50913",1,1,0,0,0,0
"50914",1,0,1,2,0,0
"15976",261,165,203,249,254,195
"16155",162,102,122,153,126,117
"100503120",6,2,3,5,3,0
"15975",810,565,534,696,637,558
"15980",1076,841,973,1000,1013,931
"77975",453,365,383,405,393,350
"100503130",0,0,0,0,0,0
"246738",196,164,135,144,170,145
"14450",1278,1024,989,1144,991,954
"20658",7251,5129,5038,5875,4611,5014
"60364",69,49,53,59,49,44
"100038392",15,10,9,13,6,7
"66609",334,270,274,278,288,261
"16443",2967,2319,2284,2722,2424,2314
"28080",7033,6092,6014,5842,6193,5587
"53881",549,319,337,248,242,306
"121022",466,338,385,325,395,320
"246133",5,0,0,3,1,0
"68936",315,279,307,284,289,251
"100503166",8,11,7,11,6,4
"75328",0,0,0,0,0,0
"16509",16,12,12,6,11,10
"54720",1237,1132,1184,1014,1163,1022
"76785",0,0,0,0,0,0
"209195",7,4,5,3,2,3
"12394",3951,2855,2936,3439,3037,2883
"69857",0,0,0,0,1,1
"791074",0,0,0,0,0,0
"72264",1,0,0,0,0,1
"224440",50,23,42,26,44,33
"12408",668,451,496,505,526,478
"109857",122,91,94,111,130,110
"70028",821,632,627,706,621,579
"338467",1526,1227,1143,1304,1031,1047
"110749",13,9,9,11,12,8
"56173",3,0,0,1,2,0
"20465",356,297,307,322,302,315
"110948",299,209,166,230,181,210
"170765",1,4,3,5,9,6
"56176",970,714,746,795,804,686
"22129",7336,5472,5225,6423,4993,5327
"13185",1270,980,1001,1189,1162,1134
"13548",3998,3204,3112,3328,3013,3022
"16522",16,12,12,6,8,7
"16516",97,60,50,72,30,58
"13876",3,4,0,2,3,1
"23872",726,548,588,680,645,624
"69776",0,0,1,1,0,1
"100040997",0,0,0,0,0,0
"56088",342,202,261,218,262,233
"93871",3977,2935,2120,3130,2055,2819
"74296",2,3,2,2,2,1
"15312",1406,1058,1213,1403,1439,1110
"71446",411,301,346,300,356,328
"385668",13,12,10,19,19,18
"50795",2580,2416,2357,2220,2336,2240
"93961",287,227,192,295,235,239
"72058",1,0,0,0,0,1
"16415",0,0,0,0,0,0
"18546",1,0,0,2,1,0
"13508",12,8,2,7,3,3
"100862217",0,0,0,0,0,0
"56175",54,52,46,69,46,51
"17857",2,2,2,0,0,2
"52793",0,0,0,1,1,0
"17858",24,17,22,21,23,21
"50528",8,12,7,5,11,3
"72388",2,0,0,0,0,0
"114604",373,310,304,276,281,236
"207781",250,145,181,185,147,140
"114565",438,313,316,358,320,370
"320586",42,27,20,25,18,26
"328734",48,38,40,45,38,35
"624086",202,151,186,192,191,173
"106583",1022,777,768,912,759,732
"319358",32,22,23,25,22,28
"24001",486,357,361,419,317,360
"224481",196,152,156,140,161,166
"621628",1,5,2,1,1,2
"68230",5,1,5,4,4,6
"100502833",0,0,0,0,0,0
"224480",2,1,1,3,3,1
"75815",0,0,0,0,0,0
"78043",0,0,0,0,0,0
"75934",0,0,0,2,0,0
"239985",2404,1817,1700,2145,1663,1874
"70544",877,778,736,798,800,736
"106557",18,5,14,7,9,11
"666919",0,1,0,0,0,0
"224454",237,227,241,230,235,200
"78512",85,63,80,84,87,70
"66616",1291,934,919,1153,947,849
"20975",1557,1300,1301,1365,1061,1209
"321007",463,353,353,386,314,310
"66467",1120,903,905,896,962,892
"68842",12215,9472,7196,9980,6991,8819
"77106",1019,742,750,844,728,751
"100310872",365,300,313,323,338,293
"21648",888,717,683,781,768,613
"547127",775,559,684,591,541,437
"100040500",4397,3233,2376,3566,2186,3257
"100040563",741,596,317,668,525,545
"100040525",152,101,38,116,32,106
"100040531",467,312,426,440,402,250
"83672",4,5,12,1,1,1
"22350",348,265,283,354,321,317
"100040654",3,7,3,2,4,2
"73617",5,0,0,0,0,0
"751529",0,0,0,0,0,0
"100037282",950,789,678,809,724,653
"380608",429,354,359,351,337,316
"68195",860,796,868,929,983,793
"381059",1,3,0,0,2,0
"20112",1776,1453,1311,1639,1424,1411
"21461",0,0,0,1,0,0
"100216474",0,0,0,0,1,0
"667055",0,1,2,4,1,4
"68655",1016,807,845,790,626,693
"667102",0,0,0,0,0,0
"72536",24,27,35,35,37,37
"320936",0,0,0,1,0,0
"66832",1040,921,933,990,1046,878
"100040822",2,3,1,1,2,0
"100037283",1005,780,795,943,683,675
"75296",691,622,597,597,580,481
"12458",0,0,0,0,0,0
"667114",0,0,0,1,0,1
"55951",782,663,650,670,677,588
"106489",369,261,254,296,342,271
"320111",0,3,0,0,0,0
"21331",2,1,1,2,2,0
"100504601",0,0,0,0,1,0
"20997",0,0,0,0,0,0
"23984",320,292,250,277,246,267
"66931",37,31,20,26,23,30
"67791",5,8,5,2,4,2
"433064",0,1,1,1,1,6
"67543",0,0,1,1,1,0
"71092",7,13,5,9,4,0
"19317",11291,8747,7823,9607,7685,8096
"100526796",9,5,12,6,7,2
"76634",0,6,1,0,0,2
"69310",37,31,36,41,59,30
"319750",1,1,0,1,0,0
"50873",53,48,49,60,46,46
"52027",0,0,1,0,0,0
"68262",395,321,311,324,343,301
"26407",2212,1726,1656,1790,1483,1704
"224523",97,68,75,83,83,82
"18815",21,10,12,13,8,7
"20519",1,1,1,2,1,2
"77414",0,0,1,0,1,0
"20518",1,0,0,0,1,0
"20517",1,0,0,0,1,0
"100862021",0,0,0,0,0,0
"16004",12004,8863,7163,10153,6439,8655
"100502594",8,6,17,8,9,6
"104103",129,81,78,115,84,83
"17171",17,16,5,7,12,13
"80978",23,20,6,19,10,10
"240023",7,5,6,4,3,3
"67681",857,693,706,758,781,730
"21454",6971,5609,5534,6071,5529,5194
"100303746",0,6,1,1,1,1
"224530",92,27,10,59,69,57
"110460",1158,916,914,990,1038,1045
"100502686",3,1,1,1,1,1
"60532",1037,770,801,854,844,737
"20656",2532,2127,2043,2221,2251,2052
"436440",0,0,0,0,0,0
"21462",1,1,4,1,3,2
"625850",0,0,0,0,2,0
"381058",0,0,0,0,0,2
"100038394",0,0,0,0,0,0
"27263",0,0,0,0,0,0
"236574",0,0,0,0,0,0
"100041352",0,0,0,0,0,0
"19862",1,0,0,0,0,0
"72578",7,5,9,7,5,5
"667384",2,2,2,1,0,0
"272667",2,2,2,1,0,1
"21646",8,3,4,10,2,1
"17356",903,627,620,714,593,633
"635895",3,3,1,1,0,0
"664821",0,0,0,0,0,0
"664831",0,0,0,0,0,0
"75011",0,0,0,0,0,0
"240025",57,42,47,62,53,36
"64074",847,593,611,710,639,788
"74917",1,2,0,0,0,0
"21826",2763,1865,1856,2584,2098,2085
"71682",5,1,0,6,0,4
"67912",676,491,529,528,512,508
"72057",1036,894,841,1060,930,878
"106740",271,247,296,260,255,223
"100041586",7,4,7,7,6,3
"100041574",196,117,189,188,135,120
"100861785",107,131,140,106,193,93
"100041639",3,5,1,10,3,6
"100041621",174,143,160,182,134,67
"100862074",135,134,149,158,197,114
"21647",4,7,4,10,8,5
"381062",422,341,309,373,330,213
"328747",4,2,2,3,3,4
"100038481",5,6,2,4,10,3
"13388",441,303,383,402,370,272
"67544",790,612,610,678,600,573
"19170",3243,2598,2662,2753,2828,2340
"21374",186,133,162,159,165,138
"18567",206,174,153,209,183,168
"213389",67,40,45,48,31,34
"71008",0,0,0,0,0,1
"12648",1103,783,659,971,670,715
"68799",1392,1106,1125,1161,1147,1078
"213781",17,22,17,27,25,17
"213811",100,111,113,123,105,98
"449000",192,161,151,192,124,140
"22759",215,176,151,153,160,166
"626854",157,105,133,149,101,124
"100041965",879,703,771,656,810,772
"67045",667,521,518,646,530,452
"66643",224,186,180,163,182,160
"240028",2327,1562,929,1723,840,1488
"626942",0,0,0,0,0,0
"387230",1,1,1,0,0,0
"387248",2,2,0,2,1,2
"387235",0,1,1,0,0,0
"75202",196,112,189,120,99,78
"15116",6,1,3,9,5,1
"14293",1,0,0,0,0,0
"14289",0,0,0,0,0,0
"100503522",0,0,1,4,1,1
"14294",0,0,0,0,0,0
"14291",0,0,0,0,0,0
"665210",0,0,0,0,0,0
"627111",0,0,0,0,0,0
"665227",0,0,0,0,0,0
"627132",0,0,0,0,0,0
"328759",0,0,0,0,0,0
"433070",0,0,0,0,0,0
"627367",0,0,0,0,0,0
"224552",0,0,0,0,0,0
"665376",0,0,0,0,0,0
"627537",0,0,0,0,0,0
"627576",0,0,0,0,0,0
"224572",0,0,0,0,0,0
"627636",0,0,0,0,0,0
"22313",0,0,0,0,0,0
"321021",0,0,0,0,0,0
"321020",0,0,0,0,0,0
"627743",0,0,0,0,0,0
"224576",0,0,0,0,0,0
"22312",0,0,0,0,0,0
"665525",0,0,0,0,0,0
"627805",0,0,0,0,0,0
"171228",0,0,0,0,0,0
"627814",0,0,0,0,0,0
"224582",0,0,0,0,0,0
"14290",0,0,0,0,0,0
"171225",0,0,0,0,0,0
"171229",0,0,0,0,0,0
"171226",0,0,0,0,0,0
"171224",0,0,0,0,0,0
"171231",0,0,0,0,0,0
"171230",0,0,0,0,0,0
"171227",0,0,0,0,0,0
"51792",4766,3698,3937,4161,3957,3823
"171236",0,0,0,0,0,0
"224585",187,129,177,149,171,151
"627924",1,0,1,0,0,1
"665654",0,0,0,0,0,0
"665662",0,0,0,0,0,0
"665669",0,0,0,0,0,0
"171232",0,0,0,0,0,0
"171233",0,0,0,0,0,0
"171235",0,0,0,0,0,0
"171234",0,0,0,0,0,0
"210503",54,47,42,36,42,46
"22712",38,30,25,37,27,18
"22709",143,89,103,138,81,79
"24132",58,47,33,56,52,48
"22710",286,180,210,285,173,208
"381066",116,70,108,112,82,98
"73229",26,23,33,37,35,41
"100310809",44,29,22,51,44,43
"240034",67,90,62,84,73,63
"381067",131,109,73,115,104,105
"75424",68,42,46,44,37,36
"70081",35,25,22,24,23,18
"73233",214,182,174,187,165,150
"74670",352,242,220,272,247,223
"665820",0,0,0,0,0,0
"665825",2,4,3,3,7,5
"631010",0,0,0,0,0,0
"210853",42,39,28,36,33,20
"240038",187,150,122,145,115,112
"631624",269,180,191,223,183,153
"319615",184,119,140,148,133,116
"224598",227,188,185,177,137,185
"74149",111,79,87,94,79,86
"210876",0,0,0,0,0,0
"628185",0,0,0,0,0,0
"100042679",9,22,6,8,10,13
"240041",174,137,154,143,131,125
"434701",0,0,0,0,0,0
"665976",0,0,0,0,0,0
"22700",78,53,58,84,66,47
"666002",0,0,0,0,0,0
"638102",0,0,0,0,0,0
"619697",0,0,0,0,0,0
"619788",0,0,1,0,0,0
"320020",16,17,18,8,5,14
"449521",137,109,131,138,138,119
"22654",98,97,90,92,98,89
"332221",1,0,0,0,1,0
"240047",1,0,0,1,0,3
"212733",17,3,9,13,8,1
"386612",348,287,322,317,304,220
"353502",731,665,647,696,684,574
"27279",2994,2384,2586,2569,2695,2394
"54419",0,0,0,0,0,0
"56863",7,4,4,1,2,4
"320309",56,54,66,56,49,47
"268930",24,16,22,30,21,30
"76498",174,120,171,157,147,166
"73016",19,18,16,13,14,18
"638247",258,218,205,250,230,233
"224613",719,586,605,659,634,645
"76917",5,3,10,4,5,5
"433082",12,1,6,4,6,4
"75956",9308,6643,6447,7563,4899,5636
"100628593",106,46,101,76,73,47
"67673",2767,2516,2561,2570,2694,2386
"353130",0,0,0,0,0,0
"71003",0,0,0,0,0,2
"69814",0,0,0,0,0,0
"57256",0,0,0,0,0,0
"13184",0,0,0,0,0,0
"630537",0,0,0,0,0,0
"620253",0,0,0,0,0,0
"20234",0,0,0,0,0,0
"638345",0,0,0,0,0,0
"30943",0,0,0,0,0,0
"70835",1,1,1,0,3,1
"213171",16,8,10,6,12,2
"69259",819,680,724,765,740,651
"18607",2943,2259,1936,2441,1902,2062
"245847",313,207,203,269,254,228
"11984",5237,4264,4332,4425,4527,4113
"224617",994,665,695,847,609,581
"18209",33,30,20,24,29,38
"72016",111,112,97,103,105,97
"12449",48,39,38,46,43,33
"100628603",0,0,0,0,0,0
"381072",1,1,2,1,0,1
"27410",824,636,601,690,545,635
"654822",16,9,15,18,0,10
"19826",2277,1821,1941,2166,2066,1900
"13177",516,497,471,523,458,490
"66705",11,7,13,10,11,12
"13560",315,269,319,286,230,214
"67078",525,466,590,550,679,496
"56716",154,138,120,155,146,110
"319259",0,0,0,0,0,0
"268932",13,13,11,17,15,8
"224619",1933,1601,1622,1648,1532,1563
"75614",9,9,18,6,13,12
"328778",4,2,3,4,1,2
"18763",1933,1326,1123,1488,986,1275
"22084",4137,3222,3057,3566,3058,3158
"18207",137,121,131,119,141,112
"65962",628,522,635,600,584,547
"381073",0,0,1,1,0,0
"213753",1403,1245,1313,1239,1177,1088
"20974",6,9,5,15,7,10
"11692",465,384,390,425,425,380
"71893",42,38,28,49,26,29
"213773",870,663,718,710,719,640
"67504",3,0,1,0,0,1
"73474",1,0,0,0,1,0
"100306952",1,0,6,1,0,0
"16898",14626,12978,13976,15967,17266,13974
"104366",4,2,8,3,7,4
"68342",2179,1924,1963,1909,2049,1918
"66211",20,24,21,18,26,11
"27361",583,437,549,494,574,469
"328779",4,3,8,7,8,11
"75178",0,1,2,4,2,2
"68636",313,214,247,253,251,234
"14651",950,697,773,814,793,805
"16005",1,0,0,1,0,0
"26426",377,304,315,334,323,329
"79043",654,536,583,593,612,557
"193838",288,229,219,270,186,195
"79044",621,591,641,664,724,600
"79059",77,51,62,66,78,65
"30957",1745,1244,1454,1511,1269,1225
"52009",459,323,328,363,349,315
"57354",554,403,414,518,394,389
"106633",210,170,153,182,145,144
"407831",15,13,13,17,4,11
"71718",535,486,461,467,461,373
"68509",0,0,0,2,0,0
"26373",1177,779,926,944,876,821
"207209",9,11,3,7,8,8
"214489",575,500,544,511,572,476
"74154",201,135,148,170,111,114
"214505",197,146,176,171,161,122
"68327",374,303,336,349,367,335
"545192",3,2,0,2,2,0
"22196",2601,1936,2111,2214,2217,2008
"100272221",5,0,1,1,2,0
"328780",0,0,0,0,0,0
"114661",0,0,0,0,0,0
"114662",0,0,0,0,0,0
"100503895",0,0,0,1,0,0
"17229",0,0,0,0,0,0
"26945",1,0,0,0,0,0
"58226",494,335,367,466,364,339
"71840",0,0,0,0,0,0
"20609",3,0,0,1,1,1
"20681",50,34,32,38,38,26
"72834",14,10,8,7,10,10
"76483",276,199,217,289,257,250
"64337",0,3,6,2,0,9
"214901",44,22,36,24,24,38
"106707",220,177,198,206,199,152
"100862104",0,0,0,0,0,0
"328783",38,29,18,31,18,19
"56047",6726,5641,6669,5825,5668,5177
"67563",617,535,547,571,562,552
"68977",418,343,374,339,377,334
"381077",33,22,16,28,15,13
"214917",445,334,428,376,398,333
"70083",215,176,207,214,217,176
"214931",458,430,375,366,382,358
"268933",547,431,417,450,502,379
"72106",253,223,271,221,211,185
"56424",771,635,718,802,771,655
"214951",68,47,65,48,70,53
"214952",1219,1152,1027,1143,1137,1003
"106618",94,48,54,69,72,51
"68241",192,173,208,189,204,159
"68347",266,224,236,231,218,195
"215001",18,15,18,12,16,10
"224624",375,333,315,381,342,350
"100043160",11,6,8,11,8,8
"100862112",0,0,0,0,0,0
"14755",773,596,670,753,595,658
"621239",0,0,0,0,1,0
"100034748",3,1,1,2,1,0
"240054",18,16,27,18,23,18
"50817",138,102,105,112,87,87
"69431",8,12,10,8,4,12
"215445",1394,1062,1076,1308,1063,1087
"26378",409,314,385,376,357,327
"56520",242,200,207,251,278,191
"60455",29,16,19,20,32,18
"68611",889,708,839,756,865,716
"12005",866,734,736,763,653,701
"69191",0,0,3,6,4,2
"14570",116,103,92,130,121,119
"50782",45,44,73,26,31,31
"106581",2036,1740,1650,1726,1620,1625
"100504036",2,0,0,1,0,0
"66978",819,538,708,702,672,530
"240055",1,3,0,3,0,2
"19252",1114,844,960,994,1039,812
"100862171",6,0,1,3,4,2
"666668",369,295,345,287,380,294
"67458",2720,2086,2207,2459,2262,2144
"11974",887,773,801,840,832,741
"77128",365,262,235,310,229,255
"224630",253,193,210,239,203,194
"18091",0,0,0,0,0,1
"16580",40,35,25,20,40,23
"21652",555,347,534,446,436,402
"67675",598,477,574,571,586,488
"240057",613,386,452,449,436,396
"100526534",0,0,0,0,0,0
"474156",206,167,179,195,178,146
"70772",83,59,80,56,75,55
"12018",1441,1307,1207,1360,1327,1203
"16440",986,748,631,801,575,654
"67267",1530,1200,1234,1266,1354,1202
"271424",1228,1129,1126,1069,964,1023
"224640",926,742,800,774,891,725
"100038429",0,0,0,0,1,0
"268934",2,5,3,3,2,7
"677010",0,1,0,1,0,2
"15361",2293,1923,1940,2238,2109,1920
"106672",129,86,106,118,144,136
"56409",3033,2535,2493,2685,2757,2376
"67097",4662,3727,3781,4019,4179,3565
"23969",1127,1013,939,1144,1028,961
"30051",0,1,6,5,2,4
"224647",5126,4360,4225,4374,4176,3997
"20630",978,761,801,811,873,756
"224648",1063,836,700,859,706,797
"68776",572,479,506,529,519,452
"224650",409,258,290,359,314,313
"21463",0,0,2,0,0,0
"268935",10,8,9,7,0,1
"100504186",49,27,34,40,39,39
"224656",536,432,426,478,487,389
"23853",248,166,181,189,168,161
"19015",824,618,651,696,663,645
"69050",0,0,0,0,0,0
"72775",173,144,171,177,181,138
"19896",6819,5456,5592,5791,6097,5285
"21678",973,751,997,876,876,663
"22157",2,0,1,0,1,0
"14229",284,213,214,233,242,224
"100862287",0,0,0,0,0,0
"320187",0,0,0,0,0,0
"67645",0,0,0,0,0,0
"328788",0,0,0,0,0,0
"109791",0,0,0,0,0,0
"328789",0,0,1,0,0,0
"20815",953,716,724,865,681,729
"224661",6,10,5,5,10,3
"26416",1517,1140,1222,1272,1165,1177
"26415",29,21,30,19,26,15
"268936",533,496,401,466,405,421
"433091",0,0,0,0,0,0
"207819",0,0,0,0,0,0
"74179",0,0,0,0,0,0
"69307",0,0,1,0,0,1
"66989",840,598,631,746,719,652
"106504",2544,1999,1778,2055,1883,1800
"20383",2165,1610,1844,1766,1844,1507
"100504267",474,319,370,382,366,350
"12575",46994,37609,36438,42318,41861,35665
"442827",478,372,348,374,380,306
"240058",28,30,24,37,29,22
"68816",379,320,353,296,366,320
"80748",1671,1319,1413,1434,1416,1348
"100043348",458,345,386,412,419,406
"74116",3,3,3,4,4,1
"56462",2934,2290,2587,2579,2686,2381
"26382",0,0,0,1,2,0
"18712",335,263,273,365,285,236
"71138",2,0,3,1,0,0
"381085",394,334,322,331,296,315
"74092",0,1,0,3,2,0
"58230",479,372,397,412,382,375
"100504304",0,1,0,0,0,0
"74157",1248,1055,1013,1215,960,973
"68597",176,164,202,194,148,169
"74762",297,242,206,257,232,221
"21769",3085,2539,2422,2622,2450,2369
"224671",747,566,522,607,566,539
"623169",1,0,2,2,0,3
"109801",2725,2296,2205,2321,2271,2129
"67522",0,0,0,0,0,0
"13417",16,12,9,13,21,14
"14652",37,21,23,18,18,20
"100038436",0,0,0,0,0,0
"52020",14,12,9,9,3,1
"11307",162,122,116,101,100,100
"21786",0,0,0,0,0,0
"21785",1,0,0,0,1,0
"21784",0,0,0,0,0,0
"140765",0,0,0,0,0,0
"328795",0,0,0,0,0,0
"22092",6,7,11,9,7,2
"224674",9,3,7,6,3,7
"18585",3,1,3,1,0,0
"57773",228,169,257,227,217,230
"78330",1128,1024,1088,1044,1142,1003
"18771",567,484,501,551,493,474
"12411",2,0,1,3,2,3
"108121",1050,886,866,971,978,821
"100862364",0,0,0,0,0,0
"12954",0,0,0,0,0,0
"17691",4214,3418,3474,4038,3487,3267
"74377",236,154,152,192,162,138
"72462",490,392,418,460,389,346
"435518",1,0,4,6,1,1
"100504381",3,0,3,5,2,1
"18131",835,518,647,651,542,537
"100862382",0,0,0,0,0,0
"71932",2,0,2,2,2,3
"57261",2729,2100,2159,2339,1979,1938
"56399",1668,1254,1371,1360,1199,1189
"54194",1175,869,957,1010,1001,793
"22404",662,519,523,587,545,493
"320484",0,0,0,0,0,0
"664702",0,0,0,0,0,0
"57757",0,0,0,0,0,0
"320997",1,5,1,0,2,2
"208285",181,153,179,174,165,145
"70101",175,116,154,157,129,135
"677156",1,1,0,1,0,0
"631304",0,0,0,0,0,0
"106648",0,0,1,0,0,0
"208292",905,601,589,755,543,609
"240063",1,2,3,0,1,1
"240064",176,125,139,170,119,137
"240066",156,127,112,127,134,108
"64385",1,0,1,0,0,1
"170716",94,70,79,87,78,65
"77875",1,2,5,0,2,5
"224691",53,37,44,42,43,26
"240067",197,148,128,188,153,118
"73451",150,137,120,114,100,105
"74042",0,0,0,0,0,0
"240068",100,98,92,99,76,68
"240069",22,23,25,16,16,8
"100861596",3,2,2,0,4,1
"100038859",1,1,0,1,0,0
"100038860",5,0,0,2,1,0
"100043474",6,5,2,4,1,2
"77652",450,404,360,378,297,347
"258939",0,0,0,0,0,0
"100043468",559,449,368,515,344,388
"224694",88,64,78,69,63,63
"22643",48,31,29,33,26,28
"69481",0,0,2,0,0,0
"224697",264,148,156,195,169,139
"17916",2,0,0,0,4,0
"328801",155,118,115,138,170,113
"378460",22,20,22,15,7,13
"76936",3179,2475,2583,2900,2765,2337
"224703",786,626,663,705,690,628
"100862103",0,0,0,0,0,0
"19326",1143,943,895,970,1026,844
"100502751",61,44,54,46,55,37
"57875",110,92,90,114,108,99
"80880",195,138,159,153,168,142
"54127",2915,2314,2372,2518,2831,2450
"66416",1649,1263,1298,1461,1500,1237
"54219",404,319,296,338,345,300
"100502766",77,53,61,59,55,42
"474160",2,2,4,3,0,4
"407803",14,18,17,6,30,19
"13163",661,525,532,553,498,539
"81630",610,500,499,548,542,458
"100502849",6,1,3,2,5,3
"21356",752,570,692,656,684,639
"19732",500,418,468,457,416,372
"14976",571,489,498,505,552,446
"57315",841,771,705,796,731,659
"54218",28,24,17,16,19,14
"20084",7976,6386,6279,6896,6842,5698
"224705",1605,1232,1293,1372,1262,1150
"630499",3,5,2,10,7,8
"433100",34,27,23,21,36,24
"14972",2673,2091,2322,2188,2402,2381
"19763",245,173,218,219,256,195
"100502891",1,0,2,0,0,0
"723823",1,0,1,0,0,0
"14979",431,352,491,373,458,395
"14977",3743,2932,3181,3271,3142,2891
"20182",765,670,668,684,675,617
"12815",318,210,263,264,230,182
"15004",0,0,0,0,0,0
"414076",0,3,0,0,0,0
"15001",0,0,0,0,0,0
"100502911",0,0,2,0,1,0
"14312",3376,2561,2708,2965,2810,2514
"14998",44,53,55,49,60,38
"15000",0,0,0,1,0,1
"14999",18,7,4,7,7,5
"16912",1,1,1,0,0,7
"21354",101,75,95,111,105,116
"16913",13,9,9,11,11,9
"21355",588,520,526,469,497,440
"100502931",0,0,1,0,0,1
"15002",0,0,0,0,0,0
"14961",9,5,9,8,6,13
"14960",0,0,0,0,0,0
"14969",5,1,4,4,7,1
"381091",0,0,0,0,0,0
"100504404",0,0,0,0,0,0
"547431",1,0,0,0,0,0
"100038862",0,0,0,0,0,0
"407788",0,0,1,3,0,1
"632126",0,0,0,0,0,0
"81497",0,1,0,0,0,0
"624681",0,0,0,0,0,0
"18132",82,67,61,82,72,91
"106512",46,42,44,56,46,38
"18515",1059,775,841,905,871,768
"11596",10,3,16,10,7,9
"54197",584,375,442,453,481,454
"55979",1554,1271,1313,1379,1379,1138
"81701",2,7,2,2,0,2
"54397",535,448,516,446,414,420
"260297",1,1,5,2,2,1
"56299",183,157,174,153,170,168
"12915",913,742,813,913,882,788
"81877",35,27,33,71,25,28
"12268",3,2,3,4,1,1
"13079",0,0,0,0,0,2
"625018",7,7,7,9,13,9
"54402",173,113,180,146,153,154
"112403",205,189,206,204,205,195
"108077",1464,1273,1302,1293,1216,1121
"27632",397,321,324,371,332,315
"14962",44,37,42,43,32,39
"12263",12,12,10,10,3,10
"193736",216,183,194,192,178,162
"110147",1981,1674,1841,1838,1621,1512
"70129",50,49,47,48,38,42
"18010",642,527,590,558,663,541
"68763",385,306,331,332,369,286
"100217427",7,2,9,3,2,4
"15511",695,557,592,453,469,540
"193740",538,400,478,358,361,391
"15482",240,200,243,207,244,188
"27756",121,118,118,142,142,123
"22321",2195,1672,1733,1957,1748,1665
"27762",6,12,11,8,5,10
"78376",2,0,0,2,2,0
"17687",34,22,34,28,26,15
"114584",2000,1543,1667,1808,1848,1600
"51793",802,599,745,696,769,684
"106722",0,0,0,0,0,0
"114763",0,0,0,0,0,0
"68468",0,1,0,0,0,2
"114654",0,0,1,0,2,2
"70274",2,0,0,0,0,0
"433099",0,0,0,0,0,0
"193742",901,766,854,826,848,804
"114652",0,0,0,0,0,0
"266614",4,0,3,3,3,1
"13001",1751,1418,1511,1479,1625,1360
"81845",147,133,143,167,144,129
"114585",264,209,213,206,257,210
"55938",3,3,4,3,8,6
"224727",7765,5985,6436,6827,6046,6077
"53761",9834,7545,7455,8641,6970,7471
"11629",2,0,0,0,0,0
"16988",2,1,0,2,1,0
"16994",0,1,0,0,0,0
"21926",0,0,0,0,0,0
"16992",2,0,3,2,1,1
"18038",210,150,232,200,198,185
"66237",120,106,130,108,125,105
"53817",1727,1302,1522,1593,1412,1244
"100862191",319,189,277,257,211,174
"14964",807,623,718,705,747,617
"100862184",0,0,0,0,0,0
"15006",2,1,1,2,1,2
"15013",0,0,0,0,0,0
"15015",57,40,40,60,49,67
"68395",0,0,0,0,0,0
"110557",4,3,2,1,4,3
"15018",5,5,8,12,2,4
"15007",2,3,5,3,6,2
"100503096",0,0,0,0,0,0
"18999",0,0,0,0,0,0
"106795",29,11,20,22,21,12
"240084",208,165,183,159,160,154
"57390",1,0,1,0,1,1
"386463",29,14,20,18,31,33
"69542",0,0,0,0,0,0
"672682",0,0,0,0,0,0
"268949",6,3,3,4,3,4
"433102",0,0,2,0,0,0
"68915",359,342,329,333,296,288
"14885",315,254,264,280,294,254
"12305",2874,2105,2299,2368,2156,2250
"74601",5,1,6,3,4,0
"100503344",0,0,0,0,0,0
"15937",684,538,645,574,639,524
"14251",1693,1418,1544,1582,1644,1413
"22154",1422,1132,1408,1445,1343,1347
"240087",274,182,172,235,162,196
"100503359",8,4,11,9,10,4
"106582",48,64,65,62,60,60
"76448",963,710,871,855,800,685
"69192",943,652,748,714,760,639
"69662",500,397,499,507,560,419
"100503379",21,11,26,20,28,10
"73242",407,363,354,376,355,307
"66973",223,214,187,227,198,201
"52040",1874,1445,1500,1588,1490,1423
"100316810",5,0,3,8,2,2
"100043674",5,0,8,0,4,2
"667766",18,23,19,16,24,20
"224742",5384,4324,4556,4865,4456,4341
"100124459",0,0,0,0,0,0
"75210",205,129,174,151,147,154
"14670",1300,1065,1110,1091,1170,1015
"77810",17,9,15,11,24,13
"15042",135,109,65,131,78,86
"15040",235,207,258,238,220,201
"15039",681,514,602,553,506,533
"547347",0,1,0,1,3,0
"100529082",1,0,1,0,0,4
"14963",0,0,0,0,0,0
"667792",0,0,0,0,0,0
"15051",9,6,10,7,12,2
"15024",5,10,7,8,14,6
"630294",1,3,1,1,0,0
"69717",3,0,0,0,0,0
"675325",0,0,0,0,0,0
"667977",0,0,0,0,0,0
"625785",43,44,35,37,42,35
"15043",0,0,0,0,0,0
"100046579",9,5,6,8,14,8
"67676",135,106,118,101,110,95
"79263",282,230,292,246,258,200
"333715",2,2,2,0,2,0
"14985",0,0,0,0,0,0
"110696",0,0,0,0,0,0
"545204",0,0,0,0,0,0
"224753",0,1,0,0,0,0
"224754",0,0,0,0,0,0
"14997",0,0,0,2,1,0
"224756",1,1,3,1,4,0
"100043158",0,0,0,0,0,0
"224761",0,0,0,0,0,0
"399549",0,0,0,0,0,0
"22670",634,514,465,632,546,521
"69097",1,1,3,0,1,2
"19824",0,0,0,0,3,2
"195359",1,2,0,0,0,0
"224762",0,1,0,1,0,0
"73286",0,0,0,0,0,0
"386454",4,3,3,5,4,2
"76497",542,502,488,528,516,461
"66136",174,144,153,153,165,146
"76416",212,146,179,165,178,147
"76797",0,1,2,0,2,0
"240095",10,4,10,7,7,4
"22715",381,256,380,337,305,278
"17441",2,1,3,2,9,2
"54393",943,759,826,866,697,687
"258469",0,0,0,0,0,0
"258470",0,0,0,0,0,0
"258448",0,0,0,0,0,0
"258051",0,0,0,0,0,0
"24108",0,0,0,0,0,0
"258219",0,0,0,0,0,0
"258506",0,0,0,0,0,0
"258507",0,0,0,0,0,0
"258505",0,0,0,0,0,0
"258503",0,0,0,0,0,0
"14991",43,36,22,31,26,33
"258508",0,1,0,2,0,0
"258831",0,0,0,0,0,0
"258218",0,0,0,0,0,0
"258830",0,0,0,0,0,0
"258504",0,0,0,0,0,0
"258457",0,0,0,0,0,0
"258832",0,0,0,0,0,0
"14990",0,0,0,0,0,0
"258325",0,0,0,0,0,0
"545205",0,0,0,0,0,0
"258096",0,0,0,0,0,0
"258286",0,0,0,0,0,0
"258284",0,0,0,0,0,0
"257908",0,0,0,0,0,0
"258625",0,0,0,0,0,0
"258263",0,0,0,0,0,0
"404308",0,0,0,0,0,0
"258095",0,0,0,0,0,0
"258624",0,0,0,0,0,0
"258622",0,0,0,0,0,0
"258285",0,0,0,0,0,0
"258623",0,0,0,0,0,0
"259064",0,0,0,0,0,0
"258287",0,0,0,0,0,0
"258892",0,0,0,0,0,0
"258374",0,0,0,0,0,0
"383243",0,0,0,0,0,0
"258094",0,0,0,0,0,0
"258324",0,0,0,0,0,0
"258480",0,0,0,0,0,0
"258867",0,0,0,0,0,0
"257889",0,0,0,0,0,0
"258828",0,0,0,0,0,0
"258829",0,0,0,0,0,0
"258329",0,0,0,0,0,0
"170648",0,0,0,0,0,0
"258481",0,0,0,0,0,0
"258803",0,0,0,0,0,0
"100126765",0,0,0,0,0,0
"100126773",0,2,0,0,0,0
"100126768",0,0,0,0,0,0
"100126776",0,0,0,0,0,0
"100126779",0,0,0,0,0,0
"100126774",0,0,0,0,0,0
"100043300",0,0,0,0,0,0
"668200",0,0,0,0,0,0
"100861531",60120,58526,41212,45895,101248,156707
"100126775",0,0,0,0,0,0
"18663",0,0,0,0,0,0
"11572",0,0,0,0,0,0
"11571",0,0,0,0,1,1
"100126778",0,0,0,0,0,0
"433107",0,0,0,0,0,0
"100126777",0,0,0,0,0,0
"100126766",0,0,0,0,0,0
"619517",0,0,0,0,0,0
"22024",0,0,1,1,0,0
"19743",1,0,1,1,0,0
"71583",23,18,25,26,26,28
"435528",0,0,1,0,0,0
"83815",110,80,106,102,108,79
"17850",450,375,331,412,310,364
"100862363",0,0,0,0,0,0
"627626",11,7,11,14,7,10
"791382",0,0,0,0,0,0
"353344",2,0,5,0,1,4
"78249",15,12,10,28,6,10
"435529",11,22,10,25,16,18
"546797",0,0,0,0,0,0
"12488",940,640,702,809,611,667
"94185",256,150,158,260,203,188
"545207",1,0,3,1,0,3
"77596",0,0,0,0,0,0
"224792",12,7,5,6,12,6
"17287",25,11,16,25,20,19
"100043332",2,0,3,0,4,1
"27226",47,30,46,42,31,24
"73504",0,0,0,0,0,0
"210510",0,0,0,1,0,1
"74011",50,36,48,36,26,38
"56050",65,51,52,54,39,44
"53901",291,267,243,213,217,244
"83965",309,177,187,231,234,172
"224794",662,531,478,535,422,480
"224796",219,200,171,202,185,178
"12393",240,156,164,172,176,173
"109115",252,200,209,264,205,214
"75341",0,0,0,0,0,0
"71702",1445,1087,1189,1238,1075,1067
"71020",6,1,3,1,4,3
"224805",362,314,335,316,311,318
"21645",0,0,0,0,0,0
"210573",13,11,9,9,11,8
"18037",139,114,116,153,120,117
"73836",865,721,713,720,766,722
"15516",58951,47642,47356,51371,49186,44286
"63959",2370,1845,2154,2035,2146,1779
"653016",781,641,671,794,797,596
"268958",6,4,5,6,2,4
"224807",2426,1880,1945,2031,1861,1895
"100038605",24,3,10,8,2,2
"68463",313,252,243,268,279,236
"768271",0,0,0,0,0,0
"72240",0,1,1,1,0,0
"433111",3,5,2,3,2,4
"22339",2341,1679,2274,2303,2277,1849
"68565",455,371,409,423,443,390
"75564",35,36,38,33,37,48
"66591",306,267,300,262,297,236
"56055",1069,892,979,1009,975,858
"80905",429,339,325,384,325,327
"72322",852,625,646,890,628,632
"751553",0,0,0,0,0,0
"20016",445,394,412,373,416,377
"28064",1327,1084,1216,1249,1216,1148
"224813",25,23,37,29,34,31
"74094",1579,1175,1382,1359,1371,1153
"106565",22,25,27,36,17,16
"224814",170,117,140,142,123,98
"57908",874,683,672,781,558,689
"114570",2,2,6,3,2,0
"108114",0,0,0,0,0,0
"328825",0,0,1,0,0,2
"106763",8,9,2,5,5,6
"381101",115,99,101,89,122,97
"78309",505,354,349,420,385,364
"20807",1795,1545,1542,1499,1540,1505
"71461",1432,1017,1241,1162,1164,1022
"74764",758,604,670,652,677,584
"27398",846,733,761,788,841,730
"66515",2558,1910,1828,2208,1777,1844
"224823",534,402,417,451,441,397
"71765",1910,1595,1669,1738,1695,1544
"17256",601,455,479,527,563,441
"21770",1576,1306,1316,1480,1210,1340
"224824",375,300,361,374,388,341
"14711",5,1,1,1,0,3
"72029",383,329,338,400,341,328
"19208",2,0,2,2,0,0
"67101",100,97,81,124,85,90
"66229",2095,1653,1677,1743,1692,1570
"210982",470,335,339,379,320,320
"442840",6,3,2,4,4,4
"72726",378,329,414,430,463,374
"19133",0,0,0,0,0,0
"224826",2545,1901,1845,2164,1558,1886
"240110",0,0,0,0,0,0
"224829",69,51,52,48,48,66
"64657",631,476,509,525,562,456
"107477",11,6,10,6,9,6
"14913",8,2,1,1,7,4
"75462",1,3,4,1,4,1
"224833",120,116,91,92,88,66
"63856",237,191,203,203,221,150
"12445",11388,10016,9656,10643,10258,9019
"53414",1401,1242,1120,1304,1170,1255
"56771",386,296,301,336,351,283
"224836",98,97,86,95,60,95
"66119",804,611,756,584,751,650
"100415787",23,43,29,22,29,26
"381104",4,3,1,0,0,2
"107971",46,37,59,48,32,31
"100126242",5,3,3,4,2,4
"109820",3,1,0,2,1,0
"21425",542,502,483,504,514,530
"17240",60,46,70,39,63,43
"74123",870,629,746,827,758,622
"76651",0,0,0,0,0,0
"68224",1,0,0,0,0,0
"328829",0,0,0,0,0,0
"328830",0,0,0,0,0,0
"58217",2,0,1,1,0,1
"58218",1,1,0,2,0,2
"224840",0,0,0,0,0,0
"328833",0,0,0,0,0,0
"320148",0,0,0,0,0,0
"83433",2,2,0,3,0,0
"71326",0,1,0,3,1,0
"18044",462,353,313,413,308,333
"106821",156,107,149,140,122,99
"11811",4175,3393,3240,3529,3426,3201
"70026",0,0,1,0,0,0
"76589",0,0,0,0,0,0
"70530",0,0,1,0,1,0
"69311",0,0,0,0,0,0
"100415784",0,0,0,0,0,0
"56738",329,238,251,285,255,243
"76441",1742,1355,1438,1604,1276,1343
"319991",8,5,7,13,6,3
"76438",548,423,458,511,454,454
"446210",0,0,0,0,0,0
"13164",1,0,1,2,0,0
"224860",531,428,452,443,459,467
"654432",118,112,105,103,138,100
"72238",554,433,431,489,414,422
"328837",0,1,0,0,0,0
"20230",722,601,603,601,586,598
"628919",0,0,0,0,0,0
"100504169",0,0,0,0,0,0
"100503190",0,0,0,0,0,0
"328839",0,0,0,0,0,0
"211468",0,0,0,0,0,1
"211482",2,1,1,1,1,0
"271457",2284,1858,1844,2119,1903,1820
"110332",4,1,3,1,2,0
"18519",824,648,556,663,573,597
"72415",5,2,6,7,5,4
"211496",0,0,1,0,0,0
"637939",0,0,0,0,0,0
"69083",0,0,0,0,0,0
"224876",0,0,0,0,0,0
"20888",0,0,0,0,0,0
"63993",74,47,60,78,53,42
"69418",0,0,0,0,0,0
"240119",0,0,0,0,0,0
"383258",0,0,0,0,0,0
"72836",63,41,54,40,54,49
"52614",0,0,0,0,0,0
"104349",26,28,34,33,28,30
"224893",39,46,35,49,36,23
"240120",41,36,36,36,35,36
"50498",0,0,0,0,1,0
"100504333",4,0,1,0,2,0
"72886",120,100,90,95,104,98
"20420",3,5,5,3,3,3
"240121",25,18,17,14,11,14
"106766",10,7,4,8,6,8
"68047",369,345,356,386,319,303
"20405",551,391,458,488,470,413
"27221",127,80,76,91,87,80
"66530",936,739,769,818,803,723
"15193",1703,1486,1600,1529,1630,1464
"57435",29,19,26,25,26,19
"66968",3,1,2,1,1,1
"76905",1,1,0,0,0,0
"20359",49,42,52,50,43,45
"66443",8,13,17,13,12,6
"28106",696,539,633,581,632,504
"224897",1172,1016,957,1156,938,1024
"320593",0,0,0,0,0,0
"723883",0,0,0,0,0,0
"14154",5417,4504,4421,4922,4680,4641
"106759",242,197,189,259,226,233
"66905",1042,885,900,1027,985,861
"76920",0,0,0,0,0,0
"18140",53,32,37,34,56,41
"193796",1205,918,972,1123,972,944
"19280",3681,2846,3049,3343,2967,3163
"668592",0,0,0,0,1,0
"20834",1,0,0,0,0,0
"100504425",21,13,16,18,6,6
"224902",1467,1022,1227,1214,1134,885
"224903",2830,2091,2519,2348,2331,1998
"224904",1087,883,852,913,989,892
"54217",3311,2774,2678,2831,3035,2408
"74142",2329,1900,2061,2101,2066,1963
"106757",7,5,3,8,2,4
"71810",1871,1530,1524,1663,1526,1370
"106639",62,51,53,53,74,47
"69875",1527,1282,1250,1285,1413,1168
"14346",0,0,0,0,0,0
"18188",0,0,2,0,3,0
"224907",600,442,565,487,475,507
"100504446",0,4,4,4,2,4
"19725",206,145,135,143,153,143
"328845",0,0,0,0,1,0
"78625",5,2,6,8,5,4
"64144",1303,1103,1178,1230,1169,1025
"171168",2,0,0,0,0,1
"53895",527,470,451,475,515,436
"66400",249,193,221,239,270,198
"19197",0,5,3,2,2,1
"98053",1869,1439,1568,1494,1517,1372
"16549",1620,1194,1405,1377,1316,1179
"103775",0,1,0,0,0,0
"66972",172,149,201,166,163,123
"224912",0,1,0,1,0,0
"70785",2,0,0,1,0,1
"22153",16,22,13,20,9,11
"100169874",4,3,1,4,5,7
"21950",15,15,18,25,31,17
"21948",0,0,1,0,0,0
"50930",0,0,0,0,0,0
"12266",671,467,374,720,529,520
"78308",1148,928,974,1029,906,857
"106628",1201,982,1144,1083,1104,942
"22324",0,0,0,0,0,0
"13733",3,0,2,0,2,0
"224916",0,0,0,0,0,0
"620292",0,1,0,0,0,1
"69239",0,0,0,0,0,0
"75039",0,0,0,0,0,0
"67993",149,123,94,134,101,106
"13640",70,34,46,46,57,44
"50758",1022,737,747,884,691,709
"414079",0,0,0,0,1,1
"320004",3,9,2,2,2,1
"14158",593,381,411,543,437,452
"224938",7301,5949,5366,6443,5056,5443
"100043582",1,0,0,0,0,0
"17158",1003,692,659,895,651,691
"78057",0,0,0,0,0,0
"100043871",0,0,0,0,0,0
"381107",1,1,1,1,1,1
"100861810",0,0,0,0,0,0
"30960",3287,2604,2763,2897,2821,2619
"213272",5,12,18,5,11,7
"106572",1959,1540,1580,1730,1646,1501
"70351",1565,1251,1226,1384,1192,1137
"19765",1576,1234,1302,1374,1355,1242
"100861815",0,0,0,0,0,0
"65960",912,742,693,779,555,634
"106585",1072,756,930,892,856,818
"72900",3016,2637,2686,2670,2620,2413
"68767",649,583,569,559,554,582
"320209",109,60,71,50,58,58
"433134",0,0,0,0,0,0
"100504611",12,3,8,9,13,9
"68617",1956,1563,1505,1948,1503,1585
"100043876",82,67,72,72,109,72
"19328",2786,2255,2366,2523,2383,2210
"74556",0,0,0,0,0,0
"19274",483,412,343,446,361,375
"791265",0,0,0,0,1,0
"240131",307,231,239,227,232,242
"16772",14,10,16,19,11,12
"268970",2637,2116,1797,2451,1794,1979
"320858",0,0,1,1,0,1
"622645",1,4,8,2,2,5
"13823",1317,993,947,1180,948,949
"69750",3,3,2,3,1,3
"22666",226,172,159,190,207,212
"100861864",0,0,0,0,0,0
"77533",31,21,38,22,35,21
"320722",7,8,11,9,6,10
"224997",41,35,36,20,36,11
"21815",848,602,649,756,723,638
"668724",27,21,20,21,29,16
"100316676",3,0,0,0,0,1
"546695",0,0,0,0,0,0
"240156",0,0,0,1,0,0
"67938",815,639,704,748,873,759
"67268",8064,7309,6882,7080,7559,6634
"100861887",18,9,13,12,9,9
"17929",13891,11691,10623,12307,9545,10948
"64898",618,374,422,470,417,382
"246707",91,91,79,119,73,90
"75022",0,0,0,0,0,0
"100043644",0,0,0,0,0,0
"74355",566,392,361,532,342,362
"67052",1,2,2,5,0,3
"70891",7,1,4,3,1,0
"68789",39,40,45,39,40,44
"72515",1099,789,742,1020,922,758
"100217462",0,0,0,0,0,0
"100217456",1,2,5,0,4,4
"320159",21,13,12,19,15,19
"225004",0,0,0,0,0,0
"78785",1299,1130,1152,1159,1259,1213
"11682",1,0,2,4,1,1
"383295",1155,902,949,1005,1043,850
"77889",2423,1948,2324,2034,2156,1942
"225010",1275,950,891,1030,868,943
"381122",0,0,1,0,0,1
"71685",4,8,4,8,6,10
"57440",199,131,119,146,115,127
"22436",448,347,278,528,398,411
"94224",0,0,0,2,0,0
"76890",2202,1684,1775,1913,1809,1635
"66310",281,237,240,304,328,234
"668773",0,0,2,0,1,3
"50850",1551,1220,1161,1424,1242,1208
"210148",250,189,195,217,222,221
"268973",6,0,0,1,0,0
"67864",596,492,523,595,552,470
"12211",2808,1943,1362,2350,1174,2050
"74196",347,263,236,339,296,237
"268977",1367,1114,1249,1338,1139,1249
"240168",40,36,39,39,36,39
"72722",1994,1537,1621,1675,1599,1420
"100043885",0,0,0,0,0,0
"50766",385,212,245,345,217,243
"225020",790,683,706,709,778,673
"100502824",0,0,0,0,0,0
"74199",10,4,1,12,8,5
"268980",417,288,240,381,230,307
"320473",718,514,449,653,408,510
"53951",499,444,429,457,491,463
"625054",103,88,102,90,84,98
"19106",321,329,256,331,197,275
"73671",3,1,1,4,0,1
"68554",80,61,58,50,47,55
"12607",683,564,529,609,566,524
"73694",471,392,411,429,454,348
"75292",714,518,462,635,488,470
"70536",85,97,62,87,74,53
"260409",1347,1071,1138,1228,1233,1048
"100502912",32,23,16,36,29,31
"74622",0,0,0,0,0,0
"100038718",59,46,41,62,51,48
"381110",115,92,78,103,111,79
"100502965",6,4,4,3,2,4
"13078",463,320,349,513,364,369
"56298",1700,1316,1254,1476,1230,1329
"72692",730,635,656,731,707,659
"319625",204,160,164,185,158,163
"225027",711,571,688,677,614,545
"67737",2,1,0,3,2,1
"67242",138,87,107,111,101,89
"106794",597,420,433,493,368,423
"378462",111,71,82,74,80,84
"381112",5,2,3,0,2,1
"791338",2,1,2,0,1,0
"20662",1291,967,867,1151,738,973
"381113",3,3,5,5,2,3
"225028",320,258,223,286,216,254
"320784",0,0,0,0,0,1
"668830",5,10,3,5,10,9
"68027",2,2,0,0,0,0
"72167",67,48,54,68,53,46
"20541",148,117,93,160,85,133
"625514",0,0,0,0,0,0
"100503434",0,0,1,0,0,0
"106522",164,136,170,181,142,124
"78798",437,281,308,356,315,278
"20463",3343,2829,2788,2967,2992,2669
"225030",0,0,0,0,0,0
"116871",417,336,380,346,350,335
"107766",0,0,0,0,0,0
"74473",0,1,3,4,2,2
"100503447",0,1,1,0,0,0
"12193",786,484,578,762,702,617
"240174",416,324,304,371,304,341
"213556",2020,1592,1469,1601,1350,1444
"213575",351,221,225,256,249,215
"27409",0,0,0,0,0,0
"67470",3,9,7,9,10,5
"72416",2599,2172,2150,2299,1938,2101
"68531",57,20,26,23,34,39
"19043",4857,4077,4155,4050,4030,3889
"20532",15,8,11,7,7,8
"213760",2344,2007,1807,2204,1608,1877
"73582",29,29,15,37,19,18
"100043902",0,0,0,0,0,0
"20473",1,0,1,1,1,1
"20472",63,62,66,66,76,64
"78586",237,193,194,227,167,188
"18754",186,169,138,205,152,157
"72104",0,0,1,0,0,0
"100038711",0,0,1,0,0,0
"13819",169,139,150,179,130,134
"78469",0,0,1,0,0,0
"74915",11,9,8,6,7,11
"104215",10942,8774,8214,9896,8498,8243
"100503570",48,31,42,31,28,23
"18701",41,38,49,36,38,38
"56724",666,548,504,554,525,476
"56468",1195,869,851,1009,805,911
"399626",3,1,1,1,1,2
"193813",1284,1015,1022,1174,1025,941
"74597",50,38,43,45,39,24
"225049",190,127,179,154,163,160
"75467",2,0,0,0,0,0
"12314",2358,1727,1996,2041,2067,1769
"17075",1,0,0,1,1,0
"17685",153,125,137,112,131,105
"210741",1,1,1,7,3,0
"668863",0,0,0,0,0,0
"17688",316,243,227,266,240,239
"225055",1655,1203,1112,1456,1149,1168
"225058",0,0,0,1,0,0
"14236",447,321,340,409,326,362
"73825",247,196,216,245,222,202
"77057",662,428,369,489,350,443
"100503581",0,0,0,0,0,0
"71828",1,0,0,0,1,0
"16867",0,0,0,0,0,0
"14309",0,1,0,0,0,0
"71052",0,0,0,0,2,0
"100043904",0,0,0,0,0,0
"18189",15,6,3,5,6,3
"623954",0,0,0,0,0,0
"78800",0,0,0,0,0,0
"100503679",0,0,0,0,0,0
"11516",1,1,0,2,1,0
"76781",107,79,83,91,71,79
"77022",2,0,0,4,1,1
"100038746",67,60,40,58,40,58
"100044193",15,29,20,22,21,16
"100312476",0,0,0,0,0,0
"12916",176,133,142,163,160,136
"633947",2,8,4,4,5,3
"71745",1559,1276,1206,1378,1149,1250
"68010",53,47,56,45,42,46
"67328",0,0,0,0,0,0
"26410",13,18,15,15,15,6
"73915",7,1,2,2,2,2
"67440",540,382,457,462,461,389
"240185",745,611,530,765,533,530
"100038439",0,0,0,0,0,0
"225115",7320,5809,5120,6388,4565,5760
"240186",143,121,129,129,134,100
"791318",9,11,12,10,15,6
"21417",3127,2484,2351,2901,2260,2345
"75415",645,529,526,592,476,507
"16573",16786,13327,12356,14651,12399,13044
"13831",625,509,479,588,526,489
"100316773",0,0,0,0,0,0
"70901",1,0,1,3,1,2
"19330",3776,2958,2897,3161,2929,2694
"210719",58,34,52,40,45,55
"74934",0,0,0,1,0,0
"75739",112,80,62,99,64,72
"100504244",0,0,1,0,0,0
"225131",1893,1561,1381,1751,1451,1495
"14370",96,64,96,85,84,71
"225152",445,383,347,369,356,373
"67974",3496,2877,2897,2992,2722,2844
"26369",0,0,0,0,0,0
"140792",1128,872,832,1008,906,787
"100038541",65,28,32,29,23,42
"225160",548,384,443,464,426,354
"59025",1936,1472,1459,1698,1551,1405
"19877",1729,1281,1133,1479,1191,1196
"100504736",4,0,3,4,4,3
"381157",7,8,8,12,4,4
"621832",240,222,187,184,235,170
"77805",583,449,409,534,421,376
"20641",433,323,349,399,431,314
"106861",32,26,22,22,16,20
"75370",0,1,0,1,1,0
"225164",1253,958,648,1006,602,856
"387151",32,18,42,31,34,17
"100316783",32,39,33,36,23,19
"723959",0,0,0,0,0,0
"14465",18,12,14,13,20,18
"225182",145,121,142,146,146,143
"621998",0,1,2,0,0,0
"63955",15,13,17,24,14,14
"100316686",0,0,0,0,0,0
"338363",65,35,28,33,30,39
"66878",3908,3202,2889,3555,3019,2858
"76482",560,453,438,466,420,414
"18145",1413,981,986,1119,924,1019
"225187",2,3,3,6,5,4
"16774",4,6,0,2,4,4
"72747",81,65,55,74,84,63
"100316699",0,0,0,0,0,0
"71132",5,3,4,4,5,7
"64291",227,194,226,276,207,219
"16210",1630,1071,1116,1371,1165,1140
"225192",0,0,0,0,0,0
"225207",423,338,257,384,371,312
"74529",0,0,0,0,0,0
"268996",642,487,496,591,524,430
"73677",2,4,2,2,1,1
"72504",82,49,57,57,47,54
"106931",92,65,76,91,70,60
"74456",1,0,0,0,0,1
"319440",0,0,0,0,0,0
"11829",1,1,2,0,0,0
"71367",0,0,0,0,0,0
"100861622",0,0,0,0,0,0
"12558",6229,4853,4760,5723,4698,4581
"328906",4,6,4,3,5,7
"664619",0,0,0,0,0,0
"75162",0,0,0,0,0,0
"13507",2,0,1,1,2,2
"13506",43,32,21,41,30,25
"13505",3,1,2,2,1,1
"211924",0,0,0,2,0,0
"13510",0,0,0,0,0,0
"225256",0,1,0,2,1,0
"16769",0,0,0,0,0,0
"13512",1,4,3,2,1,2
"13511",1,0,0,0,0,1
"22139",9,14,0,13,1,0
"56386",1516,1173,1082,1325,1182,1134
"75964",1054,841,731,924,802,786
"67664",8,0,1,1,1,2
"56515",128,113,80,114,86,87
"17288",0,0,0,0,0,0
"381126",138,98,97,136,102,112
"225266",0,0,0,0,0,0
"70950",0,0,0,0,0,0
"211961",4,0,0,3,1,0
"319211",115,79,72,104,88,79
"100502811",2,1,0,2,1,0
"13527",3139,2648,2291,2768,2177,2421
"100502834",4,3,1,2,2,0
"212307",185,150,159,201,140,192
"69256",809,542,517,664,565,547
"328918",47,29,20,22,22,13
"22694",260,207,207,236,213,199
"59057",766,511,503,562,501,526
"225280",706,604,589,611,595,544
"14423",1796,1470,1442,1587,1458,1466
"387182",0,0,0,0,0,0
"68046",75,51,50,78,63,49
"225283",1362,1023,974,1104,960,941
"106957",1081,760,819,951,832,879
"58523",1069,804,822,887,804,795
"68591",35,34,27,39,37,39
"225288",1863,1543,1348,1703,1307,1564
"66648",152,119,132,124,114,105
"225289",67,47,63,58,51,54
"108013",110,74,102,91,101,97
"100041241",0,0,0,0,0,0
"320624",0,0,0,0,0,0
"78058",0,0,0,0,0,0
"78199",0,0,0,0,0,0
"225326",380,328,300,399,305,310
"19762",3,0,1,1,2,2
"20983",16,20,10,15,7,10
"100861703",0,0,0,0,0,0
"67453",1530,1327,1200,1431,1283,1286
"269003",621,469,513,539,454,417
"225339",881,616,655,793,647,599
"69241",400,313,373,378,401,330
"74320",1500,1111,1191,1274,1169,1137
"67158",75,51,67,55,39,50
"225341",22,16,15,19,27,19
"574402",0,1,0,2,0,0
"17922",5,1,0,1,0,2
"73473",1156,957,896,1093,927,852
"19123",0,0,0,0,1,0
"26405",585,406,337,498,316,385
"13872",736,583,587,657,544,535
"100502989",0,0,0,2,0,0
"402767",28,26,31,32,27,28
"30948",34235,28895,29620,32258,31246,28794
"71683",290,244,265,299,257,255
"75795",0,0,0,0,0,0
"53603",33,30,28,34,23,39
"225348",1186,1022,1023,1056,1074,988
"69593",0,0,0,0,0,0
"12326",8,3,10,10,3,3
"170459",273,161,189,229,178,216
"27528",1187,775,1026,813,800,795
"433171",0,2,1,3,1,3
"69749",65,46,49,66,78,41
"13824",35,25,41,57,32,35
"633395",6,14,8,6,5,4
"11789",3205,2257,1698,2692,1505,2166
"66384",986,820,892,911,1082,797
"13476",8081,6947,6677,7061,6674,6468
"53871",178,144,163,137,135,99
"225358",1095,791,650,818,641,708
"20890",0,0,2,0,0,1
"75533",35,20,37,29,42,40
"271508",5,6,3,4,1,1
"78656",738,549,554,607,527,517
"19348",82,53,46,53,52,46
"52563",779,587,547,719,593,634
"14587",0,0,0,0,0,0
"12532",3,0,2,0,2,5
"100503082",0,2,0,0,4,0
"66306",1166,834,860,888,749,820
"100861742",0,0,0,0,0,0
"277250",1366,1017,890,1235,860,1008
"225362",466,390,399,411,432,359
"13653",8201,6111,6704,7455,6354,5017
"225363",5211,4211,4199,4740,4237,4071
"15526",15038,11956,11542,13294,11908,11528
"12385",12552,9912,9241,10948,8647,9297
"107065",24,15,2,13,6,7
"100861752",1,0,1,0,0,0
"81500",706,553,583,652,626,516
"100503380",143,105,126,101,116,121
"100316700",5,4,7,10,6,1
"436583",7,2,2,2,4,0
"17184",4862,3573,3602,3810,3568,3509
"67869",3318,2618,2641,2795,2680,2461
"20522",14,6,14,10,5,5
"69816",14,10,18,18,18,9
"381148",2280,1925,1889,2119,1923,1761
"71242",190,146,113,145,134,137
"76594",1528,1192,1190,1155,1052,1107
"68545",15,11,11,10,16,10
"73449",5,7,1,0,1,3
"72512",210,123,172,176,149,141
"56550",830,750,834,1029,946,796
"100861776",1,0,0,0,0,0
"67393",1481,1270,1383,1423,1453,1282
"74002",9,8,22,10,11,8
"100042150",2,0,3,1,0,3
"74966",0,0,0,0,0,0
"19290",373,295,293,376,310,263
"109169",457,349,313,399,341,265
"66060",458,377,383,408,350,360
"67199",1065,923,887,879,1015,872
"15200",1214,966,1152,1107,1119,945
"240215",0,1,0,0,0,1
"108857",1316,948,803,1157,745,938
"108112",77,53,64,75,52,53
"24068",823,656,652,654,700,560
"225372",182,168,204,141,131,125
"67843",1489,1219,1224,1390,1321,1240
"240216",0,1,1,0,2,1
"12475",15,17,16,10,23,15
"71983",149,100,142,149,138,118
"17991",1100,887,901,834,979,889
"24010",4132,3519,3617,3641,3576,3194
"67936",462,382,386,463,410,360
"213236",12,8,5,16,9,7
"15115",1579,1360,1315,1397,1395,1343
"70791",486,353,414,348,412,341
"66492",1618,1266,1307,1338,1416,1188
"378472",0,0,0,1,0,0
"116731",2,2,2,0,1,1
"353234",2,0,0,0,0,1
"192163",0,0,0,1,0,2
"12936",0,0,0,0,0,0
"100384868",0,0,0,0,0,0
"12941",0,0,2,3,0,0
"12937",2,0,0,1,0,0
"12939",2,0,1,0,0,0
"353235",0,1,0,0,1,0
"192161",4,2,3,2,3,6
"12943",5,5,4,4,2,4
"12942",0,1,2,0,0,1
"192164",7,3,8,5,6,4
"353236",0,0,1,0,0,0
"353237",4,2,6,3,8,4
"100038509",1,3,1,3,2,0
"93872",0,0,0,0,0,0
"93873",13,2,9,15,7,4
"93874",22,6,14,9,5,6
"93875",16,5,7,10,11,4
"93876",39,23,22,39,23,26
"93877",2,1,4,0,4,4
"93878",19,9,15,21,21,17
"93879",8,3,7,6,1,8
"93880",15,7,7,8,17,7
"93881",3,1,6,5,3,3
"93882",14,13,7,16,9,18
"93883",8,5,11,9,5,13
"93884",6,0,6,2,3,5
"93885",70,34,52,60,45,46
"93886",31,14,14,26,23,25
"93887",227,150,122,202,92,142
"93888",268,181,201,228,185,194
"93889",53,29,46,49,22,37
"93890",65,42,38,58,39,45
"93891",84,64,88,68,89,66
"93892",55,43,33,44,32,46
"93893",147,96,100,112,104,91
"83885",0,1,2,0,0,1
"24074",135,103,117,132,133,90
"666693",12,7,13,10,7,4
"320513",57,46,30,36,45,33
"93709",75,38,48,62,30,43
"93710",35,24,10,32,18,25
"93711",74,60,53,58,49,61
"93699",107,90,76,89,74,83
"93712",36,25,22,22,22,26
"93700",87,51,57,80,50,64
"93713",49,31,19,40,34,40
"93714",40,31,46,28,24,31
"93715",109,86,79,122,96,85
"93701",86,53,54,64,48,52
"93716",18,17,20,26,21,22
"93702",36,32,19,42,26,16
"93717",12,10,9,16,3,15
"93703",49,40,39,80,39,36
"93722",134,100,71,138,92,95
"93704",37,17,31,24,22,25
"93723",41,26,21,37,18,36
"93705",9,5,8,8,8,11
"93724",28,11,10,25,18,18
"93706",3441,2540,2250,3043,2222,2435
"93707",26,10,16,26,19,21
"93708",235,182,154,193,137,174
"13367",1498,1213,1064,1206,969,1098
"15183",1260,992,1018,1067,1086,956
"225392",5,8,8,8,8,2
"319262",93,51,67,74,66,61
"106952",35,30,32,24,26,22
"75599",677,493,474,596,477,499
"73516",17,12,27,15,16,16
"66839",539,416,450,509,462,444
"53601",3,2,2,4,2,3
"56736",2044,1596,1664,1825,1622,1632
"26384",404,291,318,398,391,320
"65113",1782,1370,1427,1625,1620,1480
"24066",428,345,327,351,328,301
"381155",9,8,5,4,5,6
"100503571",4,3,4,4,6,3
"14164",208,169,147,171,160,171
"545253",4,1,0,4,1,0
"71302",62,48,45,46,47,59
"100503620",1,0,1,0,1,0
"14815",1157,868,778,970,713,847
"18459",0,0,0,0,0,0
"67180",1095,775,930,946,932,787
"73001",2,2,2,1,1,2
"383348",9,7,10,3,11,6
"100628617",0,0,0,0,0,0
"77619",163,136,150,157,132,119
"332309",0,2,0,1,2,3
"269016",166,138,137,148,143,150
"69401",0,0,0,0,0,0
"107045",2937,2182,2334,2698,2219,2181
"100042757",7,4,5,7,3,5
"225432",968,735,629,831,662,653
"18998",0,0,0,0,0,1
"56070",1904,1468,1468,1539,1330,1208
"100503707",0,0,0,0,0,0
"240239",1,1,1,1,0,1
"72930",14,11,9,8,10,6
"269019",3,3,2,0,2,1
"22240",482,374,414,489,391,400
"100862305",15,18,29,42,29,19
"100042074",83,78,74,86,66,62
"100042807",950,744,669,864,773,700
"76217",4,5,9,5,5,1
"20730",0,0,0,0,0,0
"117158",0,0,0,0,0,0
"225443",0,0,0,0,0,0
"72432",14,10,9,6,12,13
"433178",0,0,0,0,0,0
"433180",0,0,0,0,0,0
"78242",0,0,0,0,0,0
"100042855",0,0,0,0,0,0
"77424",0,0,0,0,0,0
"433181",0,0,0,0,0,0
"18169",0,0,1,3,0,1
"58916",3032,2534,2737,3090,2658,2750
"70640",534,423,339,434,339,356
"328949",60,40,34,59,51,45
"626275",0,2,3,1,0,1
"240255",275,218,181,234,164,183
"100503745",36,21,20,25,29,26
"140492",2,1,0,1,2,2
"107003",0,0,0,1,1,0
"28105",37,42,20,43,29,32
"69391",0,0,0,0,0,0
"225467",465,364,270,359,287,302
"240261",77,48,57,60,64,50
"72076",8,3,6,6,7,2
"240263",934,779,673,936,734,760
"225471",0,0,1,0,0,0
"66676",2393,1859,1780,2153,1917,1862
"13664",2089,1595,1551,1832,1739,1585
"100861902",0,0,0,0,0,0
"12583",3,4,3,7,4,3
"67526",1763,1481,1300,1532,1378,1284
"11777",187,108,116,139,140,114
"100505012",0,0,1,1,0,0
"74574",132,106,95,75,70,118
"381142",4,8,3,6,1,3
"69456",197,208,173,199,165,159
"20358",985,696,668,684,634,661
"77668",0,0,0,0,0,0
"328953",0,0,0,0,0,0
"414127",0,0,0,0,0,0
"433182",2157,1635,1790,1969,1866,1715
"383326",0,1,0,4,0,0
"67321",0,0,0,0,0,0
"68857",58,34,30,39,49,30
"76609",0,0,0,0,0,0
"240283",1673,1183,875,1360,801,1188
"106869",50,58,45,51,38,49
"100861953",0,0,0,0,0,1
"15488",1681,1306,1362,1470,1398,1317
"225497",0,0,0,0,0,0
"67365",0,0,0,0,0,0
"71373",35,17,14,15,23,10
"100503876",0,0,0,0,0,0
"67634",0,0,0,0,0,0
"67222",443,330,330,423,346,317
"16948",6234,4735,5311,7285,5420,5378
"66758",2,2,3,1,4,2
"78414",1,1,0,0,1,0
"14625",1,0,0,0,0,0
"67847",6,8,5,3,7,6
"67804",938,771,650,840,827,722
"69226",226,197,198,212,218,176
"19038",939,595,741,887,758,707
"225518",2,2,4,5,1,1
"100502945",0,0,0,2,0,0
"225523",860,718,695,860,681,716
"70425",975,758,786,856,819,745
"77433",0,0,0,0,0,0
"328957",0,0,0,0,0,0
"269023",273,202,217,270,209,207
"107022",452,346,343,395,360,340
"110695",567,409,522,541,527,480
"56698",554,493,495,483,518,483
"67343",0,0,1,1,0,0
"16906",138,105,115,117,104,109
"320253",93,78,55,105,92,84
"100038410",0,0,1,0,0,1
"77422",165,139,139,169,156,136
"100502981",0,0,0,0,0,0
"70417",6002,4477,3401,4840,3413,3906
"73137",956,637,740,820,824,785
"100503007",2,0,4,0,1,0
"629147",30,28,20,38,27,29
"74916",0,0,0,0,0,0
"75444",2,0,0,2,3,1
"75084",22,14,25,16,13,13
"70157",12,6,5,5,3,3
"100503033",0,0,0,0,0,0
"20496",2114,1453,1377,1770,1372,1413
"100861812",0,0,0,0,0,0
"14119",33,25,30,35,13,15
"225579",0,4,0,4,3,5
"66307",359,255,286,316,287,235
"240322",0,0,0,0,0,0
"225583",1,1,1,0,0,0
"78923",20,24,14,31,10,19
"240327",3,0,0,2,0,0
"225594",0,2,0,1,0,1
"240328",285,248,108,183,99,182
"60440",6,3,3,23,2,21
"667597",4,3,0,1,2,3
"106878",169,115,146,128,150,120
"67665",1129,808,832,946,938,868
"66810",722,518,572,616,558,505
"170947",176,135,135,144,154,119
"104027",417,377,492,414,393,404
"328963",2,0,0,0,1,0
"15531",2628,1973,1837,2094,1634,1945
"20044",7883,6484,6058,6218,6550,5280
"16149",3,1,0,1,2,1
"100628611",0,0,0,0,0,0
"21453",866,625,689,690,741,674
"545260",5,2,4,11,3,4
"12322",5256,4075,3861,4584,3908,3931
"240332",2,2,0,3,0,1
"12590",0,0,0,0,0,0
"18596",2082,1409,1357,1739,1468,1520
"12978",10,7,1,1,4,7
"106894",1185,896,891,1075,904,916
"13521",377,310,198,331,247,263
"225600",8,3,5,2,3,0
"170826",561,383,405,425,333,443
"723889",27,17,26,15,23,21
"442846",1,0,0,2,0,0
"328967",268,255,195,292,198,228
"93687",7713,6088,5568,6971,5814,5727
"545261",42,35,46,51,43,39
"328968",21,8,17,21,9,13
"387163",2,0,0,2,0,0
"387161",0,0,0,1,2,0
"56069",2,1,0,0,1,1
"240334",167,124,163,153,183,148
"17714",699,604,577,597,575,516
"68982",30,28,48,36,41,30
"106877",5079,3955,4130,4334,3896,3903
"319713",9914,8125,7544,9301,7941,7105
"225608",16,14,11,9,11,6
"100861847",0,0,0,0,0,0
"11555",288,251,223,237,195,243
"225609",31,26,12,21,19,19
"15562",0,0,0,0,0,0
"107035",1435,1211,1116,1221,1072,1013
"328971",4,4,5,2,3,3
"408198",0,0,0,0,0,0
"100038417",0,0,0,2,1,0
"78449",0,0,0,0,0,0
"494504",41,29,35,22,26,34
"108123",653,499,479,622,462,477
"667742",292,162,167,191,185,202
"53382",2155,1730,1790,1851,1895,1641
"104082",1257,944,808,1024,720,939
"73588",0,0,0,0,0,0
"100503391",0,0,0,0,0,0
"20451",0,1,3,6,2,1
"225631",31,11,18,17,21,13
"14151",5397,4568,4275,4872,4169,4394
"70223",7113,5472,5642,6178,5707,5473
"54670",57,40,25,36,47,33
"629480",23,18,12,21,24,15
"83814",1156,942,986,1136,970,990
"100503467",1,1,0,0,1,2
"387231",0,0,0,0,0,0
"225638",597,468,410,518,404,503
"240354",81,47,75,75,62,44
"328977",559,439,426,474,413,460
"319888",7,7,2,9,1,1
"66286",493,376,388,368,419,351
"225642",5,4,0,1,0,0
"19434",1,0,0,0,1,0
"360222",1,0,0,0,0,0
"225644",0,0,0,0,0,0
"70361",2703,2100,2075,2472,1988,2152
"320924",264,222,179,287,211,236
"751558",0,0,0,0,0,0
"100503546",5,0,2,2,2,1
"58801",2019,1457,1507,1765,1647,1394
"100503565",1,0,0,0,0,0
"17202",99,56,58,54,57,61
"100503582",1,0,0,0,0,0
"14680",107,81,75,58,75,59
"67064",870,768,711,801,720,751
"225651",149,108,113,133,108,127
"114663",220,175,160,188,193,153
"338360",6,4,1,2,2,5
"12683",36,15,21,30,38,34
"67951",18841,16322,15209,17702,16570,15870
"69597",2585,2088,2082,2282,2040,2044
"225655",114,99,100,105,122,103
"68166",1890,1528,1283,1605,1358,1353
"100504629",28,25,25,28,30,26
"225659",492,391,396,430,445,437
"107047",290,237,260,324,256,245
"100861930",0,0,2,0,4,1
"19255",594,393,478,445,494,404
"72124",935,682,676,739,734,726
"75286",9,2,5,5,1,5
"70799",305,184,184,238,169,170
"52662",328,233,210,288,184,262
"108654",1686,1328,1123,1466,1185,1223
"67897",1181,906,833,934,907,794
"17203",3,7,3,0,2,2
"17200",0,0,0,0,0,0
"78931",0,0,0,0,0,1
"100504650",0,0,0,0,0,0
"21413",3587,2715,3033,3091,3193,2837
"100504669",0,0,0,0,0,0
"381175",14,12,17,6,9,11
"80718",473,417,406,437,296,355
"75577",33,22,27,29,32,14
"269033",201,150,141,151,137,111
"170461",23,17,16,25,22,13
"26447",100,77,89,97,114,82
"17191",1192,916,869,1035,1088,927
"13176",0,1,1,1,0,1
"100503674",0,0,0,0,0,0
"240396",526,401,424,513,437,425
"17128",1165,958,884,1112,900,979
"114615",221,181,154,194,176,131
"107029",551,418,438,441,495,482
"71263",3,1,4,3,1,6
"225724",36,43,37,45,27,16
"77855",0,0,0,0,0,0
"66468",1,0,1,0,0,0
"74322",913,781,866,765,747,692
"17190",606,469,442,505,484,491
"74453",1,1,5,3,1,0
"17919",13,11,8,22,11,10
"73606",0,0,0,0,0,0
"100217466",0,0,1,0,1,1
"52538",1516,1332,1288,1261,1294,1180
"16891",130,68,106,117,114,108
"319195",6419,5223,4912,5608,5806,4650
"100217457",8,2,7,2,1,2
"407819",1117,820,982,883,931,812
"69190",671,572,632,582,573,539
"100503117",2,0,0,0,0,0
"17131",230,155,198,221,244,192
"269037",2465,1945,1861,2096,1837,1760
"100038353",0,0,2,0,0,0
"207259",176,134,145,188,162,172
"73009",9,11,10,11,12,3
"17126",976,729,643,803,750,699
"664805",0,0,0,0,0,0
"66191",676,485,498,576,578,493
"76987",732,599,628,673,749,639
"71206",23,20,21,25,16,14
"17344",1284,971,1061,1044,904,940
"225742",31,19,18,22,21,27
"240411",2,0,3,2,1,0
"225743",1,2,5,3,3,3
"212163",797,654,550,701,557,656
"100503152",51,38,32,42,42,32
"67640",3,5,4,1,4,1
"225745",139,104,108,131,139,124
"11946",24772,20174,20466,21596,20456,19993
"619308",5,7,5,5,3,3
"19201",1113,839,777,799,767,757
"100502841",806,556,466,724,448,516
"620235",2,1,12,6,4,6
"108052",13,14,14,9,13,9
"27411",4,1,5,8,5,3
"240427",838,622,452,709,447,603
"100861811",0,1,0,0,0,0
"100861819",2,2,0,0,3,0
"100861827",1,1,0,0,0,0
"93737",360,269,268,335,288,299
"240442",621,502,476,518,412,480
"100502902",3,2,6,4,6,4
"68731",144,113,132,143,151,135
"27366",2028,1604,1742,1691,1813,1579
"66255",7,6,3,2,1,5
"66943",250,204,232,215,240,223
"240444",12,7,15,11,12,12
"67655",364,303,313,337,329,285
"100039348",0,0,0,1,1,0
"18018",478,350,383,382,365,395
"50771",924,706,720,833,716,662
"20689",1,0,0,1,0,0
"100628596",0,0,0,0,0,0
"14427",0,0,0,0,0,0
"17196",18,29,25,20,14,16
"329002",665,447,388,598,371,485
"100628586",0,0,0,0,0,0
"76961",0,0,0,0,0,0
"329003",1415,1060,980,1221,975,1046
"75853",1,1,0,2,0,0
"76995",0,0,0,0,0,0
"70960",0,0,1,0,0,0
"110796",378,326,307,387,301,332
"225791",664,490,473,528,497,540
"240476",353,266,214,326,218,273
"338403",1,0,0,0,0,0
"66054",877,655,646,964,864,758
"433208",1,1,0,0,0,0
"240479",2,1,0,1,0,0
"100503964",0,0,0,0,0,0
"109672",572,405,377,530,558,488
"50764",1,5,0,3,2,0
"67105",252,178,190,226,211,191
"665402",4,5,4,14,12,13
"246317",2,1,2,2,1,0
"12405",3,5,10,2,4,1
"54607",1919,1612,1415,1624,1371,1449
"246102",73,62,58,77,60,65
"225825",0,0,0,0,0,0
"623279",4,1,0,3,0,2
"67988",1407,1083,1086,1155,1016,1018
"70011",0,0,0,0,0,0
"20589",241,202,165,235,191,179
"353242",607,446,479,499,492,418
"12894",436,320,296,404,280,262
"17771",15,14,25,11,15,6
"14419",367,227,357,261,305,214
"52036",2322,1710,1613,1947,1562,1630
"16973",909,755,816,873,768,797
"72056",803,648,631,673,619,616
"225888",1205,968,863,1109,838,959
"12660",404,253,320,315,311,253
"27060",1175,882,1172,898,1022,755
"225887",1446,1252,1240,1297,1289,1150
"67689",879,779,710,706,760,578
"54445",727,545,589,550,624,583
"73458",61,56,77,71,54,61
"621603",22,17,22,18,16,7
"71670",58,43,48,62,43,58
"109575",2,1,0,0,1,0
"66387",193,150,152,172,195,165
"60425",61,46,80,72,76,51
"17995",3490,3016,3199,3068,3173,2968
"14870",4132,3363,3805,3627,4159,3539
"14869",1324,1165,1335,1275,1375,1087
"225884",0,0,0,0,2,0
"29866",0,0,0,0,0,0
"52004",783,614,637,633,739,603
"18739",715,597,584,627,576,564
"11632",1006,870,937,903,939,985
"66990",777,590,678,747,807,574
"73660",1,3,1,2,2,1
"269053",1,2,0,2,2,1
"23789",948,665,726,813,859,701
"19265",21,17,15,18,7,22
"58988",966,792,886,802,835,751
"107239",429,378,380,418,432,315
"100502789",100,72,89,80,66,56
"108995",22,12,8,12,13,9
"19045",5220,4304,4225,4502,4372,4071
"19367",160,143,154,145,132,148
"100861918",4,2,4,3,4,2
"56708",107,98,116,126,144,101
"69745",171,138,151,152,135,115
"100861921",0,1,9,5,3,3
"245857",147,103,145,136,143,85
"68423",46,38,45,32,44,24
"110355",1787,1492,1563,1591,1537,1340
"225876",2913,2099,2101,2389,1950,2044
"11854",797,690,637,708,681,599
"319314",20,10,17,9,13,5
"171180",699,606,622,638,607,556
"69861",0,2,1,2,0,4
"18563",1167,941,1004,1050,864,862
"225875",377,266,352,358,361,298
"19671",166,159,132,153,169,140
"381196",1,3,4,2,8,3
"20743",74,84,96,78,61,63
"100861931",0,0,0,0,0,0
"66704",300,228,227,229,238,209
"19653",767,615,616,674,626,529
"56275",322,266,278,296,293,297
"12460",521,376,432,392,419,357
"399599",10,3,8,6,9,1
"56464",778,611,745,690,668,613
"11474",32209,27051,26091,29794,26634,25280
"70605",221,196,184,210,247,164
"52028",162,158,124,166,156,113
"75221",2074,1594,1633,1857,1679,1543
"240518",43,43,49,48,40,34
"66419",590,476,476,479,504,448
"225872",4,0,8,3,1,0
"13340",298,259,285,265,262,198
"108902",1758,1392,1502,1433,1488,1448
"107392",496,350,396,415,437,320
"225870",1621,1240,1392,1476,1356,1333
"70445",307,246,293,342,289,276
"381199",481,369,361,401,438,394
"68090",781,657,673,788,738,660
"12794",30,20,31,24,41,16
"76308",3318,2757,2739,2847,2809,2682
"16594",2273,1794,1925,1978,1815,1815
"107975",470,396,402,439,380,364
"319322",4312,3374,3448,3721,3563,3297
"100861943",2,0,2,2,0,2
"545276",40,36,49,42,46,35
"225865",0,1,1,0,0,0
"73720",233,183,154,227,217,172
"23825",863,706,727,819,865,717
"69860",628,484,491,538,504,436
"20227",1759,1471,1551,1572,1600,1324
"414115",13,15,16,13,32,19
"78306",1,0,1,1,3,2
"74931",37,31,36,37,21,15
"622178",0,0,0,0,0,0
"66556",3006,2527,2567,2673,3052,2506
"107242",769,647,681,704,718,681
"14283",86,52,49,59,53,49
"240514",205,178,252,236,345,233
"58249",613,489,570,503,535,465
"13041",40,38,45,52,35,34
"58859",688,438,508,602,559,503
"71711",546,503,490,526,519,432
"12631",5068,3809,4374,4341,4474,3881
"225861",414,301,360,330,374,303
"75555",5,7,4,5,6,0
"18426",21,13,15,15,9,10
"381201",94,88,62,104,78,84
"68209",360,275,356,312,336,322
"81601",447,326,390,398,388,296
"19697",1346,1030,1053,1167,1036,1121
"20469",265,210,260,216,217,240
"104401",1649,1253,1269,1412,1123,1320
"26403",553,443,456,505,436,383
"16530",16,10,12,12,10,8
"114601",28463,22905,22594,23379,21186,21652
"17826",706,587,594,602,613,553
"56390",380,271,279,343,344,280
"100038547",17,9,12,6,4,11
"16998",3787,3024,3412,3407,3239,3044
"78891",1903,1449,1605,1568,1473,1410
"72289",35916,20877,34698,22794,29453,18159
"100502960",0,1,0,0,1,0
"66961",10270,6881,11830,8209,8586,5945
"69595",3,1,2,0,3,0
"67457",598,469,470,535,521,455
"107375",62,62,69,58,70,52
"332359",12,4,4,5,7,4
"19708",2041,1607,1643,1831,1701,1507
"104252",727,610,585,711,654,661
"18969",351,289,293,305,282,248
"381203",0,0,0,0,0,0
"12333",2821,2307,2392,2702,2530,2427
"100502985",28,25,25,30,16,25
"100503014",0,0,0,0,0,0
"74126",1491,1264,1314,1328,1327,1203
"18120",831,710,694,728,800,664
"14109",4258,3330,3572,3767,4044,3453
"29805",280,212,227,260,299,233
"73166",414,294,347,343,324,315
"68505",443,375,382,384,375,321
"433215",0,2,1,2,2,0
"81909",346,290,297,277,280,280
"67849",15,8,7,6,6,5
"381204",8,0,9,10,4,4
"66406",158,123,141,153,165,152
"69024",463,411,475,430,454,365
"56327",962,777,838,852,898,811
"74481",1,0,3,0,0,0
"622554",0,0,0,0,0,1
"170458",1,4,4,6,5,5
"225849",1197,1013,1058,1053,1123,974
"100862017",0,0,0,0,0,0
"329015",1383,1107,1039,1101,894,997
"723957",0,0,0,1,0,0
"387187",0,0,1,0,0,0
"13660",3070,2647,2647,3111,2890,2630
"100862023",3,0,0,1,1,1
"240505",1419,1054,1113,1201,1067,974
"17283",510,383,453,399,455,388
"26412",152,108,147,116,137,101
"100503066",14,10,10,6,13,13
"22668",2740,2103,2320,2581,2426,2204
"19309",27150,23439,23352,24562,22034,21775
"19395",34,48,32,31,41,31
"18190",17,7,13,19,5,10
"100008567",0,0,1,0,0,0
"20521",0,0,0,0,0,0
"56613",331,243,229,320,293,290
"100502687",0,0,0,0,0,0
"100628576",0,0,0,0,0,0
"78317",21,18,27,14,25,17
"54683",2343,1864,1960,2009,2135,1951
"67674",784,615,641,680,784,708
"26379",1172,1016,1048,1043,1088,979
"67077",3,10,14,7,7,5
"16528",13,10,8,15,8,7
"107173",326,287,287,311,322,277
"12015",467,400,421,422,445,399
"18797",1283,999,1013,989,967,936
"18938",2043,1535,1706,1815,2039,1662
"14227",277,211,228,200,268,196
"22340",658,534,552,633,615,520
"57431",250,209,216,204,259,209
"68323",349,343,298,339,317,251
"107328",162,160,154,143,155,125
"108101",15,16,12,15,16,6
"20867",6883,5502,5461,5829,5647,5118
"107227",924,833,732,909,976,782
"70494",58,35,33,37,44,31
"396184",147,109,99,120,113,90
"107260",1986,1767,1838,1732,1813,1669
"12868",1839,1409,1474,1667,1742,1481
"100861619",6,7,2,3,3,2
"70999",480,310,387,428,387,343
"104383",212,159,208,178,199,138
"13728",1387,1050,1149,1212,1207,1157
"100503986",0,0,1,0,0,0
"68229",531,432,475,439,480,400
"654802",1,2,3,3,0,1
"108899",500,409,456,507,484,370
"20168",1800,1425,1508,1632,1565,1385
"109168",504,327,350,477,357,354
"225845",1525,1240,1317,1260,1295,1267
"56072",19,17,17,15,13,3
"66727",1,0,0,0,0,0
"207151",0,0,0,0,0,0
"236149",0,0,0,0,0,0
"171405",0,0,1,0,0,0
"434674",0,0,0,0,0,0
"236293",0,0,0,0,0,0
"319800",0,0,0,0,0,0
"19879",0,0,0,0,0,0
"18399",2,0,0,0,0,0
"402757",0,0,0,1,0,0
"12669",1,1,2,1,1,0
"17254",2142,1628,1810,2205,2031,1776
"83673",325,252,250,308,249,220
"100127111",9,5,15,9,14,11
"107071",503,385,465,448,414,385
"74307",4,3,5,7,0,2
"56389",998,774,930,868,873,718
"53319",1820,1373,1389,1539,1342,1293
"66836",412,374,415,394,422,379
"67706",118,123,97,119,130,82
"225895",215,146,169,174,198,188
"100039957",8,2,2,3,4,3
"67710",935,735,749,776,831,683
"75291",31,17,20,28,25,26
"70387",710,598,581,643,539,505
"68693",4230,3152,3273,3462,3276,3005
"14704",15,14,11,10,8,8
"14705",255,144,190,197,220,175
"68852",225,136,144,216,154,143
"225896",2754,2171,2288,2303,2546,2094
"107197",252,180,231,230,259,213
"67531",2,2,1,4,2,3
"100628605",0,0,0,0,0,0
"66276",517,357,439,443,453,385
"109077",556,464,520,491,554,459
"14376",2158,1546,1680,1944,1637,1523
"100861648",0,0,0,0,0,0
"72727",859,645,741,718,742,672
"19881",157,120,125,104,113,108
"225898",256,160,217,227,198,163
"100504651",12,6,11,7,12,7
"23942",2017,1521,1648,1646,1552,1496
"70044",574,476,506,564,494,435
"67160",18248,15022,15171,15999,16153,14171
"66395",39845,25687,17554,29707,14795,25248
"22287",2,1,2,1,0,1
"66514",193,163,182,178,141,187
"621699",189,148,160,123,187,147
"623688",0,0,0,0,0,0
"16319",168,137,123,126,130,91
"14319",23045,19002,19653,22841,24141,19437
"24115",95,106,96,88,83,63
"74760",361,258,294,293,276,249
"60527",7717,6136,6268,6656,6088,6053
"56473",1012,761,761,1005,907,923
"76267",1249,842,896,1209,991,995
"14156",198,156,140,157,155,138
"69038",596,508,555,491,616,460
"225908",62,47,55,63,39,64
"269060",259,197,217,227,171,196
"54525",129,90,99,108,94,109
"278795",34,23,29,26,35,22
"67752",5,3,4,3,3,1
"66072",1052,781,741,894,843,785
"269061",1390,1073,1138,1087,1072,958
"68642",68,47,87,42,58,47
"72982",89,48,75,66,63,65
"225912",266,231,276,286,257,211
"225913",324,253,262,272,275,245
"13194",28211,22496,21964,24659,21011,21131
"71768",6,2,4,2,4,3
"75096",0,0,0,0,0,0
"58803",0,6,4,2,4,0
"107305",1385,1105,1149,1140,1149,1050
"12507",11,5,7,9,11,12
"403202",4,6,7,4,4,5
"12511",1,0,2,0,1,0
"65221",15,4,9,10,4,6
"98170",6743,5369,5776,6378,5633,5735
"68539",3836,3072,3243,3415,3427,3225
"28000",6615,5415,5416,5984,5651,5361
"22786",0,1,2,1,1,1
"14764",12,9,14,5,4,3
"108673",1579,1342,1234,1503,1413,1206
"69826",5,5,3,6,3,5
"545279",3,0,0,0,0,1
"76002",2,1,0,1,0,1
"107350",3,0,0,1,0,2
"64381",2,4,3,7,4,4
"69369",0,0,1,0,0,0
"69416",0,0,1,1,0,0
"73466",0,0,0,0,0,0
"75138",0,0,0,0,0,0
"12482",0,0,0,0,0,0
"269063",0,0,0,0,0,0
"383435",1,1,0,1,2,0
"109225",0,0,0,0,0,0
"666907",0,0,0,0,0,0
"64380",0,0,0,0,0,1
"60361",1,0,0,0,0,0
"73656",2,1,1,3,0,2
"100504727",4,2,2,1,1,0
"666926",2,0,1,2,0,2
"100502579",0,0,0,0,0,0
"69774",0,0,0,0,0,0
"66607",61,32,29,30,30,40
"68774",1,0,1,1,2,1
"14126",0,0,0,0,0,1
"170813",0,0,0,0,0,0
"225922",0,0,0,0,0,0
"170834",0,0,0,0,0,0
"225923",0,0,0,0,0,0
"14603",1,0,0,2,1,0
"94063",682,541,526,578,556,570
"20908",214,166,157,191,143,144
"258938",0,1,1,0,0,2
"258227",0,0,0,0,0,0
"257938",0,0,0,0,0,0
"258405",0,0,0,0,0,1
"225929",842,689,676,709,606,629
"76303",2889,2179,2151,2553,2195,2137
"258675",0,0,0,0,0,0
"258676",0,0,0,0,0,0
"258155",0,0,0,0,0,0
"258805",0,0,0,0,0,0
"258674",0,0,0,0,0,0
"258673",0,0,0,0,0,0
"258677",0,0,0,0,0,0
"258409",0,0,0,0,0,0
"258683",0,0,0,0,0,0
"258681",0,0,0,0,0,0
"258680",0,0,0,0,0,0
"258682",0,0,0,0,0,0
"258117",0,0,0,0,0,0
"258679",0,0,0,0,0,0
"258678",0,0,0,0,0,0
"56093",0,0,0,0,0,2
"17476",11,2,5,9,8,7
"207521",474,337,363,454,393,366
"107373",126,76,68,93,74,62
"74333",2,2,3,3,2,0
"240549",0,0,0,0,1,0
"107146",3,5,4,2,0,6
"258692",0,0,1,0,0,0
"258693",0,0,0,0,0,0
"64697",0,0,0,0,0,0
"664779",1,0,0,0,0,0
"12803",11,13,5,5,3,2
"109910",2789,2347,2089,2327,1962,1906
"107321",5,2,2,2,3,2
"258697",0,0,0,0,0,0
"258694",0,0,0,0,0,0
"258699",0,0,0,0,0,0
"258698",0,0,0,0,0,0
"433224",28,25,25,26,22,27
"258696",0,0,0,0,0,0
"258300",0,0,0,0,0,0
"258368",0,0,0,0,0,0
"258700",0,0,0,0,0,0
"258695",0,0,0,0,0,0
"258687",0,0,0,0,0,0
"258568",0,0,0,0,0,0
"667271",0,0,0,0,0,0
"258684",0,0,0,0,0,0
"258299",0,0,0,0,0,0
"258688",0,0,0,0,0,0
"258120",0,0,0,0,0,0
"258121",0,0,0,0,0,0
"258689",0,0,0,0,0,0
"258686",0,0,0,0,0,0
"258690",0,0,0,0,0,0
"258231",0,0,0,0,0,0
"258685",0,0,0,0,0,0
"258123",0,0,0,0,0,0
"258298",0,0,0,0,0,0
"258691",0,0,0,0,0,0
"404339",0,0,0,0,0,0
"258288",0,0,0,0,0,0
"258629",0,0,0,0,0,0
"258628",0,0,0,0,0,0
"258098",0,0,0,0,0,0
"258342",0,0,0,0,0,0
"258992",0,0,0,0,0,0
"258341",0,0,0,0,0,0
"258991",0,0,0,0,0,0
"258736",0,0,0,0,0,0
"258792",0,0,0,0,0,0
"258097",0,0,0,0,0,0
"258626",0,0,0,0,0,0
"258793",0,0,0,0,0,0
"258627",0,0,0,0,0,0
"258151",0,0,0,0,0,0
"21888",220,159,168,222,171,138
"107272",3074,2378,2274,2578,2416,2219
"208518",121,75,90,133,116,71
"100502653",3,2,1,0,0,0
"14682",785,579,600,729,620,576
"595139",49,66,57,44,72,51
"14675",19,4,2,3,6,4
"271564",2337,1605,1197,1868,1109,1489
"14240",0,0,0,0,0,0
"353211",8242,5857,4799,6796,3775,6142
"14537",150,96,100,150,134,137
"100502699",0,0,0,0,0,0
"54391",308,262,237,325,278,273
"18552",34,17,31,24,15,29
"20409",588,476,486,527,492,462
"225994",71,57,73,63,46,58
"67383",438,382,303,364,319,324
"225995",113,115,102,111,113,128
"225997",10,7,4,18,6,5
"225998",18,17,17,21,20,20
"16952",3551,2565,2950,3118,3050,2760
"68994",0,1,0,0,1,0
"320092",3,2,2,4,5,3
"320155",1,0,1,0,0,0
"11668",62,67,46,49,66,57
"26358",1,3,2,2,6,3
"13409",0,0,0,0,0,0
"22682",2761,2139,2288,2565,2272,2068
"14544",39,35,35,38,30,37
"66206",168,103,98,132,107,114
"226016",514,377,408,374,388,330
"83921",3592,2632,2486,2764,2156,2698
"226025",8,13,15,15,10,8
"100502872",0,0,0,0,0,0
"387200",0,0,0,0,0,0
"16601",1069,951,978,1055,974,967
"100316672",0,0,0,0,1,0
"226026",1039,774,664,889,680,662
"71738",1052,913,916,1065,876,943
"67483",5,1,3,1,0,1
"72351",177,148,75,157,100,125
"791290",255,212,137,193,139,157
"319924",43,43,33,47,39,41
"381217",241,203,228,202,195,267
"75521",0,0,0,0,0,0
"21873",162,150,166,148,172,172
"14297",121,106,125,92,123,104
"18719",170,151,184,141,143,150
"68034",310,248,268,276,257,224
"226040",172,129,159,138,127,122
"226041",7812,6061,5191,6933,5528,5565
"14237",2,0,0,2,0,0
"226043",504,367,363,417,384,383
"76088",90,77,50,82,51,83
"100042503",299,256,219,280,279,245
"107351",1623,1308,1243,1617,1249,1390
"50796",2,2,3,1,2,0
"240590",2,0,0,0,0,0
"100503074",3,0,6,2,4,1
"226049",70,67,81,60,50,74
"67155",555,443,432,494,454,432
"70942",1,0,0,1,0,0
"329047",0,0,0,0,0,0
"22359",772,687,757,801,622,680
"100042588",0,0,1,0,0,0
"240595",3,1,0,1,1,1
"52874",1353,1111,1010,1199,1122,1003
"107372",1,2,1,2,5,1
"19726",277,150,157,197,181,175
"226075",14,11,7,11,6,6
"320176",0,0,0,0,0,0
"434460",0,0,0,0,0,0
"20510",1,6,6,0,2,1
"381218",5,6,5,4,4,2
"74411",48,45,40,39,32,30
"67072",1020,839,731,860,702,699
"56248",1398,1102,1147,1229,1074,1076
"67329",2,2,3,3,1,4
"100503337",0,0,0,4,0,0
"59028",141,106,112,150,149,110
"724062",0,0,0,0,0,0
"791409",1,0,1,0,3,2
"16452",340,269,276,312,269,294
"27356",32,19,31,23,29,18
"19773",1,1,2,1,1,0
"67759",299,234,230,299,274,240
"60533",28,14,24,25,16,18
"58205",0,2,1,1,0,0
"77779",9,4,7,4,7,5
"226089",838,568,549,621,508,486
"226090",509,388,346,430,377,388
"77836",1,0,1,0,0,2
"240613",699,537,450,630,490,539
"240614",391,296,297,321,235,316
"77125",57,52,59,57,72,56
"66745",0,0,0,0,0,0
"109113",797,558,607,638,579,536
"104174",214,143,168,181,142,129
"625917",0,1,0,0,1,0
"17195",0,0,0,0,0,0
"100503233",0,0,0,0,0,0
"546723",0,0,0,0,0,0
"13380",1,1,0,0,0,0
"19091",4476,3303,2907,3625,2664,3028
"625995",1,3,1,1,0,0
"83410",871,705,676,767,727,684
"78103",2,2,6,2,1,1
"69865",2,0,0,0,0,2
"54447",205,182,139,174,156,151
"208449",792,618,580,661,638,590
"67188",30,14,29,24,24,19
"17330",1166,889,954,1088,993,983
"23972",80,69,80,105,83,83
"67979",1701,1251,1263,1475,1329,1193
"19211",1853,1227,1366,1512,1337,1317
"67795",65,69,59,69,64,56
"100628575",0,0,0,0,0,0
"628236",0,0,0,0,0,0
"381236",118,90,96,113,75,81
"668106",0,0,0,0,0,0
"668114",0,0,0,0,0,1
"100503559",13,6,9,9,6,2
"329055",0,0,0,0,0,0
"67717",2,4,2,0,3,1
"240633",3,2,2,1,2,2
"70166",0,0,0,0,1,0
"78753",0,1,2,1,2,0
"52024",0,0,0,0,0,0
"76630",652,618,584,537,579,512
"11475",27433,23489,25503,22094,22725,21278
"14102",115,95,81,98,91,79
"12642",67,38,49,82,67,60
"16889",613,395,401,551,448,458
"15958",326,236,248,353,250,284
"15959",67,57,37,94,34,109
"667373",49,39,42,36,34,31
"667370",36,25,20,47,23,55
"112419",17,12,11,16,13,6
"15957",57,42,26,90,43,89
"240638",22,26,21,27,21,24
"75735",475,332,360,341,359,356
"723826",0,0,0,0,0,0
"240641",28,16,20,33,19,18
"100316775",0,0,0,0,0,0
"15566",31,26,20,24,31,30
"54364",211,188,158,196,210,171
"107765",16020,13657,14451,14138,14038,13419
"100502583",0,0,0,0,0,0
"76073",335,271,305,315,308,306
"676676",3,5,0,2,1,1
"226098",124,93,86,111,69,100
"668215",523,515,445,522,418,472
"53412",435,402,444,425,398,418
"74493",4455,3361,3328,3706,3012,3331
"72514",32,19,41,32,41,31
"107182",1480,1057,837,1216,833,949
"208922",347,284,272,303,231,281
"319931",0,0,0,0,1,0
"69104",1529,1183,1198,1327,1321,1177
"77059",7,4,7,5,4,8
"15925",3516,2813,2682,3111,2354,2735
"16551",46,44,36,44,28,22
"15242",1,5,3,0,4,1
"107371",620,538,441,554,482,548
"546726",9,5,4,6,4,1
"13082",2,6,3,3,2,0
"226101",5511,3942,3421,4642,3100,3743
"619304",0,0,1,0,0,0
"74107",6,6,6,7,2,8
"107221",0,0,0,0,0,1
"19662",0,0,1,2,0,1
"110855",20,10,6,5,7,9
"70567",355,263,310,261,291,232
"56839",1,1,1,1,0,0
"240660",61,36,58,52,52,28
"74055",566,491,342,569,382,435
"57753",591,485,404,518,476,465
"209478",136,132,138,166,120,138
"15201",27,19,18,24,23,14
"72082",0,1,0,0,0,0
"72303",1,0,0,1,1,1
"69888",0,0,0,0,0,0
"638988",0,0,0,0,0,0
"13095",0,0,0,0,0,0
"13097",0,0,0,0,0,0
"13098",0,0,0,0,0,0
"545288",0,0,0,0,0,0
"433247",0,0,0,0,0,0
"13099",0,0,0,0,0,0
"100043108",0,0,0,0,0,0
"13096",0,0,0,0,0,0
"404195",0,0,0,0,0,0
"107141",0,0,0,0,0,0
"226105",0,0,0,0,0,0
"54132",1405,1175,1195,1264,1306,1323
"20411",7311,5696,5374,6101,4472,5256
"56454",904,621,676,835,705,679
"67590",173,127,109,149,113,106
"12495",15,8,9,19,15,14
"668310",13,9,11,11,8,8
"240665",151,124,145,165,136,123
"381223",0,0,0,0,0,0
"72672",237,182,190,239,179,185
"17060",12,15,10,13,11,5
"100502752",0,1,0,0,0,0
"100861913",0,0,0,0,0,0
"21673",6,7,11,11,11,8
"226115",2,0,0,0,0,0
"24087",9,5,5,7,4,10
"107358",5491,3994,4187,4884,4381,4113
"83490",2,2,1,1,5,0
"627352",1716,1344,1290,1459,1487,1268
"212391",166,125,106,136,65,115
"381224",199,136,82,168,79,152
"20562",164,151,170,166,142,135
"100502871",0,0,0,0,0,0
"71085",74,43,45,45,46,54
"14296",13,4,12,5,7,9
"212398",31,33,29,21,29,22
"107094",2163,1785,1614,2070,1597,1658
"18648",3330,2473,3008,3224,3222,2860
"66583",361,261,278,341,303,297
"74168",1183,1020,1083,1034,958,879
"72199",761,558,608,689,593,534
"226122",1387,1168,1146,1374,1374,1185
"56642",183,152,159,215,205,165
"67432",33,16,16,17,19,15
"66765",0,1,0,4,0,1
"226123",311,293,302,302,293,263
"84095",1229,966,933,1076,927,875
"69534",703,562,560,567,672,539
"277010",995,852,824,880,881,876
"319740",534,400,447,458,463,400
"54612",0,0,1,0,0,0
"71146",21,16,15,18,21,18
"100526549",0,0,0,0,0,0
"72832",17,9,11,4,3,4
"52013",194,149,153,174,141,131
"100861941",0,0,0,0,0,0
"67573",248,173,211,189,134,200
"74580",48,41,40,47,32,24
"100502892",0,1,0,0,0,0
"192236",103,94,79,103,88,87
"100861965",2,3,3,2,1,0
"100502913",3,3,9,5,2,5
"545291",0,0,0,0,0,0
"83674",5,4,5,4,7,1
"14718",3663,3257,3153,3144,3040,2977
"18089",0,0,0,0,0,0
"246696",171,115,146,140,158,120
"100502982",5,8,10,10,12,10
"93685",190,130,161,125,161,147
"226139",947,765,786,842,820,840
"66388",58,81,77,82,79,67
"12780",2,0,0,0,0,1
"100038628",0,2,0,0,0,0
"71972",495,381,345,493,341,333
"93721",19,10,30,18,20,17
"226143",39,23,34,21,32,25
"226144",361,235,295,293,287,279
"12675",687,622,632,585,526,544
"72502",125,96,122,127,115,94
"73689",466,355,379,403,432,360
"329064",1,0,2,1,0,0
"30049",5,7,6,7,8,4
"20250",45615,36238,34654,39607,34318,35807
"100628619",0,0,0,0,0,0
"100502995",0,1,1,0,0,0
"329065",1,1,3,4,0,2
"20249",11678,9304,8907,9589,8250,9116
"22423",0,0,0,0,0,0
"240667",63,68,71,71,51,37
"67264",2585,2121,2067,2146,2242,1948
"319594",5813,4780,4000,4875,3827,4023
"18504",0,0,0,0,3,0
"73322",0,0,0,0,0,0
"226151",1702,1152,1096,1327,1131,1140
"73894",0,0,0,0,0,1
"26456",34,24,23,17,17,16
"94067",1080,834,870,963,990,893
"226153",687,577,533,655,598,530
"226154",1084,796,990,998,1078,802
"100503041",75,51,55,61,49,49
"94280",815,591,626,617,651,560
"107250",26,25,40,32,35,27
"21908",0,0,1,0,2,1
"16814",498,466,495,563,684,494
"12234",1231,938,925,1002,956,822
"100503332",2,0,4,4,5,1
"56626",224,149,186,159,219,184
"100861983",1,0,0,0,0,0
"226162",327,246,302,284,291,277
"30838",232,208,200,211,221,212
"71232",0,0,0,0,0,0
"14179",0,0,0,0,0,0
"18150",342,264,287,296,333,255
"100861995",2,0,2,1,4,0
"76055",2960,2347,2130,2734,2293,2343
"80906",4,1,5,1,2,4
"71617",371,291,327,378,300,296
"20170",201,165,186,203,174,188
"16825",1466,1098,1234,1265,1245,1044
"226169",1217,1000,995,1118,936,987
"70769",1803,1529,1574,1744,1586,1418
"12686",35,22,30,31,31,24
"18742",178,130,165,183,196,123
"107338",3358,2566,2442,3030,2123,2435
"100503392",34,31,36,31,37,24
"18034",1309,1097,1173,1263,1127,1030
"73728",221,193,177,201,178,175
"68431",45,50,45,61,66,53
"67116",1187,909,1073,1027,1132,877
"751550",0,0,0,1,0,0
"75579",10,4,9,7,14,10
"75146",26,26,25,19,23,27
"54130",3795,2989,3006,3226,3158,2818
"24069",190,158,153,164,119,163
"100862031",118,86,109,83,99,71
"100503435",73,68,86,74,64,68
"93679",2786,2156,2396,2524,2664,2330
"56350",847,597,674,709,640,573
"94279",84,57,74,57,50,43
"226178",3119,2411,2629,2799,2522,2384
"13074",2,0,0,0,2,1
"66439",178,127,127,153,153,127
"57344",293,266,265,245,258,239
"94219",305,227,272,253,273,236
"76952",2371,1865,1802,2083,1817,2038
"226180",51,39,44,46,46,25
"71041",188,153,166,161,163,156
"226182",93,74,68,79,77,68
"66477",1886,1515,1522,1544,1621,1283
"18572",1161,802,833,1075,849,791
"72691",61,41,51,62,65,50
"546729",0,0,1,0,1,0
"18011",6253,5190,5098,5813,5460,4759
"14218",15252,11178,9744,12874,8889,10506
"108689",323,294,271,319,308,287
"100503104",4,6,11,2,6,4
"20874",3231,2529,2235,2850,2162,2495
"12821",4,5,7,9,5,3
"100503480",0,0,0,0,0,0
"67788",4285,3466,3095,3490,3238,3086
"100048534",19,12,20,17,11,14
"14873",2639,1913,2027,2516,2303,2012
"68214",41,29,17,23,28,28
"414801",1004,792,861,908,933,838
"381229",0,3,3,2,3,2
"66673",1,0,0,2,0,3
"58178",4,3,1,2,2,2
"16333",0,0,0,0,0,0
"100043450",0,0,0,0,0,0
"170750",1928,1446,1599,1657,1617,1534
"78457",0,0,0,0,0,0
"27360",208,168,141,189,168,177
"69319",2,0,0,0,0,0
"17859",336,262,336,331,340,303
"76479",869,683,732,828,745,678
"381232",1,5,2,6,4,9
"100503558",0,0,0,0,1,0
"240672",128,101,85,141,114,99
"100043462",813,658,689,693,810,655
"13006",1620,1237,1145,1359,1149,1237
"73713",2908,2136,2213,2670,2208,2197
"18569",801,664,617,639,706,589
"100503593",0,1,2,0,0,1
"100503572",646,550,492,528,563,444
"56392",1181,929,808,1024,904,912
"11551",59,36,54,48,60,25
"14732",1351,1013,917,1189,960,1022
"21684",0,1,0,0,0,0
"73707",11,9,14,8,10,7
"433256",396,310,341,396,366,370
"66980",600,499,553,548,544,506
"53611",445,326,353,369,323,366
"77594",4,6,0,2,2,1
"21416",255,200,199,206,189,178
"26930",1,0,0,0,0,1
"269094",0,0,0,1,0,0
"226243",5,1,6,3,7,4
"18175",8790,7001,6745,8464,6142,7570
"12369",86,70,64,71,94,64
"226245",3,1,3,0,4,1
"55947",135,106,108,140,115,123
"66866",603,522,380,539,404,412
"11554",0,0,0,0,0,0
"213993",700,552,395,581,426,547
"83561",10,14,7,12,4,9
"240675",0,1,0,1,2,1
"226250",100,61,67,68,66,49
"226251",7267,6012,5182,5881,4938,4804
"78120",0,0,0,0,0,0
"320879",85,48,52,37,48,49
"226252",576,466,409,533,374,392
"72133",226,142,182,217,161,170
"78073",0,1,0,0,1,0
"226255",387,295,258,324,221,273
"14585",128,84,67,86,83,79
"791347",0,0,0,0,0,0
"75645",0,0,0,0,0,0
"69055",0,0,0,0,0,0
"69060",0,1,1,0,0,0
"69166",0,0,0,0,0,0
"18946",0,0,0,0,0,0
"18947",0,0,0,0,0,0
"67507",1,0,0,0,0,0
"73442",322,252,231,277,227,231
"100526480",0,0,0,0,0,0
"100503848",0,0,0,1,0,1
"226265",4,1,2,5,1,5
"71653",7,9,5,11,10,8
"22326",0,0,0,0,0,0
"332396",0,0,0,0,0,0
"214084",63,49,66,47,63,46
"107368",1336,951,909,1146,896,1000
"329078",98,62,113,88,89,82
"13797",234,223,228,248,234,212
"72647",0,0,1,0,0,0
"100503908",0,2,0,0,0,2
"74998",356,232,252,325,202,281
"107376",0,0,2,0,2,2
"76539",527,413,412,469,416,423
"226278",0,0,0,0,0,0
"78832",1552,1219,1070,1369,1162,1081
"332397",38,37,28,48,30,37
"13669",15292,11303,11291,12920,10610,11032
"100217439",0,0,0,0,0,0
"67894",250,186,188,196,175,197
"94281",50,41,50,40,51,27
"11757",2138,1801,1813,1756,1847,1653
"14773",230,157,177,207,166,146
"414758",174,104,142,148,140,118
"633057",2,0,0,0,0,0
"12982",162,115,179,162,167,117
"100043120",0,0,0,0,1,0
"633188",0,0,0,0,0,0
"664787",0,0,0,0,0,0
"100038987",0,0,0,0,0,0
"114564",0,0,0,0,0,0
"100039029",0,0,0,0,0,0
"100041708",0,0,0,0,0,0
"546061",0,0,0,0,0,0
"100040974",0,0,0,0,0,0
"677525",0,0,0,0,0,0
"100041824",0,0,0,0,0,0
"100503923",0,0,0,0,0,0
"100041057",0,0,0,0,0,0
"671917",0,0,0,0,0,0
"100041877",0,0,0,0,0,0
"100041903",0,0,0,0,0,0
"269233",473,379,359,484,406,383
"18108",489,357,349,420,334,358
"227522",146,95,101,126,129,112
"78245",2,1,0,4,5,0
"99035",0,0,0,0,0,0
"104362",1,0,0,0,2,3
"227525",124,86,108,101,83,76
"18686",1,0,0,0,0,0
"64707",32,28,20,13,25,21
"50497",507,448,456,447,430,487
"100861945",32,24,14,27,13,20
"227526",149,113,87,121,118,88
"66540",143,116,113,122,107,112
"100038349",0,0,0,0,0,0
"73489",0,0,0,0,0,0
"209630",2586,2016,1809,2293,1721,1734
"100504349",7,6,6,9,4,6
"67229",1444,1112,1109,1129,1020,964
"209645",162,151,128,140,134,151
"109079",620,477,515,524,478,425
"16922",159,144,129,132,140,113
"100861976",0,0,0,0,0,0
"381346",1,0,1,0,0,0
"68527",2,0,0,2,1,0
"70024",5,8,12,7,1,4
"71648",495,405,470,437,435,408
"74186",23,22,16,16,9,22
"227541",73,51,40,65,68,62
"98828",1006,874,905,879,810,760
"53893",307,237,251,240,236,230
"791411",4,5,6,5,4,5
"57743",1362,1022,1078,1186,995,1017
"209692",65,39,53,55,36,32
"326622",1367,1025,968,1016,900,863
"227545",4,8,7,9,10,5
"100038358",0,0,0,0,0,0
"67856",36,37,36,38,27,31
"320132",3,4,0,2,2,4
"98910",294,228,168,218,184,202
"14007",5686,4358,4330,4878,4554,4034
"68144",11,6,12,3,7,5
"100038708",0,0,0,0,0,0
"791270",3,1,4,4,3,2
"73438",0,0,0,0,0,0
"14462",69,41,54,48,49,45
"381347",0,0,0,0,0,0
"77682",0,0,0,0,0,0
"100126244",0,0,0,0,0,0
"209361",417,309,378,403,356,310
"11949",5197,4529,4313,4638,4520,4085
"16588",298,203,249,206,243,202
"16425",34,18,22,18,22,17
"209378",3,2,1,3,2,3
"353282",66,49,42,47,37,59
"100316806",0,0,0,0,0,0
"735255",0,0,0,0,0,0
"100526482",0,0,0,0,0,0
"100124487",0,0,0,0,0,0
"100316663",0,0,0,0,0,0
"735286",0,0,0,0,0,0
"735256",0,0,0,0,0,0
"100316802",0,0,0,0,0,0
"100316770",0,0,0,0,0,0
"100124624",0,0,0,0,0,0
"100526535",0,0,0,0,0,0
"735257",0,0,0,0,0,0
"100526483",0,0,0,0,0,0
"100124642",0,0,0,0,0,0
"100526485",0,0,0,0,0,0
"100124625",0,0,0,0,0,0
"100526536",0,0,0,0,0,0
"100124626",0,0,0,0,0,0
"100526552",0,0,0,0,0,0
"100124627",0,0,0,0,0,0
"100526489",0,0,0,0,0,0
"100526553",0,0,0,0,0,0
"100526491",0,0,0,0,0,0
"100124643",0,0,0,0,0,0
"100526538",0,0,0,0,0,0
"100526554",0,0,0,0,0,0
"100124442",0,0,0,0,0,0
"100526494",0,0,0,0,0,0
"100526495",0,0,0,0,0,0
"100526539",0,0,0,0,0,0
"100124474",0,0,0,0,0,0
"100526496",0,0,0,0,0,0
"100124447",0,0,0,0,0,0
"723922",0,0,0,0,0,0
"735258",0,0,0,0,0,0
"100316701",0,0,0,0,0,0
"100526524",0,0,0,0,0,0
"100124495",0,0,0,0,0,0
"100316668",0,0,0,0,0,0
"100316831",0,0,0,0,0,0
"18761",682,525,566,632,519,560
"77543",1,0,0,0,0,0
"100503147",1,0,0,0,0,3
"170768",146,140,233,181,206,146
"100038528",0,0,0,0,0,0
"76938",1715,1464,1576,1620,1651,1406
"16184",0,1,0,0,0,0
"16169",47,31,24,23,32,22
"50755",1057,786,784,943,829,804
"320816",288,213,221,195,192,181
"241226",33,10,13,14,15,11
"338535",0,0,0,0,0,0
"100862047",0,0,0,0,0,0
"66960",237,189,187,183,204,190
"19212",270,207,224,260,218,228
"227580",50,56,47,63,61,53
"20163",1033,716,831,864,805,755
"65969",32,24,31,37,27,36
"13434",48,34,43,43,47,36
"791315",0,0,0,1,0,0
"100862060",0,0,0,0,1,0
"22352",16880,13056,13448,16540,15481,13115
"241230",2,5,0,1,0,1
"30963",1861,1675,1919,1747,1760,1626
"70957",28,21,14,28,17,13
"20844",2113,1619,1411,1677,1393,1474
"625286",20,7,16,21,17,10
"17533",57,37,34,55,32,26
"100124488",0,0,0,0,0,0
"277468",2,2,3,0,1,0
"12296",3,7,1,3,2,3
"625342",0,0,0,0,0,0
"74455",33,28,41,36,26,28
"75869",359,258,230,305,202,232
"67448",401,279,321,375,326,301
"100504058",0,0,0,0,0,0
"75069",0,0,0,0,0,0
"74103",17,10,11,9,10,11
"68231",0,0,0,0,0,0
"77940",14,6,6,12,11,9
"100034739",2,0,0,0,1,2
"72668",5,1,3,1,2,1
"17354",357,267,284,286,251,243
"641254",1,0,0,2,0,0
"13418",741,479,500,640,501,525
"100504159",0,0,0,0,0,0
"12238",1442,1083,1091,1200,1254,932
"12151",783,640,608,763,615,586
"381350",3,0,4,1,2,1
"18718",316,213,230,266,253,234
"100504170",0,0,0,0,0,0
"74629",4,0,0,3,3,3
"70882",0,0,2,0,0,0
"76467",91,89,69,80,98,68
"19213",0,0,0,0,0,0
"70909",0,1,0,0,0,3
"100041244",39,24,32,20,22,20
"71198",2627,2117,2216,2347,2503,2097
"433406",390,306,345,344,368,300
"791278",0,0,0,0,0,0
"208618",1529,1216,1106,1333,1059,1165
"71435",1778,1362,1197,1539,1149,1279
"433408",70,67,67,73,70,62
"71233",94,87,84,95,71,45
"208967",446,343,332,391,347,375
"241263",9,8,6,5,4,3
"100038625",1,1,2,3,0,0
"667663",0,0,0,0,0,0
"100041703",0,2,0,0,0,0
"14417",11,19,7,17,9,9
"100628608",0,0,0,0,0,0
"54519",283,221,251,313,285,281
"56075",110,85,70,94,81,77
"11308",1640,1218,1106,1459,1264,1157
"74159",1197,965,865,1020,852,868
"67121",19,13,11,19,10,15
"27377",3801,3017,2787,3259,2895,2927
"70981",1,0,0,0,0,0
"18232",0,0,0,0,0,0
"76857",492,356,328,380,315,371
"100504187",42,31,36,24,42,23
"140483",6,4,0,2,3,5
"227606",0,0,0,0,0,0
"69677",0,0,0,0,0,0
"215257",2,4,1,3,2,3
"54448",0,0,0,0,0,0
"54450",0,0,0,0,0,0
"215274",0,0,0,0,0,0
"16181",5,8,7,7,4,1
"215632",4,0,1,1,0,0
"18510",0,0,0,0,0,0
"100504544",0,0,0,0,0,0
"12287",82,79,75,103,84,91
"77683",947,673,697,761,625,699
"215705",149,130,163,139,144,136
"67187",341,318,270,314,282,265
"67228",103,73,94,85,82,94
"107733",542,404,377,458,454,388
"241274",527,391,410,456,374,356
"100502743",0,0,1,4,0,0
"56876",760,621,685,706,663,555
"72090",0,0,1,0,0,0
"241275",0,0,0,0,0,0
"67122",20,29,39,30,33,22
"227612",190,104,145,122,123,126
"58202",972,703,728,735,823,694
"74472",2,1,1,1,0,0
"68222",0,0,1,1,0,1
"227613",3631,3096,3268,3188,3327,3123
"142681",0,0,0,0,0,0
"329360",0,0,0,0,0,0
"67859",0,0,0,0,0,0
"68846",8,6,4,5,5,4
"78797",412,346,415,430,300,279
"227615",121,101,117,126,100,73
"97031",121,123,132,161,157,132
"68475",494,385,450,404,440,382
"99152",2055,1662,1615,1780,1638,1502
"78217",0,3,0,0,2,0
"227618",9,5,9,6,12,11
"14810",22,8,12,16,19,14
"320354",1,0,2,1,0,1
"100272219",7,6,7,5,1,11
"227619",1213,995,1053,1127,989,917
"83768",541,399,464,498,471,381
"227620",1509,1243,1258,1329,1433,1173
"72080",74,63,65,54,40,45
"12496",11,9,19,9,16,14
"18146",1010,724,864,930,909,778
"14347",3,1,0,2,4,0
"11305",1748,1302,1264,1494,1206,1384
"100526555",0,0,0,0,0,0
"69454",78,80,71,91,85,73
"227622",512,411,456,453,488,375
"19215",206,158,178,146,157,138
"100503942",0,0,0,0,0,0
"77701",0,0,1,0,0,0
"69379",8,12,7,5,11,11
"30839",1037,845,898,964,874,867
"22030",426,431,419,425,459,407
"59022",2499,2048,2218,2319,2491,2087
"381352",49,28,27,25,24,32
"75454",285,214,219,241,289,215
"381353",17,6,20,15,16,12
"227624",3113,2506,2614,2517,2541,2311
"77058",14,3,9,11,14,5
"51875",133,115,125,133,126,94
"14133",4,2,1,3,4,2
"78076",1,0,0,2,0,2
"13863",0,0,1,4,2,0
"620709",0,0,1,0,0,0
"332578",0,0,0,0,0,0
"227627",0,0,0,0,0,0
"107771",281,233,288,275,288,260
"383678",0,0,0,1,0,0
"16820",0,0,0,0,0,0
"227630",0,0,0,0,0,0
"620858",0,0,0,0,0,0
"71103",0,1,0,3,0,0
"77704",0,1,0,1,0,0
"227631",0,0,0,0,0,0
"227632",7,3,15,2,3,1
"227634",2213,1724,1595,1951,1499,1674
"98766",2976,2614,2521,2695,2665,2358
"67991",451,345,375,406,372,334
"109299",840,700,835,736,843,713
"100504023",0,0,0,0,0,0
"16871",1,0,0,0,0,0
"227638",260,191,203,249,225,194
"77481",2,2,6,9,6,3
"329366",4,0,3,2,0,1
"67839",504,451,477,479,409,396
"52838",705,574,630,750,724,670
"332579",8,8,3,6,7,3
"227644",399,267,351,355,307,259
"68112",951,779,831,872,843,766
"66865",3338,2710,2693,2974,2616,2514
"64436",325,267,250,279,297,238
"227648",3173,2359,1946,2883,1833,2273
"100125929",20,17,20,13,11,17
"18128",739,536,469,666,408,485
"353156",48,56,57,39,45,51
"387145",0,0,0,0,0,0
"67512",179,157,176,203,166,171
"56279",64,60,40,72,70,56
"72091",78,67,62,52,48,45
"100306955",2,3,7,3,3,2
"100306954",5,3,3,6,10,6
"329369",0,0,0,0,0,0
"100039446",3,0,0,0,0,0
"16821",0,1,0,0,0,0
"80908",0,0,0,0,0,0
"20935",389,272,306,328,330,260
"20933",728,579,536,561,560,504
"27176",8393,6731,6916,7291,7645,6482
"20930",451,389,428,424,470,354
"20931",471,355,345,389,362,310
"20932",6467,5200,5409,5556,5288,5058
"279029",8,3,3,4,7,1
"227656",877,670,626,746,672,646
"279028",2,0,1,1,0,0
"381356",630,493,480,465,528,456
"227659",717,625,603,664,614,544
"66139",28823,23065,23754,25260,24552,22119
"77794",3450,2905,3122,3179,2740,2626
"109349",12,6,15,13,4,10
"329371",14,8,10,11,15,7
"13166",293,235,271,241,246,201
"192166",461,333,373,401,372,349
"22325",511,432,373,423,369,369
"100504116",70,59,47,75,62,59
"67382",3505,2697,2857,2804,2692,2527
"140858",865,684,739,796,786,701
"20181",2120,1626,1555,1701,1571,1514
"12831",10687,7339,8289,9463,7467,8213
"100038452",37,27,30,32,17,20
"14134",0,0,0,0,0,0
"100862306",0,0,0,0,0,0
"100504177",12,6,6,6,8,3
"56177",3001,2498,2569,2449,2512,2324
"241289",157,118,117,131,143,128
"69327",39,20,20,27,19,23
"118451",697,593,698,728,715,613
"227671",3,2,0,2,1,1
"19730",860,692,620,740,678,637
"12613",0,0,0,0,0,0
"70239",459,334,381,399,380,367
"14582",0,0,0,0,0,0
"64930",1413,1131,918,1151,920,1007
"69987",1,1,1,4,1,0
"68870",31,22,30,37,42,27
"100526498",0,0,0,0,0,0
"269252",1633,1186,1124,1374,1121,1174
"227674",225,197,188,226,199,222
"54422",1,1,0,3,0,1
"329375",0,0,0,0,0,0
"22130",294,229,238,242,242,197
"269254",2216,1589,1233,1683,1093,1412
"171171",23,18,26,34,24,18
"76220",55,28,31,43,50,35
"68975",335,243,277,307,344,298
"107746",9692,8112,7348,8799,7098,7627
"433416",0,2,0,0,4,1
"227682",662,502,497,527,540,485
"227683",225,172,182,180,189,202
"26569",827,610,649,686,634,600
"68205",567,490,476,555,550,464
"723904",0,0,0,0,0,0
"70319",8,12,10,3,5,7
"99151",215,159,185,189,188,144
"18286",755,619,556,656,592,538
"74412",1034,780,711,848,707,734
"20740",12060,8870,8302,10703,7123,8097
"71820",264,216,178,240,230,200
"56086",3890,3012,3254,3657,3559,3030
"263803",59,45,62,52,55,40
"66220",148,102,137,139,152,115
"227693",853,678,675,727,664,658
"70296",606,389,440,494,449,422
"13804",57,55,67,63,65,71
"227695",267,185,223,217,238,216
"70266",207,166,175,174,180,194
"67350",2,3,1,4,5,3
"241296",613,455,481,506,480,470
"227696",162,118,135,136,129,96
"227697",615,478,504,546,543,419
"227699",904,709,651,791,648,612
"227700",1257,1028,1060,1009,1105,927
"108958",412,296,377,377,400,324
"57170",257,182,157,166,158,146
"12908",3858,3270,3047,3298,3234,2957
"100862338",6,4,7,5,3,3
"110854",2150,1675,1739,1920,1869,1658
"72500",190,183,227,264,301,218
"78617",17,12,12,10,8,5
"665635",3,2,2,2,1,0
"100038700",13,10,11,7,5,6
"100526499",0,0,1,0,0,0
"73598",6,4,6,6,3,3
"66617",391,305,307,350,384,321
"72323",532,449,475,480,500,426
"20204",137,126,127,142,170,130
"64292",125,64,108,116,90,114
"30934",846,690,721,743,698,687
"30931",307,250,245,285,257,232
"227707",792,696,639,699,750,611
"74270",2858,2301,2424,2177,2123,2075
"14269",914,660,694,793,652,709
"320973",22,15,31,25,20,26
"277463",1954,1579,1625,1804,1616,1570
"14299",3077,2572,2773,2888,2855,2529
"665700",60,55,76,66,69,34
"11898",2288,1694,1479,2590,1986,2024
"100862380",2,2,2,0,3,2
"320267",1049,742,784,874,702,732
"100504258",0,0,0,0,0,0
"381359",0,0,0,1,0,0
"227715",322,269,313,301,266,268
"11350",1419,1023,1070,1214,1005,1075
"227717",64,56,78,51,66,53
"98970",16,10,9,3,5,9
"23928",36,33,20,40,19,30
"108897",5211,4212,4135,4438,4503,3792
"227720",1168,886,854,987,730,787
"100504305",199,169,178,164,162,146
"241303",1319,1005,1038,1279,1108,1012
"227721",1903,1590,1660,1714,1679,1523
"227723",17007,12664,10217,14673,10219,11826
"99011",437,304,342,352,290,291
"22245",379,311,349,385,394,338
"72931",1981,1624,1650,1632,1775,1492
"99412",3878,3045,3031,3259,2807,2707
"13429",188,173,200,180,175,154
"387239",0,0,0,0,0,0
"68379",1150,941,1001,1071,1054,880
"73737",689,548,594,630,701,566
"16819",27,28,26,30,61,32
"96979",452,336,365,381,386,370
"227731",263,182,177,210,222,188
"71254",106,69,80,90,85,70
"98952",74,76,67,67,74,72
"13481",265,205,213,229,247,212
"227733",0,0,2,0,1,0
"20448",2194,1752,1890,1806,1911,1770
"50935",797,628,689,653,702,614
"11636",13659,11168,11141,12039,12189,11422
"13805",986,634,707,759,639,795
"100316776",0,0,1,0,0,0
"14287",251,170,227,195,230,152
"107951",1071,868,916,992,912,841
"100499514",0,0,0,0,1,1
"100628606",0,0,2,0,1,0
"27387",9,9,9,10,7,6
"70730",0,0,1,0,0,0
"30933",173,148,157,140,174,131
"338348",15,10,7,7,21,6
"329384",197,174,188,212,190,188
"227736",105,76,87,97,85,74
"20910",729,501,531,606,529,549
"227737",5009,4088,4040,4684,4165,3970
"227738",567,452,417,500,461,427
"269261",6492,4844,4852,5381,5537,4661
"104367",35,21,46,34,36,20
"56017",193,180,191,211,228,182
"99326",61,54,48,64,40,45
"241308",149,132,113,134,109,104
"26360",4413,3381,3430,4160,3424,3645
"241311",222,125,139,149,176,160
"71834",655,488,544,592,565,457
"16917",10,4,13,10,9,4
"100504399",10,5,7,9,5,7
"72543",1059,919,825,1001,857,866
"320482",1,0,0,0,0,0
"100504427",0,2,1,0,0,0
"18516",475,389,381,469,432,384
"96990",0,0,0,1,0,0
"227743",1144,957,981,1007,1019,932
"66691",1929,1437,1242,1585,1222,1444
"14828",14122,10592,10336,12430,11149,10256
"227746",245,206,190,200,232,178
"30050",973,731,832,907,900,743
"66998",1126,896,927,932,1010,854
"77996",4,2,3,7,6,6
"74016",90,59,57,60,75,51
"22029",21,13,21,19,7,15
"15139",3,2,2,1,3,2
"98870",0,0,0,1,1,0
"26920",318,263,240,278,235,226
"68365",3421,2824,2788,3199,3217,2717
"100504493",0,0,0,0,0,0
"227753",7742,5653,6475,5958,5955,5916
"13830",5674,4656,4778,4488,4212,4223
"75859",0,0,0,0,0,0
"74854",0,0,0,0,0,0
"14594",521,430,361,495,455,409
"100042194",4,2,4,5,5,3
"69601",2063,1556,1572,1797,1562,1537
"74410",153,136,142,152,152,150
"77665",0,4,1,0,0,0
"100038606",1,0,0,0,0,0
"100861632",0,0,0,0,0,0
"68375",61,45,54,51,52,54
"75495",2,0,2,0,2,0
"16874",2,4,3,6,4,8
"67889",1528,1160,1125,1296,1168,1115
"67871",461,384,370,458,391,373
"100504593",0,0,0,0,1,0
"100861645",2,1,0,1,1,1
"19224",523,349,390,433,381,382
"258949",0,0,0,0,0,0
"675440",109,81,75,88,85,74
"258951",0,0,0,0,0,0
"258953",0,0,0,0,0,0
"258952",0,0,0,0,0,0
"258950",0,0,0,0,0,0
"258621",0,0,0,0,0,0
"258947",0,0,0,0,0,0
"258940",0,0,0,0,0,0
"258945",0,0,0,0,0,0
"258946",0,0,0,0,0,0
"18350",0,0,0,0,0,0
"18328",0,0,0,0,0,0
"258620",0,0,0,0,0,0
"258944",0,0,0,0,0,0
"258942",0,0,0,0,0,0
"258943",0,0,0,0,0,0
"258941",0,0,0,0,0,0
"258618",0,0,0,0,0,0
"258617",0,0,0,0,0,0
"258616",0,0,0,0,0,0
"227789",0,0,0,0,0,0
"258615",0,0,0,0,0,0
"258365",0,0,0,0,0,0
"259053",0,0,0,0,0,0
"258656",0,0,0,0,0,0
"236509",0,0,0,0,0,0
"545417",0,0,0,0,0,0
"258371",0,0,0,0,0,0
"67466",1015,866,810,961,842,828
"319817",2172,1361,1310,1482,1288,1440
"100217435",0,0,0,0,0,0
"241322",256,183,177,208,152,154
"320633",219,184,164,188,140,161
"227800",2133,1647,1502,1809,1402,1584
"338346",7,6,5,4,2,7
"20744",228,160,149,177,144,148
"241324",0,1,3,3,1,1
"227801",695,499,559,526,484,526
"16870",11,8,5,4,4,5
"59126",507,454,399,492,449,392
"19177",4515,3792,3697,3750,4024,3682
"26423",2,0,0,1,0,1
"14536",74,74,56,67,50,56
"387176",1,0,0,1,0,2
"723903",0,1,0,0,0,0
"241327",123,110,90,101,70,101
"76646",0,0,0,0,0,0
"66489",7774,6050,6093,6691,7148,5852
"74192",1104,917,946,966,1106,899
"76899",707,556,566,675,568,570
"320271",430,294,225,309,240,261
"100042584",1,0,2,0,0,0
"67857",876,630,656,736,657,727
"94217",1,1,2,0,0,2
"70789",0,0,0,0,0,0
"76117",2,0,1,5,0,0
"320872",0,0,0,0,0,0
"227835",263,231,247,221,231,207
"24136",2112,1541,1416,1853,1371,1612
"100628598",0,0,0,0,0,0
"433424",21,18,13,25,18,18
"69405",0,0,0,0,0,0
"100503843",0,0,0,0,0,0
"11480",947,713,674,826,664,713
"26428",737,582,597,647,644,556
"109241",604,467,398,570,357,418
"227867",554,381,459,583,466,453
"16574",258,248,210,241,206,175
"71897",0,1,2,0,0,2
"320343",39,35,31,29,38,36
"109129",2088,1764,1779,1829,1858,1569
"100502624",7,8,10,6,14,5
"227885",1,0,0,0,0,0
"74194",797,617,695,718,717,672
"329404",0,0,0,0,0,0
"387511",0,0,0,0,0,0
"433426",1,0,0,0,2,0
"71684",41,27,31,31,38,24
"64685",4,6,6,10,8,2
"21930",4,0,0,0,2,1
"51869",402,309,250,269,234,246
"17996",69215,40736,30265,51312,18966,45442
"78049",3,0,0,0,2,0
"75423",2815,2002,1980,2303,2033,1947
"12298",18,10,16,11,13,7
"625631",6,12,6,9,8,9
"56324",2123,1669,1532,1861,1547,1482
"71409",182,116,112,137,94,125
"56194",2236,1684,1589,1953,1466,1637
"65103",246,182,224,194,206,178
"67874",25,16,10,25,18,15
"271786",30,20,16,32,23,21
"16519",6,3,3,6,3,0
"18227",104,52,63,68,62,57
"767815",1,1,2,0,3,0
"75279",0,0,0,0,0,0
"227923",3,1,2,5,3,2
"14571",372,292,258,345,254,271
"241391",395,270,269,341,225,272
"77767",3,5,1,2,1,0
"227929",0,0,0,1,0,0
"100042926",1,0,0,0,0,0
"269275",4,2,6,7,4,2
"100502932",0,0,0,0,0,0
"667062",0,0,0,0,0,0
"11477",1029,772,862,893,881,808
"76654",2,0,1,2,0,0
"227933",3,7,7,4,3,2
"227937",1597,1327,1192,1470,1167,1200
"76676",10,2,1,1,5,4
"76747",0,0,0,0,0,0
"100038999",186,129,137,124,150,121
"66860",1434,997,950,1151,835,936
"72137",344,288,336,333,262,327
"407823",832,654,573,709,454,560
"667103",0,0,0,0,0,0
"100505179",25,13,15,18,6,18
"57438",1128,820,775,1020,828,835
"66205",265,171,161,184,203,161
"17076",77,54,54,57,53,55
"100039176",0,0,0,0,2,0
"18779",175,114,126,159,137,127
"16420",2298,1682,1761,1955,1745,1855
"56878",1816,1292,1250,1488,1305,1263
"100038493",3,4,1,7,3,0
"21353",890,690,689,782,694,623
"59029",2156,1613,1622,1739,1778,1651
"21375",1,0,0,1,1,1
"94229",8,1,4,8,3,5
"13482",2,1,0,1,2,1
"14526",0,0,0,0,0,0
"14089",19,13,8,20,11,16
"71586",75,64,68,102,66,76
"227960",57,59,52,53,60,41
"170738",40,22,12,21,13,17
"60344",137,99,119,131,89,112
"100503492",1,0,2,1,0,0
"50915",211,173,229,206,181,198
"319876",437,357,267,430,318,302
"320106",0,0,0,0,0,0
"20269",662,523,422,595,384,494
"110876",40,37,35,34,43,33
"77771",19,15,10,12,3,10
"14425",5,6,1,10,1,8
"73668",164,98,137,173,135,121
"20265",8,1,7,0,4,0
"100038743",0,0,0,0,0,0
"20274",4,4,13,1,0,4
"20272",75,38,39,48,56,26
"383709",0,0,0,0,0,0
"241431",22795,18698,15038,20116,11223,22289
"26877",32,21,18,41,19,24
"53416",154,102,114,142,123,115
"227998",0,0,0,0,0,0
"75721",0,0,0,0,0,0
"241447",1404,1019,804,1192,833,903
"329416",16,8,5,6,14,6
"66442",40,20,33,25,30,20
"14378",0,0,0,0,0,0
"27413",1,1,2,0,1,0
"241452",12,3,10,10,5,5
"14725",48,36,39,32,13,38
"72569",159,153,151,132,156,144
"228003",17763,14741,15773,15292,14177,14848
"320720",361,280,266,270,272,257
"228005",3030,2420,2666,2575,2871,2241
"75051",51,51,51,51,47,42
"674921",0,0,0,0,0,0
"73373",537,422,394,458,425,360
"277396",336,297,263,276,289,281
"20823",3232,2345,2588,2801,2697,2359
"75422",211,148,172,150,159,114
"68795",8710,6646,5274,7017,4865,6145
"329421",2,3,0,1,0,1
"64406",0,0,1,0,0,0
"68986",1,1,0,1,0,2
"66748",1,0,1,1,0,3
"14415",4,6,4,4,4,3
"70231",2976,2492,2520,2777,2766,2469
"228012",1099,861,775,963,752,801
"228019",212,193,177,203,194,199
"75763",162,95,154,135,100,92
"73649",2,0,6,1,3,4
"13427",3983,3038,3159,3530,3314,2926
"78830",2324,1931,1907,2073,1886,1909
"107435",244,203,195,233,240,193
"100861681",0,0,0,0,0,0
"66559",233,193,205,243,200,157
"100503424",32,21,30,30,8,14
"13390",18,10,12,7,5,15
"111970",2,1,1,2,3,1
"13392",46,31,29,43,36,38
"381371",1,1,0,0,0,0
"16403",978,715,606,980,644,759
"228026",1023,958,1106,1069,1018,1075
"56508",11,11,13,8,8,18
"100503680",1,1,0,0,0,0
"65964",2830,2200,2169,2354,2164,2482
"66953",4,7,13,6,7,1
"100861846",0,0,0,0,0,0
"383712",0,0,0,0,0,0
"74541",0,0,0,0,0,0
"20687",825,647,636,750,677,637
"100503849",26,26,18,24,24,15
"100628587",0,0,0,0,0,0
"67059",2433,1921,1836,2234,1965,1715
"381373",1,1,3,4,2,0
"66935",650,588,548,599,593,540
"74616",635,441,484,522,481,441
"68526",430,350,336,337,315,306
"215280",511,360,343,374,373,311
"11435",45908,37366,38488,38618,36387,37055
"100504117",47,30,23,32,21,23
"329427",207,135,238,149,127,90
"108699",2146,1716,1607,1862,1581,1483
"11909",752,536,532,647,498,581
"100038532",3,9,4,7,5,1
"228033",9599,8215,8702,7804,8420,7793
"73962",0,0,0,0,0,0
"69605",1443,1111,1043,1171,954,1044
"14029",0,0,0,0,0,0
"15433",0,0,0,0,0,0
"15432",0,0,0,0,0,0
"15431",1,1,3,1,0,1
"15430",25,24,12,23,20,14
"15438",117,100,105,139,139,98
"15437",355,244,234,309,284,247
"73429",2,4,4,2,2,2
"15434",38,34,37,48,29,33
"15436",97,63,63,66,75,41
"387144",0,0,0,0,0,0
"399588",4,0,3,3,2,3
"15429",0,0,0,1,0,0
"53375",960,677,656,819,802,741
"667739",1353,1054,1113,1212,1225,1083
"545423",79,48,39,41,73,46
"77269",0,0,0,0,0,0
"100504729",0,0,0,0,0,0
"229279",1414,997,1179,1228,1163,932
"18024",2008,1462,1653,1984,1700,1622
"320474",27,15,20,19,21,14
"623453",3,2,2,3,8,7
"228061",1319,1061,947,1193,937,947
"72421",87,56,71,71,67,72
"620631",6,5,5,9,9,9
"78802",52,45,43,61,47,42
"241489",2,0,1,0,1,0
"13067",0,0,0,0,0,0
"241490",761,611,664,688,664,607
"99031",42,33,30,35,31,22
"23992",284,199,224,210,212,167
"381375",0,0,0,0,0,0
"14231",450,330,342,351,335,310
"83435",427,345,347,351,325,277
"22138",88875,54435,44533,66310,29010,63031
"545428",6542,5264,4193,5498,3683,4528
"228071",893,705,650,762,596,655
"241494",330,252,278,296,247,237
"100503106",0,0,0,0,0,1
"80744",643,503,500,570,479,535
"329436",0,0,0,0,0,0
"100040494",0,0,0,0,0,0
"73823",0,0,0,0,0,0
"22193",577,465,520,547,549,464
"16401",1866,1328,1091,1650,918,1308
"228094",6,2,2,5,4,5
"100126874",0,0,0,0,0,0
"18012",1,0,0,2,1,0
"70599",455,327,360,378,300,332
"75276",3,1,1,3,2,0
"18573",45,37,44,33,27,44
"320769",0,0,0,0,0,0
"66861",1724,1324,1316,1527,1302,1389
"100503167",0,0,0,0,0,0
"20378",55,35,48,49,46,42
"50884",4138,3126,2912,3573,2777,3177
"68082",101,73,71,108,90,95
"735274",9,8,5,2,7,10
"69482",194,145,188,152,177,170
"241514",4,4,4,8,5,1
"241516",1,0,0,0,0,0
"69082",2856,2143,2262,2356,2536,2161
"16410",4666,3135,2966,3584,2618,3324
"241520",314,245,179,296,194,265
"71861",0,1,0,0,0,0
"54598",207,159,161,200,146,126
"21788",443,300,311,336,335,292
"672763",73,68,47,58,49,42
"100502854",73,51,46,54,58,50
"12388",4165,3117,3011,3552,2854,3101
"100270744",0,1,0,0,0,0
"72657",41,41,45,32,43,49
"66958",1490,1198,1250,1261,1240,1154
"381379",651,506,515,555,596,506
"228136",3294,2616,2482,2908,2498,2528
"98985",88,88,88,86,81,70
"241525",13,9,15,8,8,7
"387149",0,0,0,0,0,0
"100502874",12,8,10,8,15,23
"12258",162,124,172,138,158,158
"56791",76,78,86,88,80,71
"68678",199,202,195,151,149,172
"30059",303,263,272,305,307,271
"72401",5,6,8,3,3,8
"269295",6,1,1,2,2,1
"58207",60,63,45,73,45,39
"19074",0,0,0,0,0,0
"53856",0,0,0,0,0,0
"228139",22,9,17,37,26,9
"100862344",3,2,0,4,1,1
"20833",2056,1544,1645,1765,1678,1602
"228140",2168,1719,1710,1970,1666,1651
"74687",0,0,2,3,0,0
"23796",1,1,0,0,1,0
"241528",1,0,5,6,6,5
"257951",0,0,0,0,0,0
"258166",0,0,0,0,0,0
"258865",0,0,0,0,0,0
"258427",0,0,0,0,0,0
"258425",0,0,0,0,0,0
"258426",0,0,0,0,0,0
"228151",0,0,0,0,0,0
"258429",0,0,0,0,0,0
"258428",0,0,0,0,0,0
"257899",0,0,0,0,0,0
"258566",0,0,0,0,0,0
"27216",0,0,0,0,0,0
"258563",0,0,0,0,0,0
"258866",0,0,0,0,0,0
"258565",0,0,0,0,0,0
"258255",0,0,0,0,0,0
"258561",0,0,0,0,0,0
"258757",0,0,0,0,0,0
"258562",0,0,0,0,0,0
"258564",0,0,0,0,0,0
"257915",0,0,0,0,0,0
"258579",0,0,0,0,0,0
"259017",0,0,0,0,0,0
"258573",0,0,0,0,0,0
"258582",0,0,0,0,0,0
"258580",0,0,0,0,0,0
"257900",0,0,0,0,0,0
"258577",0,0,0,0,0,0
"257936",0,0,0,0,0,0
"258154",0,0,0,0,0,0
"258581",0,0,0,0,0,0
"257916",0,0,0,0,0,0
"258572",0,0,0,0,0,0
"258571",101,65,86,90,78,73
"258216",5,1,3,4,0,0
"258245",0,0,0,0,0,0
"259151",0,0,0,0,0,0
"259015",0,0,0,0,0,0
"257950",0,0,0,0,0,0
"404323",0,0,0,0,0,0
"257941",0,0,0,0,0,0
"258570",0,0,0,0,0,0
"259013",0,0,0,0,0,0
"18352",0,0,0,0,0,0
"259019",0,0,0,0,0,0
"258575",0,0,0,0,0,0
"259014",0,0,0,0,0,0
"259016",0,0,0,0,0,0
"259018",0,0,0,0,0,0
"404324",0,0,0,0,0,0
"259012",0,0,0,0,0,0
"257974",0,0,0,0,0,0
"259021",0,0,0,0,0,0
"259023",0,0,0,0,0,0
"259020",0,0,0,0,0,0
"404325",0,0,1,0,0,0
"258386",0,0,0,0,0,0
"259022",0,0,0,0,0,0
"259082",0,0,0,0,0,0
"258403",0,0,0,0,0,0
"257880",0,0,0,0,0,0
"258400",0,0,0,0,0,0
"258401",0,0,0,0,0,0
"625853",0,0,0,0,0,0
"258402",0,0,0,0,0,0
"258404",0,0,0,0,0,0
"404473",0,0,0,0,0,0
"258235",0,0,0,0,0,0
"258583",0,0,0,0,0,0
"258585",0,0,0,0,0,0
"258843",0,0,0,0,0,0
"257933",0,0,0,0,0,0
"258844",0,0,0,0,0,0
"258363",0,0,0,0,0,0
"257913",0,0,0,0,0,0
"258362",0,0,0,0,0,0
"258725",0,0,0,0,0,0
"258840",0,0,0,0,0,0
"258842",0,0,0,0,0,0
"258764",0,0,0,0,0,0
"258587",0,0,0,0,0,0
"258584",0,0,0,0,0,0
"228228",0,0,0,0,0,0
"258763",0,0,0,0,0,0
"258085",0,0,0,0,0,0
"258747",0,0,0,0,0,0
"258841",0,0,0,0,0,0
"258762",0,0,0,0,0,0
"258766",0,0,0,0,0,0
"258765",0,0,0,0,0,0
"258586",0,1,0,0,0,0
"258655",0,0,0,0,0,0
"404327",0,0,0,0,0,0
"258294",0,0,0,0,0,0
"257875",0,0,0,0,0,0
"404328",0,0,0,0,0,0
"259031",0,0,0,0,0,0
"258345",0,0,0,0,0,0
"259033",0,0,0,0,0,0
"258347",0,0,0,0,0,0
"259030",0,0,0,0,0,0
"258834",0,0,0,0,0,0
"347712",0,0,0,0,0,0
"347711",0,0,0,0,0,0
"110511",0,0,0,0,0,0
"258346",0,0,0,0,0,0
"258111",0,0,0,0,0,0
"258835",0,0,0,0,0,0
"258652",0,0,0,0,0,0
"258833",0,0,0,0,0,0
"258348",0,0,0,0,0,0
"259032",0,0,0,0,0,0
"258654",0,0,0,0,0,0
"258653",0,0,0,0,0,0
"258101",0,0,0,0,0,0
"258632",0,0,0,0,0,0
"258635",0,0,0,0,0,0
"258630",0,0,0,0,0,0
"258640",0,0,0,0,0,0
"258290",0,0,0,0,0,0
"258317",0,0,0,0,0,0
"258220",0,0,0,0,0,0
"258631",0,0,0,0,0,0
"258103",0,0,0,0,0,0
"258633",0,0,0,0,0,0
"258641",0,0,0,0,0,0
"258636",0,0,0,0,0,0
"258814",0,0,0,0,0,0
"258846",0,0,0,0,0,0
"117005",0,0,0,0,0,0
"258639",0,0,0,0,0,0
"258643",0,0,0,0,0,0
"258845",0,0,0,0,0,0
"117004",0,0,0,0,0,0
"258105",0,0,0,0,0,0
"258638",0,0,0,0,0,0
"258634",0,0,0,0,0,0
"258644",0,0,0,0,0,0
"258291",0,0,0,0,0,0
"258524",0,0,0,0,0,0
"258525",0,0,0,0,0,0
"404329",0,0,0,0,0,0
"546769",0,0,0,0,0,0
"546770",0,0,0,0,0,0
"258767",0,0,0,0,0,0
"258203",0,0,0,0,0,0
"258919",0,0,0,0,0,0
"258920",0,0,0,0,0,0
"258060",0,0,0,0,0,0
"258167",0,0,0,0,0,0
"258522",0,0,0,0,0,0
"258820",0,0,0,0,0,0
"258523",0,0,0,0,0,0
"258921",0,0,0,0,0,0
"258768",0,0,0,0,0,0
"329460",0,0,0,0,0,0
"258748",0,0,0,0,0,0
"258456",0,0,0,0,0,0
"433449",0,0,0,0,0,0
"404330",0,0,0,0,0,0
"258450",0,0,0,0,0,0
"257887",0,0,0,0,0,0
"258897",0,0,0,0,0,0
"258454",0,0,0,0,0,0
"258898",0,0,0,0,0,0
"258455",0,0,0,0,0,0
"258896",0,0,0,0,0,0
"258774",0,0,0,0,0,0
"258453",0,0,0,0,0,0
"258025",0,0,0,0,0,0
"258241",0,0,0,0,0,0
"258900",0,0,0,0,0,0
"258899",0,0,0,0,0,0
"258451",0,0,0,0,0,0
"258895",0,0,0,0,0,0
"258903",0,0,0,0,0,0
"258815",0,0,0,0,0,0
"258901",0,0,0,0,0,0
"258902",0,0,0,0,0,0
"258904",0,0,0,0,0,0
"258177",0,0,0,0,0,0
"258894",0,0,0,0,0,0
"258893",0,0,0,0,0,0
"258969",0,0,0,0,0,0
"258973",0,0,0,0,0,0
"257921",0,0,0,0,0,0
"258785",0,0,0,0,0,0
"258446",0,0,0,0,0,0
"258320",0,0,0,0,0,0
"258974",0,0,0,0,0,0
"258975",0,0,0,0,0,0
"258786",0,0,0,0,0,0
"258972",0,0,0,0,0,0
"258804",0,0,0,0,0,0
"258447",0,0,0,0,0,0
"258970",0,0,0,0,0,0
"258971",0,0,0,0,0,0
"258784",0,0,0,0,0,0
"258788",0,0,0,0,0,0
"258968",0,0,0,0,0,0
"258787",0,0,0,0,0,0
"257984",0,0,0,0,0,0
"258967",0,0,0,0,0,0
"259145",0,0,0,0,0,0
"404331",0,0,0,0,0,0
"258370",0,0,0,0,0,0
"258468",0,0,0,0,0,0
"258979",0,0,0,0,0,0
"258985",0,0,0,0,0,0
"18347",0,0,0,0,0,0
"258984",0,0,0,0,0,0
"258980",0,0,0,0,0,0
"258338",0,0,0,0,0,0
"258983",0,0,1,0,0,0
"258466",0,0,0,0,0,0
"258976",0,0,0,0,0,0
"258790",0,0,0,0,0,0
"258206",0,0,0,0,0,0
"258340",0,0,0,0,0,0
"57272",0,0,0,0,0,0
"258339",0,0,0,0,0,0
"18331",0,0,0,0,0,0
"258987",0,0,0,0,0,0
"257665",0,0,0,0,0,0
"406186",0,0,0,0,0,0
"258789",0,0,0,0,0,0
"258982",0,0,0,0,0,0
"258977",0,0,0,0,0,0
"100042690",0,0,0,0,0,0
"258330",0,0,0,0,0,0
"19271",169,133,139,139,137,146
"59015",357,281,231,279,220,251
"55935",752,543,621,672,574,578
"271813",41,46,30,39,34,31
"56428",2638,2163,2186,2312,2231,2006
"67445",17,7,12,10,15,17
"68349",2556,2024,2188,2267,2334,2068
"67136",523,410,428,436,452,432
"66461",385,284,317,366,378,293
"13046",4537,3392,3306,3694,3192,2975
"279067",2,0,1,0,0,1
"19400",1875,1444,1481,1537,1677,1402
"19182",11202,9415,8818,9426,9545,8533
"68427",1238,942,1107,1029,1091,816
"100862024",0,0,2,0,1,0
"20375",0,1,0,2,0,0
"17868",1,2,0,1,3,5
"228355",369,287,257,245,244,251
"22259",24,15,19,16,14,13
"11432",709,539,555,635,487,579
"107986",33,17,15,18,10,15
"606735",24,24,24,32,22,12
"100503319",81,60,48,61,61,58
"80708",7981,6809,7158,7252,7350,6940
"77038",2272,1730,1800,1789,1765,1613
"228356",574,462,493,479,435,428
"228357",4822,3763,3188,4089,3064,3412
"619941",0,0,0,0,0,0
"75786",1936,1407,1204,1685,1117,1428
"100217458",0,0,0,1,0,0
"14061",160,143,153,157,159,135
"381410",515,411,447,436,421,325
"100862052",2,3,1,3,3,1
"228359",855,626,681,758,645,650
"51897",1036,796,903,943,819,781
"241547",142,112,106,115,104,100
"228361",913,718,695,811,679,676
"12672",9,5,3,6,6,6
"17242",29,30,19,21,24,9
"104418",3435,2637,3344,2978,2830,2518
"26427",694,467,574,573,505,477
"192285",917,680,709,735,605,627
"100316756",0,0,0,0,0,2
"228366",1,0,1,0,3,1
"18633",175,146,175,157,151,134
"75641",2,6,1,7,7,6
"19099",1653,1448,1369,1552,1555,1527
"12953",792,578,604,622,553,582
"320507",4,2,6,3,3,0
"228368",264,220,219,235,219,219
"100043205",0,0,0,0,0,0
"76969",52,41,56,50,32,39
"80976",72,85,50,60,57,70
"100042784",9,8,4,4,5,10
"277414",196,162,166,165,154,155
"241556",7,5,2,9,7,2
"639658",39,30,18,29,27,27
"12521",2492,1838,2079,2232,2154,1851
"100038525",3,0,0,1,0,1
"11695",64,55,72,49,49,57
"14043",1643,1362,1392,1535,1362,1430
"329470",99,68,79,80,86,84
"381411",0,0,1,1,1,0
"620695",350,282,341,281,387,296
"70852",7,2,5,3,5,4
"69113",826,619,677,720,675,646
"56348",1547,1111,1113,1457,1292,1121
"723953",0,0,0,0,0,0
"414123",0,1,0,0,0,0
"735259",0,0,0,0,0,0
"74569",1062,786,824,979,710,768
"66457",79,78,84,63,74,64
"11800",1416,1017,996,1205,1021,1047
"241568",38,35,33,25,31,21
"68170",390,342,322,326,332,300
"19374",0,0,0,0,0,0
"19373",0,0,0,0,0,0
"22034",510,399,327,512,336,333
"72446",4,1,4,11,7,4
"76501",514,456,432,477,506,432
"241576",3008,2544,2418,2753,2459,2333
"100504371",2,0,3,2,0,1
"100504354",3,2,2,3,7,2
"80985",1640,1282,1256,1528,1233,1219
"14221",111,95,136,157,156,112
"210622",9,1,3,5,6,10
"20511",85,52,50,78,58,44
"12505",2578,1787,1760,2400,2109,2082
"27402",1303,1100,1006,1110,988,991
"56369",377,269,240,274,258,279
"13661",1,2,0,0,0,2
"319854",2,0,0,0,0,0
"13711",0,0,0,1,0,0
"12359",1127,838,873,1088,942,907
"100862111",0,0,1,0,0,0
"99382",965,745,845,999,806,797
"98956",973,725,789,818,775,703
"53872",6242,4854,4774,5784,4947,4699
"78031",1,0,0,1,0,0
"16909",69,50,62,55,77,61
"70986",7,12,5,8,4,4
"57443",1200,911,919,951,918,884
"100038697",1,0,0,0,0,0
"333883",21,15,15,14,17,13
"12509",189,145,183,162,155,119
"68243",2,0,0,0,1,0
"241589",49,34,40,33,24,34
"15259",7800,5939,5055,6405,5035,5946
"100316678",0,0,0,0,0,0
"668733",0,0,0,0,0,0
"74959",38,36,39,32,22,38
"228410",748,549,568,642,519,558
"320554",112,75,86,110,80,111
"241593",0,0,1,0,0,0
"211896",66,74,50,60,54,50
"99003",1684,1252,1123,1385,896,1129
"228413",510,414,306,438,296,356
"211936",20,23,10,11,17,11
"98221",1985,1648,1655,1765,1675,1585
"329480",0,0,0,0,0,0
"22431",0,1,3,0,2,2
"74088",1,0,0,0,0,0
"19672",3353,2397,2605,2655,2409,2379
"100862167",0,0,0,0,0,0
"402728",0,0,0,0,0,0
"18508",1,4,5,2,4,1
"100504545",0,0,0,0,0,0
"77766",221,185,166,229,197,180
"66541",312,270,204,259,229,206
"99349",158,139,136,147,155,147
"329482",0,0,0,0,0,0
"329483",0,0,0,0,1,0
"77015",39,25,38,22,31,15
"320230",0,0,0,0,0,0
"791267",0,0,0,0,2,1
"212772",398,273,341,391,309,273
"14308",0,0,0,0,0,0
"16492",6,2,4,0,2,5
"76894",96,89,69,83,81,77
"228421",21,11,10,15,13,8
"12064",389,274,317,352,356,346
"22343",1002,719,693,773,689,641
"100038454",0,1,2,1,1,2
"107515",321,221,268,287,248,254
"68201",148,114,128,133,136,95
"75517",0,0,0,0,0,0
"170442",9,9,8,7,7,9
"67606",788,632,610,600,581,514
"241612",7,4,2,4,2,4
"228432",198,102,109,125,92,124
"269328",12,7,7,14,8,13
"668802",0,0,0,1,0,0
"623270",0,0,0,0,0,0
"67575",0,0,0,0,0,0
"257980",0,0,0,0,0,0
"258390",0,0,0,0,0,0
"258391",0,0,0,0,0,0
"258389",0,0,0,0,0,0
"258388",0,0,0,0,0,0
"258910",0,0,0,0,0,0
"257979",0,0,0,0,0,0
"258909",0,0,0,0,0,0
"228443",0,0,0,0,0,0
"258379",0,0,0,0,0,0
"545447",0,0,0,0,0,0
"277562",0,0,0,0,0,0
"257935",0,0,0,0,0,0
"258395",0,0,0,0,0,0
"258399",0,0,0,0,0,0
"257662",0,0,0,0,0,0
"258887",0,0,0,0,0,0
"258398",0,0,0,0,0,0
"258890",0,0,0,0,0,0
"258888",0,0,0,0,0,0
"258886",0,0,0,0,0,0
"258199",0,0,0,0,0,0
"258889",0,0,0,0,0,0
"258891",0,0,0,0,0,0
"258397",0,0,0,0,0,0
"668825",1,0,0,0,0,0
"258396",0,0,0,0,0,0
"258023",0,0,0,0,0,0
"257956",0,0,0,0,0,0
"258258",0,0,0,0,0,0
"258439",0,0,0,0,1,0
"258441",1,0,1,0,0,0
"258271",0,0,0,0,0,0
"258359",0,0,0,0,0,0
"258257",0,0,0,0,0,0
"258442",1,1,1,0,0,0
"258737",0,0,1,0,0,0
"258440",0,0,0,0,0,0
"258022",3,0,0,1,1,2
"99010",265,219,252,220,244,206
"213765",5,0,0,1,1,1
"66181",696,502,513,610,629,509
"107723",914,729,591,792,563,687
"68032",1107,862,887,1011,950,855
"72425",563,401,398,495,485,353
"73024",1450,1148,1142,1249,1214,1086
"213788",0,1,0,0,0,0
"74268",361,267,307,304,326,244
"100504639",0,0,1,0,0,0
"20192",610,380,364,530,335,393
"75275",0,0,0,0,0,0
"14260",417,296,278,404,275,288
"75166",2,0,0,2,1,0
"23892",973,667,547,849,585,629
"100862246",0,0,0,0,0,1
"20394",6,6,9,4,4,3
"228482",150,104,89,138,82,108
"100862258",900,680,769,764,806,747
"14617",7,5,4,4,3,7
"320846",0,0,0,0,0,0
"11464",134030,118421,121757,120137,112601,118261
"100303644",801,686,665,680,613,614
"11834",2026,1632,1582,1909,1347,1510
"228491",445,319,356,344,327,345
"66632",138,102,108,141,117,99
"78193",0,0,0,0,0,0
"100043232",0,0,0,0,0,0
"399568",40,20,43,58,34,30
"100316703",0,0,0,0,0,0
"17536",208,120,153,176,158,156
"72603",10,11,11,9,5,12
"654793",1,2,9,3,3,1
"69974",0,2,1,1,2,1
"67356",0,0,0,1,0,0
"320975",8,2,2,3,4,4
"241621",0,0,0,0,0,0
"114715",575,384,367,456,365,407
"732489",0,0,0,0,0,0
"68215",738,619,634,636,668,540
"19419",7,11,4,12,6,7
"100504728",1,0,2,0,0,3
"73938",0,0,0,0,1,0
"21825",13260,8757,8944,11746,8485,10065
"71313",5,2,2,0,3,1
"381413",251,155,206,239,227,190
"73358",0,0,0,0,0,0
"27103",347,258,239,297,238,226
"20813",2330,1802,1817,2039,2103,1758
"171543",100,58,74,71,71,57
"12236",60,24,31,34,29,21
"214230",11,16,11,9,13,13
"383787",3,2,2,0,1,3
"18796",0,0,0,2,0,1
"100043272",584,431,471,500,498,382
"214239",1963,1526,1502,1506,1393,1238
"53906",0,0,0,0,0,0
"214240",128,90,114,119,92,94
"51944",18,9,16,10,6,5
"56357",1173,941,968,963,956,939
"228536",835,668,629,758,707,669
"72136",262,157,198,209,235,206
"269336",233,196,207,230,208,207
"271842",141,97,121,123,111,103
"76464",0,0,2,5,1,3
"19361",23,10,10,14,19,13
"67809",395,242,334,370,326,286
"320415",12,16,18,18,16,14
"69408",204,192,182,184,181,187
"623781",61,59,37,70,60,52
"72008",192,163,176,192,169,159
"72112",0,0,0,0,0,0
"20732",5,3,6,6,3,6
"228543",3,1,2,0,0,0
"100502626",2,1,3,2,0,1
"228545",687,478,553,636,545,557
"100043609",0,0,0,0,0,0
"54485",0,0,5,4,2,1
"100862328",0,0,0,0,0,0
"69065",125,92,114,194,128,79
"68142",696,541,539,652,468,529
"241624",61,46,54,55,43,52
"56398",1461,1156,1081,1322,1079,1180
"100862335",4,0,0,1,1,0
"66602",1656,1287,913,1495,831,1158
"70645",2,11,4,10,2,7
"108907",14,14,14,9,15,9
"69702",594,474,530,487,541,514
"625328",21,25,22,43,42,37
"76246",1074,868,912,966,1050,853
"228550",1,2,2,1,4,2
"17005",1,0,0,0,2,1
"68925",762,571,553,624,540,551
"22174",376,296,288,263,287,292
"29808",1717,1186,957,1362,863,1099
"26390",598,437,380,507,355,349
"433466",206,135,200,179,196,151
"211429",229,188,239,205,217,166
"640524",473,336,314,381,270,249
"98878",14592,11901,11707,12685,11671,10988
"329502",39,33,35,45,25,28
"78390",0,0,0,0,0,0
"271844",2,4,1,1,3,1
"269338",1082,923,856,986,870,921
"211499",834,600,662,625,659,546
"76051",329,268,228,249,230,223
"70933",21,13,10,7,9,9
"12335",7604,6203,6429,6254,5367,5727
"20402",47715,39242,31900,40598,29647,34446
"20619",1396,1150,1042,1105,969,1000
"66606",495,411,390,422,404,398
"66296",381,296,292,349,313,320
"68968",243,197,216,213,184,145
"140810",416,336,221,323,254,281
"100502700",10,4,6,4,3,9
"22222",1101,797,628,920,615,707
"96957",998,791,781,897,753,797
"17151",1180,904,933,1022,1029,899
"13828",0,0,0,1,0,0
"74176",1,0,2,2,2,2
"640543",0,0,0,0,1,0
"329504",225,196,199,219,200,178
"75894",177,140,133,147,115,113
"99334",360,272,259,318,253,267
"51885",418,336,299,337,258,289
"27223",2848,2104,2058,2476,1820,2067
"17754",8945,6941,5833,8287,5503,6880
"327655",407,330,317,349,331,353
"12716",4,0,6,7,2,1
"140476",0,1,5,1,0,1
"212670",68,53,70,66,75,38
"14827",7661,5617,6123,6765,6344,5602
"269344",10,11,19,20,10,12
"378702",6266,5173,5125,5446,5822,4839
"574418",77,44,78,66,54,34
"67693",2188,1805,1952,1924,2116,1780
"100034361",2811,2132,1743,2451,2093,2040
"67532",3232,2103,2485,2868,2485,2423
"241627",100,59,65,92,65,52
"228564",59,42,38,40,31,50
"319996",1566,1203,1073,1197,1022,1108
"17147",11,4,6,4,6,6
"329506",330,269,246,297,242,247
"78655",3545,2723,2834,3210,2982,2673
"214585",711,504,491,663,516,531
"67578",2,2,1,3,0,0
"12010",2640,1990,1919,2308,1988,1879
"70928",3,0,0,1,5,1
"74401",0,0,0,0,0,0
"670832",2,0,0,0,1,0
"20322",594,556,474,502,457,517
"214593",4,14,9,9,10,6
"66811",2,3,4,2,5,2
"213696",48,33,43,36,35,34
"99439",8,4,8,14,4,6
"435684",316,255,291,292,291,271
"269346",1,1,0,0,0,1
"81913",3,2,1,5,3,5
"381417",0,0,0,0,0,0
"67092",3667,2862,2630,3648,3028,2726
"214616",19,24,30,39,34,27
"433470",36,25,46,49,32,44
"387165",0,0,0,0,0,0
"22785",3116,2531,2295,2367,2091,2241
"18457",837,633,695,699,702,646
"59010",332,241,246,316,287,241
"74702",0,0,0,0,0,0
"75946",0,0,0,0,0,0
"214968",190,146,145,152,146,188
"317750",20,12,5,14,11,16
"17876",954,713,693,793,684,596
"100502835",0,0,0,0,0,0
"381418",0,0,0,0,0,1
"20495",3,2,2,2,4,3
"100502853",5,1,3,2,7,4
"110074",86,48,72,67,88,61
"14118",7193,4534,3954,6234,3756,5114
"99100",107,59,71,73,71,57
"271849",176,170,144,167,167,143
"58521",1848,1549,1531,1656,1694,1552
"70354",1440,1056,958,1266,898,1067
"12848",3844,3072,2776,3280,2934,2819
"69976",611,449,434,565,472,437
"75823",1,0,0,0,0,1
"14178",726,454,461,641,557,502
"69185",138,120,98,101,119,100
"241633",22,11,8,20,14,7
"26458",1,1,3,0,0,0
"15186",0,2,2,5,6,0
"14391",343,313,278,341,300,287
"84092",1863,1351,1330,1629,1324,1332
"75083",2,0,0,0,0,0
"58800",1195,820,810,937,709,799
"66552",2303,1746,1689,1878,1666,1672
"108011",586,468,429,555,397,434
"109778",143,124,142,120,119,92
"215387",76,63,59,55,44,50
"73338",44,34,45,45,45,36
"329509",18,15,18,14,14,13
"320632",2909,2232,1902,2585,1773,2253
"26371",1159,1015,1028,1053,1023,963
"69470",1843,1473,1407,1617,1501,1456
"99138",2764,2219,2194,2264,2152,2130
"13537",353,273,321,275,282,239
"215095",14,17,7,10,11,12
"11552",0,2,1,2,3,1
"215456",2,1,3,3,0,0
"68126",106,102,118,112,105,91
"56461",14,17,16,13,13,19
"192212",42,49,55,67,48,43
"72180",105,70,70,81,63,63
"77721",674,547,559,600,588,550
"100861602",13,9,5,11,13,11
"17153",60,54,46,44,49,47
"100038529",0,0,0,0,0,0
"228576",54,50,41,58,50,44
"53885",717,599,533,639,547,592
"67885",228,182,208,168,212,184
"12235",6,6,3,4,3,4
"74121",0,0,2,3,2,2
"100503008",0,0,0,0,0,0
"12125",148,95,105,115,104,110
"100043424",142,127,123,128,147,110
"241634",0,0,0,0,0,0
"100503333",0,0,0,0,0,0
"17222",2226,1651,1506,1835,1389,1666
"17289",17,13,13,16,6,6
"72477",522,375,351,459,418,359
"70370",25,19,11,17,17,24
"57432",146,114,83,113,113,85
"78751",165,155,164,191,138,139
"668894",32,34,31,45,24,28
"100503381",2,3,1,3,1,2
"69737",1158,979,909,1179,957,959
"20017",792,674,672,735,630,698
"66170",134,114,105,163,135,109
"100048701",1,0,1,0,2,0
"20515",744,477,555,582,612,483
"329513",1,0,0,0,0,0
"70466",14,9,7,7,10,1
"100503468",8,9,7,8,13,13
"16175",0,3,1,1,1,0
"16176",10,9,4,7,7,15
"329514",0,0,0,2,0,0
"668896",2,2,2,2,5,8
"228592",2,0,0,0,0,0
"19261",362,250,264,304,303,275
"18610",2,0,1,1,0,0
"654409",42,31,28,31,20,28
"67333",211,180,172,184,164,142
"21818",0,2,1,0,0,0
"99169",0,0,0,0,0,0
"241636",0,0,1,0,0,0
"20638",2135,1685,1782,1802,1857,1790
"192140",1,1,2,0,4,1
"67134",1558,1216,1330,1340,1372,1153
"100217452",0,2,1,0,0,0
"100217428",0,0,0,0,0,0
"170718",2518,2045,2062,2134,2128,1905
"228598",19,9,22,24,14,10
"56264",59,47,59,62,62,47
"75656",1,3,3,1,0,2
"66766",4,0,2,3,2,3
"319513",188,129,174,194,180,149
"80743",568,495,504,525,509,499
"19262",1247,947,948,1160,974,1023
"321014",4,3,4,7,1,5
"99045",451,365,431,416,534,413
"18429",0,0,0,0,0,0
"11998",0,0,0,0,0,0
"140629",198,177,172,198,158,153
"380601",395,300,305,325,282,288
"241638",227,193,207,210,165,158
"77006",1196,964,1015,1177,1063,952
"16434",599,496,513,573,579,483
"100861692",1,0,0,0,0,0
"269356",31,24,30,36,36,24
"228602",993,601,699,816,592,628
"100043766",36,33,30,31,26,25
"613258",88,63,47,72,64,57
"11990",1780,1341,1186,1586,1089,1295
"14588",10,9,7,18,17,15
"110751",9,2,7,9,9,1
"20612",4,3,3,2,0,2
"72630",66,58,47,51,55,51
"67326",253,220,242,259,248,224
"70997",91,79,101,89,89,79
"12616",2909,2468,2587,2808,2853,2409
"12531",401,355,399,378,353,296
"69596",352,271,306,351,324,287
"228607",888,680,632,763,693,648
"74450",586,451,495,457,508,426
"723825",0,0,1,0,0,0
"51902",257,205,195,201,156,171
"228608",1002,883,938,970,941,930
"11550",16,13,15,16,14,16
"414081",0,0,0,0,0,0
"71995",1,0,0,0,1,0
"19122",6805,5419,5185,5944,5440,5153
"26434",10,3,6,12,8,6
"215653",172,130,139,181,116,151
"100861699",0,0,0,0,0,0
"54338",989,729,669,757,582,678
"70612",380,350,362,363,397,339
"18538",598,491,501,568,521,481
"110911",5164,3874,3631,4067,3522,3426
"246313",3,7,8,5,4,5
"70845",0,0,0,0,0,0
"70371",0,0,0,0,0,0
"100038551",0,0,0,0,0,0
"74182",280,206,240,251,236,216
"767814",0,0,0,0,0,0
"73747",26,28,20,23,45,22
"12653",24,20,21,17,6,17
"66926",763,581,601,690,646,592
"66634",23,17,34,20,21,22
"66586",490,382,399,400,428,356
"320974",0,3,1,0,0,0
"241639",2,0,0,0,1,1
"12156",179,111,126,140,136,124
"100526500",0,0,0,0,0,0
"15112",3,3,6,5,4,2
"52837",1551,1301,1273,1312,1153,1296
"18795",15,6,12,15,7,20
"78805",0,0,0,0,0,0
"320684",0,0,0,0,0,0
"18798",950,735,759,859,661,768
"76161",1,1,0,0,0,0
"241656",1,1,2,1,0,0
"228642",0,0,0,0,0,0
"319196",1,0,0,3,0,0
"20614",37,21,34,17,20,16
"59030",609,534,527,538,550,481
"74243",93,66,48,68,60,49
"16449",152,116,106,130,124,123
"228662",605,411,414,493,371,473
"100316816",0,0,0,0,0,0
"228677",4,0,0,0,0,0
"319909",10,7,4,5,6,3
"75812",172,111,116,131,118,120
"66580",1131,795,843,841,923,759
"69487",270,234,215,189,166,171
"228684",0,0,0,1,1,0
"72899",53,48,41,62,48,59
"71436",35,14,25,28,16,19
"100503716",0,0,0,0,0,0
"100038667",0,0,0,0,0,0
"16558",791,622,546,779,563,607
"20639",617,480,500,562,500,466
"57329",0,0,0,0,0,0
"378776",1,0,0,0,1,2
"18549",18,10,21,18,17,18
"378775",0,0,0,0,0,0
"12075",5,4,4,2,2,3
"100043534",0,0,0,0,0,0
"56431",1626,1094,1186,1466,1347,1283
"81910",3820,2505,2992,3128,2935,2794
"403171",0,0,0,0,0,0
"433481",1,0,1,0,0,1
"69178",2371,1927,1892,2226,2084,1904
"100313519",0,1,0,6,2,0
"74528",114,93,98,123,146,85
"107586",0,1,0,0,0,0
"100048644",0,0,0,0,0,0
"228714",382,277,325,338,316,239
"668917",7,6,7,6,13,7
"171588",0,0,3,0,0,0
"241688",8,14,20,17,12,16
"70408",437,319,345,346,315,281
"26450",218,124,159,166,161,138
"27054",901,780,816,783,748,694
"228715",164,145,138,150,173,134
"66044",181,145,148,205,199,160
"66328",0,0,0,0,0,0
"94249",338,261,252,258,238,233
"627302",0,0,0,1,0,0
"408057",12,8,7,12,10,3
"74030",337,220,268,280,246,266
"67877",670,511,574,586,622,519
"66877",1061,776,724,861,817,757
"78774",1,0,1,1,0,1
"100503181",0,0,0,0,0,0
"53626",0,0,0,0,0,0
"241694",246,181,121,199,138,166
"77806",0,0,2,0,0,0
"74065",0,0,0,0,0,0
"228730",349,266,264,275,278,281
"24128",1846,1455,1266,1496,1325,1336
"228731",0,0,0,0,0,0
"18088",0,0,0,0,0,0
"100313531",0,0,0,0,0,0
"99041",0,0,0,0,0,0
"18503",0,0,2,1,2,2
"381384",0,0,1,0,0,0
"15376",0,0,0,0,0,0
"20608",0,0,0,0,0,0
"21824",327,268,248,361,317,294
"17064",14,9,11,9,16,9
"56488",124,98,109,104,124,81
"74533",1429,1153,1100,1165,1071,1043
"17957",1538,1153,1403,1299,1163,921
"228756",4,3,2,1,0,5
"78240",0,0,0,0,0,0
"78609",0,0,0,0,0,0
"69362",0,0,0,0,0,0
"13012",0,0,0,0,0,0
"69294",0,0,0,0,0,0
"13013",0,0,0,0,0,0
"77705",0,0,0,0,0,0
"100503216",1,0,0,0,0,0
"13010",2064,1677,1778,1874,2089,1500
"433483",0,0,0,0,0,0
"58214",0,0,0,0,0,0
"100503289",0,0,0,0,0,0
"433485",0,0,3,1,1,0
"104348",291,227,213,243,195,241
"100271882",0,0,0,0,0,0
"245174",57,47,45,72,57,45
"100504621",12,15,14,13,18,5
"100216455",0,0,0,0,0,0
"69277",18,16,15,25,15,17
"668923",88,61,50,79,46,51
"545471",0,0,0,1,0,0
"13011",0,0,1,0,0,0
"71881",348,335,299,330,339,298
"100861792",0,0,0,0,0,0
"68738",14,15,12,6,9,10
"109344",0,0,1,1,1,1
"114889",0,0,0,0,0,0
"12497",136,78,123,146,119,100
"110078",428,380,424,384,364,372
"76192",545,399,432,537,535,500
"69270",14,17,16,22,25,12
"78177",313,265,207,297,244,209
"67311",120,86,111,79,84,79
"433486",0,0,0,0,0,0
"381390",0,0,0,0,0,0
"100038513",1,1,1,1,0,0
"74660",0,0,0,0,0,0
"100502706",0,0,0,0,0,0
"100125594",0,0,0,0,0,0
"381393",0,0,0,0,0,0
"386649",2047,1527,1721,1707,1924,1653
"14225",3498,2926,3179,3413,3560,3025
"228765",3,4,3,11,6,10
"241727",13,5,11,19,5,9
"668929",0,0,1,0,0,0
"228767",0,0,2,0,0,0
"108832",2,5,0,3,2,1
"228769",432,292,350,378,315,301
"75283",0,0,0,0,0,0
"228770",1,0,4,0,0,3
"11602",55,46,51,83,69,68
"100316704",1,0,0,1,0,0
"73847",470,376,410,409,441,394
"69698",24,12,13,11,10,13
"545474",0,2,1,0,0,0
"76650",1232,879,728,1274,1146,1032
"21407",0,0,0,0,0,0
"12995",4790,3885,3538,4179,3692,3431
"67231",1077,847,845,927,898,808
"24105",1000,805,846,928,894,773
"228775",123,100,122,177,158,98
"791417",1,0,1,1,1,0
"228777",1,1,3,0,1,0
"20667",372,289,348,385,307,326
"67917",179,163,185,157,190,164
"228778",2,0,7,1,0,1
"629114",0,0,0,0,0,0
"319579",0,0,0,0,0,0
"442835",0,0,0,0,0,0
"654457",0,0,0,0,0,0
"545475",0,0,0,0,0,0
"75400",0,0,0,0,0,0
"403172",0,0,0,0,0,0
"246700",0,0,0,0,0,0
"433490",0,0,0,0,0,0
"266620",7,6,15,7,8,6
"654459",3,1,2,1,1,3
"19700",54,54,43,61,60,46
"14950",2570,2048,2198,2445,2325,2131
"66405",138,123,124,137,131,140
"15901",143,121,135,139,147,134
"84682",0,0,2,0,5,1
"12048",1389,1083,1129,1270,1180,1106
"72119",51,38,60,39,36,36
"228785",311,284,339,292,289,307
"14239",41,29,34,47,36,29
"252864",9,10,7,13,13,8
"74711",1,1,3,3,6,1
"68559",1985,1578,1728,1726,1791,1476
"228787",0,0,0,0,0,0
"228788",1,2,0,2,4,2
"15162",6,2,3,7,1,6
"99237",1731,1267,1344,1541,1370,1342
"100504160",0,0,1,1,1,0
"241732",23,18,24,19,24,16
"54711",530,342,387,434,399,339
"140484",878,672,663,757,712,690
"16569",1422,1173,1027,1350,1022,988
"72326",50,38,47,53,47,46
"228790",2565,1957,1897,2116,1603,1858
"329540",61,48,53,56,53,57
"99311",615,494,491,509,469,461
"13436",11,6,15,16,10,12
"13589",3164,2439,2351,2687,2537,2362
"329541",1,2,4,1,1,1
"76407",0,0,0,0,0,0
"66557",0,0,0,0,0,0
"228796",0,0,1,0,0,1
"378700",0,0,0,0,0,0
"381399",0,0,0,0,0,0
"545477",0,0,0,0,0,0
"19194",0,0,0,0,0,0
"73388",0,0,0,0,0,0
"18843",0,0,0,0,1,0
"67135",0,0,0,0,0,0
"228801",0,0,0,0,0,0
"228802",0,0,0,0,0,0
"71425",0,0,0,0,0,1
"433492",0,0,0,0,0,0
"66971",140,120,106,131,110,93
"20648",1409,1188,1220,1268,1234,1189
"12396",841,692,608,767,630,666
"56846",58,51,60,49,53,47
"75480",14,26,18,19,30,31
"70362",1,6,1,3,2,0
"13555",242,161,154,191,205,148
"59038",180,122,112,144,146,146
"228807",109,88,88,93,92,79
"100504252",0,0,0,0,0,0
"75608",2844,2375,2463,2746,2697,2262
"668936",18,5,14,13,9,12
"19383",5203,4211,4406,4676,4871,4014
"67204",4608,3566,3885,4006,4141,3294
"50518",0,0,0,0,0,0
"269378",1677,1320,1246,1214,1393,1289
"100504268",0,0,0,0,0,0
"16396",1557,1146,1023,1380,994,1077
"67068",2152,1687,1833,1858,1934,1753
"66734",2600,2268,2435,2303,2568,2392
"228812",411,374,405,360,356,361
"735287",0,0,0,0,0,0
"68728",11059,9167,8836,9831,8543,8310
"56406",1314,956,798,1099,770,994
"207182",294,263,251,279,265,237
"60525",1415,1140,1119,1290,1126,1291
"74945",5,3,6,2,0,4
"14854",1604,1357,1419,1472,1418,1251
"668940",1655,1291,2307,1755,1802,1540
"735275",0,0,1,0,0,0
"56407",3456,2612,2637,2889,2702,2592
"108687",242,208,211,261,256,238
"19124",215,128,144,240,258,182
"17391",3,0,0,1,4,2
"613262",292,261,314,339,339,327
"16418",1282,1026,1040,1114,1216,1007
"71405",1,2,8,6,11,4
"56046",2202,1815,1706,1887,1750,1544
"14563",41,25,35,36,34,30
"16328",817,565,525,690,602,560
"320095",17,15,13,13,11,12
"66366",1898,1502,1609,1567,1742,1544
"74562",1,2,2,0,0,0
"245865",19,17,25,29,22,18
"266692",775,559,586,593,548,492
"75710",482,324,348,406,339,378
"18041",1362,1092,1163,1093,1079,1036
"67067",799,632,673,667,730,658
"170791",2681,2150,2443,2529,2396,1961
"228829",1415,1026,996,989,948,944
"19018",43,53,106,123,242,116
"70873",55,37,42,56,40,48
"347740",9053,7104,6949,7607,7321,6715
"13821",1591,1286,1211,1344,1165,1209
"68295",1056,813,846,817,753,846
"100504350",0,0,0,0,1,0
"228836",18374,14081,16009,15545,14980,13133
"74846",13,7,11,8,4,7
"98932",1588,1316,1745,1230,1130,1472
"100504361",54,43,35,31,24,19
"228839",208,176,189,196,191,183
"74487",26,13,18,18,20,14
"74704",14,15,19,17,14,9
"67388",345,239,282,340,334,264
"77799",6,5,4,4,3,7
"29812",730,551,625,642,601,510
"66934",82,59,70,69,49,58
"320706",1060,707,618,913,639,704
"383766",3,2,1,2,5,0
"56045",419,332,352,350,320,348
"100628585",0,0,0,0,0,0
"19650",93,90,82,92,81,82
"100043882",7,2,0,1,0,1
"629499",3,3,1,5,3,3
"20014",3178,2548,2611,2706,2613,2572
"100861927",4,8,6,7,5,4
"14601",0,0,1,0,0,0
"69161",520,434,418,442,466,386
"20779",644,533,565,658,565,603
"100046034",1,3,3,0,1,2
"53619",487,350,413,504,493,380
"18111",38,21,24,24,13,7
"66642",677,526,540,591,593,512
"277432",2,2,1,0,0,1
"75425",529,407,426,493,457,415
"70470",939,774,734,756,664,638
"72340",0,1,0,0,0,4
"21817",816,779,841,732,744,646
"228846",54,41,47,42,40,41
"73399",0,0,0,0,0,0
"329547",0,0,0,0,0,0
"16803",53,32,33,43,48,30
"68108",140,135,158,161,151,118
"319317",63,53,63,74,61,34
"228850",1614,1229,1126,1343,1029,1277
"246747",0,1,0,0,1,0
"545481",1,0,0,0,0,1
"100045469",0,0,1,1,0,0
"22348",0,0,0,0,0,0
"109275",108,85,99,105,127,78
"100499529",0,0,0,0,0,0
"228852",84,79,86,70,57,59
"71878",20,10,9,3,3,11
"71715",287,207,248,275,278,224
"71081",0,0,0,0,0,0
"71613",0,0,0,1,0,1
"329554",0,2,0,4,1,3
"16658",627,465,492,645,607,452
"21969",6024,4411,4677,4920,4886,4268
"100861957",0,0,1,0,0,0
"18803",1939,1385,1276,1512,1253,1320
"320799",973,825,630,861,651,774
"64899",780,701,686,797,671,658
"280635",7,8,1,16,7,7
"100861963",0,0,0,0,0,1
"71389",728,514,473,648,399,490
"383770",2,4,3,0,10,2
"19281",11,10,11,4,5,7
"77645",0,0,0,0,0,0
"77288",0,0,0,0,0,0
"100504524",18,10,17,13,13,9
"67996",2894,2210,2416,2352,2212,2051
"100862002",0,0,0,0,0,0
"241764",3,2,3,1,1,0
"27219",0,0,0,0,0,0
"245866",377,290,279,299,273,271
"100504576",0,0,0,0,0,0
"17865",12,7,12,7,7,2
"68236",0,0,0,0,0,0
"100504589",0,0,0,0,1,0
"269389",87,71,60,79,61,50
"59091",10682,9232,9798,10390,9998,9024
"66680",593,476,489,509,441,430
"228858",6,9,6,6,2,3
"228859",1022,822,753,947,790,826
"69517",0,1,1,0,1,1
"100043899",1607,1257,1486,1347,1361,1300
"68314",9,0,3,4,7,2
"15378",0,0,0,2,1,0
"76080",748,548,490,582,488,516
"26943",8533,6404,6319,6620,5993,6079
"100862033",4,4,1,3,1,0
"68386",2,0,0,0,0,1
"18769",8752,7722,7696,7957,8363,7514
"100504604",16,15,30,17,22,21
"11486",66,34,55,48,46,43
"22403",183,122,162,179,180,143
"241769",0,0,0,0,0,0
"241770",24,21,15,15,16,22
"54401",3890,3102,3045,3453,3180,2926
"381404",34,33,33,38,29,14
"67145",943,769,767,823,809,722
"58231",1364,1109,937,1207,991,976
"16538",0,0,0,1,0,0
"209232",0,0,0,0,0,0
"192200",0,0,0,0,0,0
"68221",0,0,0,0,0,0
"192201",0,0,0,1,0,0
"53878",0,0,0,0,0,0
"329557",0,0,0,0,0,0
"20941",0,0,0,0,0,0
"64335",0,0,0,0,0,0
"20945",0,0,0,0,0,0
"20944",0,0,0,0,0,0
"20568",53,55,60,59,55,56
"17183",5,2,3,9,6,5
"19668",0,0,0,0,1,0
"20971",1823,1392,1516,1447,1508,1229
"66460",124,119,144,132,169,124
"73603",2,6,8,3,5,3
"52840",115,94,99,100,123,106
"78928",1246,1025,1194,1128,1129,1188
"67701",0,0,0,1,0,0
"629747",0,0,0,1,0,0
"209351",0,0,0,0,0,0
"75526",1,0,0,0,0,0
"277343",0,0,0,1,0,0
"433502",0,0,0,0,0,0
"277345",0,0,0,0,0,0
"629754",0,0,0,0,0,0
"629756",0,0,0,0,0,0
"629761",0,0,0,0,0,0
"408190",0,0,0,0,0,0
"78239",0,0,0,0,0,0
"641368",0,0,0,0,0,0
"71856",1,1,1,0,7,0
"76233",702,620,592,617,710,563
"68612",52,38,53,32,26,40
"21925",50328,40916,43538,41133,46611,39778
"101113",465,425,442,423,457,414
"170789",215,158,160,161,196,151
"67538",100,79,93,83,107,77
"71971",299,252,245,248,289,250
"75642",2,2,1,2,0,0
"415115",185,148,161,142,206,166
"19025",2553,1985,2191,2415,2135,2017
"18830",245,192,210,231,199,165
"228866",344,293,246,307,329,276
"329559",823,664,672,670,609,556
"629777",33,43,42,40,31,28
"17395",78,30,39,65,36,53
"57138",42,41,28,44,39,31
"228869",702,577,614,567,555,541
"21939",61,40,38,50,38,37
"72211",0,0,0,0,0,0
"104010",0,1,2,2,5,0
"100862070",0,0,0,0,0,0
"228875",650,513,607,624,600,516
"140579",1104,887,904,1014,841,854
"381405",0,0,0,0,0,0
"228876",285,221,236,253,228,214
"74614",4,5,7,4,4,7
"114644",4,1,0,2,2,1
"381406",235,197,200,224,233,225
"170441",58,28,51,45,40,34
"14049",1,2,3,1,2,0
"228880",1181,860,1071,1091,867,865
"17979",386,328,290,373,258,318
"72043",1354,981,956,1228,1034,1134
"670775",0,0,0,0,0,0
"319684",2,3,5,2,1,4
"277360",166,103,114,115,99,80
"76367",124,92,111,106,140,113
"99371",1401,1113,930,1200,805,933
"110750",2261,1854,1711,1999,1681,1744
"20853",2814,2313,2280,2432,2097,2117
"228889",898,664,721,789,765,713
"98999",950,739,672,890,640,743
"68949",300,209,283,249,284,197
"100217443",8,4,6,1,8,2
"16500",2146,1700,1453,1875,1407,1738
"19223",544,443,434,539,467,442
"56336",1438,1077,1208,1231,1247,1126
"77031",676,521,573,651,582,547
"263876",533,383,427,459,422,392
"81018",501,365,445,434,376,377
"20613",205,133,149,160,171,174
"66589",6763,5346,5405,5880,5935,5012
"407243",2366,1768,1868,2045,1852,1684
"12608",140,121,167,163,233,144
"329562",18,20,20,15,28,11
"19246",1118,907,887,1030,946,903
"69553",65,54,68,51,49,48
"58220",32,20,34,24,26,19
"77017",0,1,1,1,0,1
"11538",2436,1844,1820,2045,1664,1878
"13480",664,597,562,604,610,494
"69372",150,116,126,123,161,134
"241794",0,5,2,1,2,0
"18019",331,306,286,370,254,296
"100038688",0,0,0,0,1,0
"11981",1820,1492,1483,1490,1470,1617
"99377",4,0,0,0,3,2
"100502777",19,13,14,13,13,18
"22722",263,260,299,277,287,287
"75508",0,0,0,0,0,0
"619302",0,0,0,0,0,0
"228911",31,33,28,29,22,15
"446211",0,0,1,1,1,0
"100043910",0,0,0,0,2,1
"228913",341,270,233,322,226,230
"100502923",0,0,0,0,0,0
"76960",6,2,3,1,7,0
"73303",0,0,0,0,1,0
"13081",0,2,0,0,0,0
"109054",273,174,206,188,228,196
"100502946",7,2,5,4,3,0
"67637",0,0,0,0,0,0
"76829",34,28,35,36,32,32
"75655",0,0,0,0,0,0
"228942",0,0,1,0,0,0
"17201",0,0,0,0,0,0
"67017",233,162,183,186,217,183
"20878",39,25,29,15,20,30
"67337",706,553,574,595,625,574
"320664",10,2,5,7,6,10
"66404",1381,1092,1247,1232,1286,1086
"654821",7,6,3,5,1,2
"76426",3,4,2,2,2,1
"21420",16,15,19,14,6,8
"12162",1,2,1,1,1,0
"26972",0,0,1,0,0,0
"66679",754,602,658,755,625,606
"100862165",5,4,7,8,4,2
"56190",3044,2672,2661,3040,2845,2532
"664799",18,10,12,10,10,10
"100862176",3,3,3,4,4,3
"619800",0,0,0,0,0,0
"74161",3,5,2,2,2,3
"18534",1,1,0,1,2,3
"58203",4,11,4,5,7,17
"65112",7769,6014,6929,6813,7174,6309
"72221",0,0,0,0,0,0
"70065",0,0,0,0,0,0
"100043911",135,105,104,116,108,70
"19334",1196,946,937,1062,1042,923
"75485",0,0,0,0,0,0
"56491",3215,2638,2714,2775,2704,2332
"228960",1818,1365,1609,1626,1406,1219
"228961",1670,1436,1499,1615,1613,1508
"100038374",0,1,1,0,3,2
"100503083",46,28,41,38,44,26
"723906",0,0,0,0,0,1
"723832",0,0,0,0,0,0
"56802",46,21,34,39,48,25
"14683",54461,46219,49239,49312,49631,45292
"57314",2351,1884,1975,1913,1931,1767
"64138",3071,2580,2714,3062,3005,2680
"545486",0,0,0,0,0,0
"67126",1256,1077,991,1154,1211,1028
"66390",2303,1864,1817,2009,1967,1642
"100043757",0,0,0,0,1,0
"13616",3,0,2,1,4,4
"664987",6,0,1,0,1,2
"545487",3,2,1,1,0,0
"100043761",155,117,108,110,89,97
"620790",1,1,2,4,2,1
"665001",158,132,92,144,80,108
"100862168",0,0,0,0,0,0
"100862183",28,32,28,33,50,33
"100503353",328,218,154,252,196,182
"100043764",161,106,53,67,98,60
"100043914",108,80,71,58,62,83
"100043915",218,218,216,268,189,145
"545490",180,146,94,139,100,142
"100043126",115,69,71,72,61,58
"100039017",309,303,138,373,283,239
"13999",265,166,151,214,175,155
"626832",199,156,122,169,121,133
"667962",302,228,207,324,171,243
"100039060",316,191,278,219,233,314
"628147",110,112,67,120,103,102
"100302432",112,95,59,97,85,36
"668039",197,153,119,235,176,114
"100303732",251,181,156,233,154,190
"100043381",105,90,66,79,103,134
"100503949",176,135,79,149,87,123
"100043387",164,109,118,139,101,100
"100039123",177,114,118,121,153,111
"626877",3,3,3,2,2,4
"627901",101,108,74,142,106,99
"635470",0,0,0,0,0,1
"628308",312,298,277,279,275,245
"433520",91,93,64,101,74,62
"100504328",1,0,0,0,0,0
"626802",55,32,38,56,35,37
"329575",519,446,380,435,402,381
"665205",28,23,21,24,26,34
"665211",373,297,241,294,261,251
"626848",341,269,186,281,183,226
"353208",45,24,34,35,26,31
"74189",3,1,1,4,2,2
"320558",8,10,3,10,9,5
"228966",114,61,99,98,86,88
"71532",81,52,57,65,48,47
"381409",3,2,1,1,6,0
"68175",0,0,0,0,0,0
"12561",1,0,0,2,2,1
"228980",324,263,273,300,258,224
"66730",47,34,62,55,49,33
"241846",1257,1074,932,1048,988,982
"26444",2406,1938,1944,1932,2051,1804
"269397",206,159,144,195,132,165
"52856",286,246,280,261,267,218
"99296",200,178,190,186,219,157
"228983",1045,920,820,954,894,777
"56436",3027,2467,2581,2607,2648,2298
"16776",1916,1337,1432,1551,1138,1233
"66481",2496,2082,2205,2173,2484,1924
"100526556",0,1,0,1,1,3
"252966",315,238,241,238,229,221
"271887",0,0,0,0,0,0
"14464",0,0,0,0,0,0
"100036520",0,0,0,0,0,0
"320485",79,56,42,61,45,40
"622283",186,115,153,134,86,97
"387136",38,14,24,17,13,12
"723954",94,77,142,86,94,38
"108115",4,6,11,8,7,7
"18216",0,0,0,0,0,0
"73247",263,233,261,244,265,178
"72075",1409,1122,1163,1159,1168,1126
"12841",17,18,20,19,13,15
"277353",1,2,2,2,2,1
"23856",1614,1210,1108,1407,1015,1076
"76425",1246,907,938,1005,980,937
"228993",9,13,14,15,12,9
"140489",0,0,0,0,0,0
"676369",0,0,0,0,0,0
"100862056",0,0,0,0,0,0
"723951",0,0,0,0,0,0
"228994",1287,1062,974,1190,916,1008
"329581",0,0,0,0,0,0
"58237",0,1,0,0,0,2
"228998",1455,1106,1098,1238,1023,997
"73368",108,53,88,99,68,52
"11438",0,0,2,1,1,0
"16536",2,1,5,4,1,2
"13628",349,381,427,279,365,334
"66496",459,342,410,398,442,386
"20459",1,0,0,0,0,0
"20811",0,0,0,0,2,1
"332713",0,1,2,0,0,0
"229003",173,140,118,152,93,127
"229004",362,237,280,302,262,301
"100862073",0,0,0,0,0,0
"20262",12,6,9,9,5,3
"269400",189,149,136,174,145,142
"76688",390,368,400,411,393,339
"229007",526,359,477,494,445,404
"72699",237,180,240,235,216,161
"329584",49,33,26,37,39,22
"72147",161,107,105,127,106,101
"241850",9,9,6,3,5,5
"66314",1482,1163,1194,1277,1270,1122
"13002",3868,3043,2616,3411,2621,2787
"68556",582,413,492,475,452,420
"100271841",36,39,26,29,23,22
"269401",934,634,699,720,664,567
"229011",78,62,85,74,76,51
"68879",2353,1873,1914,2079,1746,1872
"20672",0,0,0,0,1,0
"21400",68,54,55,56,60,49
"56470",233,178,199,217,218,183
"277496",0,0,0,0,0,1
"18389",1,3,0,4,7,1
"17932",2,1,0,0,2,0
"245867",762,582,514,582,518,547
"67005",540,451,406,543,452,414
"672125",0,0,0,0,0,0
"30942",1,0,0,0,0,0
"100503859",0,0,0,0,0,0
"100503882",4,6,3,3,0,5
"72608",1,4,0,1,4,3
"80892",532,383,260,384,240,352
"19302",452,371,394,407,406,362
"69347",0,0,0,0,0,0
"18767",5365,4416,3862,4545,4032,3940
"67306",837,634,623,648,633,552
"16196",15,20,7,17,11,12
"100504139",12,5,3,13,8,6
"75476",0,0,0,0,0,0
"383820",0,0,0,0,0,0
"620966",0,0,0,0,1,1
"20257",71,53,62,67,43,36
"15213",57,46,52,51,38,34
"66230",234,198,187,199,180,168
"100504173",0,0,0,0,0,0
"21985",543,450,458,517,435,443
"75149",0,0,0,0,0,0
"229055",147,103,115,125,113,86
"320088",0,0,0,0,1,0
"170753",419,330,306,388,247,327
"94212",109,57,76,85,81,74
"100862399",0,0,0,0,0,0
"16592",46,32,32,27,50,29
"100041480",172,125,160,177,148,182
"18857",2,5,4,3,5,1
"21884",0,0,0,0,0,0
"11770",17,6,5,12,11,4
"75497",0,0,0,0,0,0
"55980",651,516,488,547,495,457
"241877",1,0,0,0,0,0
"66361",208,199,197,205,195,130
"66371",9,12,10,17,9,4
"74718",214,175,151,178,155,159
"100038545",0,0,0,0,0,0
"76897",5,1,1,2,1,0
"75203",0,0,0,0,0,0
"622229",0,0,0,0,0,0
"140918",0,0,0,0,0,0
"71710",228,200,196,189,174,187
"13559",56,50,54,63,64,50
"69126",474,348,376,422,467,344
"71934",154,105,104,153,152,144
"12346",1,0,0,1,0,2
"12350",3134,2822,2934,3074,3416,2666
"100862241",33,24,27,36,27,19
"12349",33,20,19,21,16,12
"77127",0,0,0,0,0,0
"751864",0,0,0,0,0,0
"320832",0,0,0,0,0,0
"668101",0,0,0,0,0,0
"100038947",0,0,0,0,0,0
"381484",0,0,0,0,0,0
"229096",2607,1934,1771,2375,1830,1920
"100038486",0,0,0,0,0,0
"70441",0,0,0,0,0,0
"723950",0,0,0,0,0,0
"75439",0,0,0,0,0,0
"59058",3,0,7,5,4,3
"13123",3,2,1,4,1,5
"73959",0,0,0,0,0,0
"622921",0,0,0,0,0,0
"74252",1324,964,967,1032,1008,957
"67472",964,770,835,840,813,656
"18583",1259,903,978,1081,882,918
"66326",0,0,0,0,0,0
"381485",4571,3831,3539,4010,3399,3519
"12918",9,2,6,4,1,2
"100039304",0,2,0,0,3,0
"70808",124,106,100,112,102,99
"100503666",6,5,12,12,10,9
"100046095",0,0,0,1,0,0
"12870",343,241,256,288,276,224
"12807",146,100,114,134,113,121
"20585",333,190,244,275,196,221
"27357",3480,2990,3029,3252,3120,3020
"12873",0,1,0,0,2,0
"76703",3,0,1,1,1,0
"11608",0,0,0,2,1,1
"81004",1589,1172,1298,1311,1341,1237
"19784",0,0,0,0,0,0
"635702",3,1,9,4,1,7
"192167",0,0,1,0,0,1
"70862",0,1,0,0,0,0
"13605",34,25,25,22,18,13
"76657",0,0,0,0,1,0
"320024",402,309,287,343,291,305
"100861946",0,0,0,0,1,0
"22035",0,0,0,0,0,0
"208188",0,0,0,0,0,0
"72007",3811,2694,2603,3335,2369,2739
"100526525",1,0,0,0,0,0
"208613",3,0,0,1,1,1
"18805",206,173,166,196,161,165
"665113",564,413,399,513,349,366
"20526",0,1,0,2,0,1
"208691",76,43,32,50,61,69
"68028",804,602,677,599,803,637
"385263",0,0,0,0,0,0
"75740",1,0,0,0,0,0
"791072",0,0,0,0,0,0
"14013",65,41,45,55,30,42
"545510",0,0,0,0,0,0
"76652",1,7,0,0,1,1
"80732",439,320,271,345,333,278
"71827",0,1,1,0,0,0
"68307",0,0,0,0,0,0
"320352",0,0,0,0,0,0
"75953",14,13,7,20,13,7
"69276",3564,2733,2951,3038,3280,2690
"71862",7,4,4,0,2,2
"241915",1444,1031,874,1174,734,896
"18759",607,420,420,463,390,373
"100861964",0,0,0,0,0,0
"20482",1868,1381,1319,1521,1234,1437
"18417",1,2,2,1,0,0
"241919",7,4,8,3,5,5
"72413",0,0,0,0,0,0
"22401",1562,1115,1122,1272,1368,1346
"67576",43,26,36,38,35,29
"18706",2066,1559,1504,1667,1430,1638
"100502876",0,0,0,1,0,0
"67778",394,336,302,331,322,304
"67414",1750,1467,1421,1556,1379,1354
"14696",174,117,133,156,130,122
"56456",647,532,537,539,521,486
"74600",285,270,223,276,269,263
"66046",1639,1428,1359,1402,1509,1355
"72607",2133,1674,1620,1714,1475,1702
"58869",7,2,8,3,4,7
"73874",0,1,1,0,0,0
"100502904",0,0,0,0,0,0
"67120",722,489,555,592,490,448
"51938",23,17,13,25,20,16
"14359",12813,10011,9349,10479,9631,9499
"67713",133,136,104,145,130,131
"320478",1,0,0,0,0,1
"100316679",0,0,0,0,0,0
"20674",1,1,0,0,0,0
"100041108",0,0,0,0,0,0
"100861998",0,0,0,0,0,0
"625963",0,0,0,0,0,0
"76295",1132,846,882,988,833,873
"114893",1463,1147,1112,1256,1081,1086
"72039",393,309,327,351,299,305
"654424",2,1,1,5,3,0
"241943",0,0,1,0,0,0
"229211",763,672,622,712,643,638
"241944",265,192,190,231,150,172
"229214",0,1,1,1,0,0
"11747",2077,1521,1591,2029,1802,1633
"100862007",0,0,0,0,0,0
"72282",7,5,5,9,7,9
"329623",0,0,0,0,0,0
"100503068",2,0,0,0,0,1
"50911",845,693,665,621,748,675
"12428",29,19,19,18,10,23
"71492",342,233,212,269,320,220
"22065",77,50,47,80,62,60
"229227",1514,1066,784,1319,629,1129
"21744",0,0,0,0,0,0
"16183",0,0,1,1,0,1
"60505",0,0,1,1,0,0
"207175",56,38,27,44,57,37
"241950",78,65,70,71,66,54
"329626",7,10,6,7,0,2
"14173",55,55,33,61,40,55
"229228",206,141,151,186,156,154
"57815",396,338,370,436,377,324
"100862034",11,7,4,14,5,10
"24063",1286,1149,1165,1207,1132,1112
"381438",181,128,138,157,160,133
"626410",18,10,17,18,9,13
"71342",0,0,0,0,0,0
"99696",1146,920,833,1077,837,913
"329628",96,50,46,75,32,70
"100040882",0,0,0,0,0,0
"380614",205,163,156,159,126,147
"73333",1,0,0,0,0,0
"18415",1953,1559,1359,1647,1274,1519
"20873",54,56,53,49,58,43
"72175",276,186,239,238,195,183
"100039027",12,7,5,5,14,5
"100039043",0,1,1,0,0,0
"269423",85,50,60,67,59,56
"73297",0,0,0,0,0,0
"214048",582,493,502,455,503,463
"70804",2298,1827,1813,2054,2079,1838
"100038440",0,1,1,0,4,2
"78706",0,0,0,0,0,0
"269424",907,696,618,743,575,674
"67161",39,26,30,22,25,21
"73852",80,55,65,64,60,50
"72511",0,1,0,0,0,0
"18526",11,5,8,5,0,5
"72274",0,0,0,0,0,0
"241989",14,8,13,10,6,11
"666202",0,0,0,0,0,0
"66332",0,0,0,0,0,0
"329633",0,0,0,0,0,0
"73173",251,189,192,247,160,197
"26570",618,382,246,746,453,438
"100861917",0,0,0,0,0,0
"12457",429,333,338,434,326,321
"69257",764,617,604,665,574,567
"67749",15,11,21,11,15,12
"669130",5,12,1,7,5,3
"66377",869,724,741,739,827,644
"74838",3442,2526,2554,3014,2571,2390
"19338",356,266,299,313,328,285
"73251",4605,3639,3264,4058,3240,3748
"100039684",6,3,5,3,5,2
"211666",5,1,1,1,9,3
"433586",581,453,406,585,431,425
"100504153",0,0,0,1,0,1
"56458",718,487,564,670,595,514
"329639",1,0,0,1,2,1
"622124",2,0,0,1,1,2
"100862096",0,0,0,0,0,0
"67542",1100,865,763,979,843,841
"108927",611,446,471,533,517,490
"212114",184,146,129,140,118,143
"212127",447,382,288,423,288,336
"229277",16,17,22,11,12,28
"242022",1216,954,803,1317,710,1242
"319979",4,3,4,9,4,3
"67890",1605,1251,1228,1362,1477,1258
"22066",1,0,1,1,1,1
"50706",8513,5714,5594,7526,5733,5659
"56790",545,365,423,490,398,395
"69639",112,83,97,120,105,78
"66248",399,293,298,329,293,272
"55994",17,29,17,26,15,23
"170767",243,220,205,218,206,168
"329641",2,0,1,1,1,0
"12427",0,0,0,0,0,0
"70970",0,0,0,0,0,0
"229285",4045,3272,2801,3709,3055,3097
"320604",8,9,7,12,12,5
"74434",167,126,106,138,146,94
"13175",28225,21718,18209,25786,19115,20674
"100503655",14,10,38,7,19,10
"26422",1230,916,679,1086,589,895
"17116",17,9,16,14,15,12
"71182",0,0,0,0,0,0
"17112",437,290,400,355,357,319
"229302",1,1,0,1,0,0
"97064",6266,5075,4551,5864,4693,4487
"100861809",0,0,0,0,0,0
"52245",217,200,152,219,216,145
"242037",0,0,0,0,0,0
"24017",1488,1093,1117,1211,1046,1062
"18645",685,450,492,586,592,457
"67850",2,0,2,0,0,2
"72033",1334,1014,1071,1185,1051,967
"28146",1067,800,820,1001,996,864
"229317",1305,1053,1010,1200,1070,965
"69227",4743,3695,3567,3952,3623,3436
"545527",29,8,11,13,20,6
"666680",4,7,7,4,4,6
"20439",473,394,436,450,487,441
"71301",0,1,4,0,0,1
"100040293",0,2,1,2,0,1
"229320",4,3,5,4,2,3
"100040416",82,92,80,89,130,86
"329650",202,167,131,196,149,178
"229323",1,0,0,0,0,0
"100502786",0,0,0,0,0,0
"140795",60,37,40,37,48,51
"320463",3,0,2,0,1,1
"84111",0,0,0,0,0,0
"74191",1,0,0,0,0,0
"70839",0,1,2,0,0,1
"242050",110,83,47,107,50,88
"435732",0,0,0,0,0,0
"433597",0,0,0,0,0,0
"669780",0,0,0,0,0,0
"666803",0,0,0,0,0,0
"229333",0,0,0,1,0,0
"676914",0,0,0,0,0,1
"639634",0,0,0,0,0,0
"67758",0,0,0,0,0,0
"84112",3,1,2,2,1,0
"56758",2131,1569,1597,1698,1515,1616
"100503654",0,0,1,0,1,0
"100504925",2262,1751,1904,2003,2054,1664
"18441",142,92,103,129,117,113
"74012",633,439,487,591,555,483
"100503824",0,0,1,0,0,0
"622434",133,118,93,114,94,77
"72162",1697,1194,1212,1334,1186,1144
"229357",226,138,127,156,116,143
"17380",146,94,98,127,78,86
"269437",3,0,3,1,0,0
"329659",65,40,37,66,67,48
"11416",822,599,643,677,586,572
"100504046",9,8,13,5,5,4
"229363",1187,930,796,1006,857,970
"56544",2,4,5,1,1,5
"100125586",2,0,0,0,0,0
"637004",1,1,0,1,1,1
"637053",0,0,0,0,0,0
"667060",0,0,0,1,0,0
"667069",0,0,0,0,0,0
"319210",0,0,0,0,0,0
"319217",0,0,0,0,0,0
"16497",37,23,25,28,29,30
"319798",1,3,3,0,3,5
"67437",7269,5239,5438,5856,5304,5080
"71004",4,5,10,5,14,7
"99929",831,606,665,708,654,661
"100861877",0,0,0,0,0,0
"624866",15,11,18,20,14,13
"56706",666,439,509,529,459,364
"72789",5,2,3,3,2,0
"19288",77,74,81,176,130,134
"20429",44,46,42,49,45,36
"66880",606,397,484,503,454,389
"17349",30,34,34,42,47,32
"28030",1579,1205,1301,1363,1243,1168
"17035",96,68,72,81,95,83
"109222",1,0,0,0,0,0
"100861992",0,0,0,0,0,0
"66868",995,697,775,967,872,803
"100505386",0,0,0,0,0,0
"208426",0,0,0,0,0,0
"30953",9,4,5,11,7,12
"545531",1,0,0,1,0,0
"100038361",0,0,0,0,0,0
"16159",43,21,23,19,21,30
"68725",2,0,0,1,0,0
"68259",316,261,231,248,228,209
"70099",602,432,451,467,426,428
"387175",0,0,0,0,0,0
"723949",0,0,0,0,0,0
"66949",100,60,63,80,61,53
"16649",2552,2002,1849,2210,2062,1945
"381452",0,0,0,2,0,0
"71619",0,0,0,0,0,0
"242083",896,702,476,798,503,647
"26879",38,30,40,37,39,44
"97112",673,472,487,564,538,473
"100862102",1,0,0,0,0,0
"66183",0,0,1,0,0,0
"229389",0,0,1,0,0,0
"625901",121,92,91,77,82,82
"69983",1,0,0,0,0,0
"386750",1,1,1,0,0,0
"626082",0,0,0,0,0,0
"74693",0,0,0,0,0,0
"12038",86,60,36,58,61,70
"100504692",0,0,0,0,0,0
"100861784",0,0,0,0,0,0
"213234",0,0,0,1,0,0
"67931",0,0,0,0,0,0
"213248",0,0,0,0,1,0
"56426",394,314,311,368,306,302
"20713",32,37,25,24,25,26
"69193",0,0,0,0,0,0
"73124",2185,1658,1607,1967,1624,1846
"213262",1,1,2,1,1,1
"76089",430,338,317,400,281,368
"70924",0,0,2,0,1,1
"100233207",0,0,0,0,0,0
"329679",180,123,110,195,145,156
"75879",0,0,0,0,0,0
"67738",1478,1148,1181,1292,1253,1112
"66841",1415,1199,1195,1255,1155,1192
"75939",72,55,47,43,44,38
"381489",136,95,90,132,66,124
"70652",92,63,53,75,63,54
"68659",1217,882,883,1097,933,877
"14800",11,15,12,5,4,8
"14658",56,39,44,35,33,29
"54635",481,302,363,400,333,335
"320566",0,0,0,0,0,1
"229445",61,42,51,62,51,42
"56720",0,0,0,0,0,0
"58170",0,0,0,0,0,0
"54195",3,6,8,10,1,2
"60596",1,1,3,6,0,3
"213582",218,146,181,160,138,156
"18167",1,0,0,0,0,0
"633285",3,2,1,0,0,2
"78212",0,0,0,0,0,0
"79235",0,0,0,0,0,0
"99571",0,0,0,0,0,0
"14161",0,0,0,0,0,0
"100862155",0,0,0,0,0,0
"110135",0,0,0,0,0,0
"53317",925,785,709,855,747,783
"100038599",0,0,0,0,0,2
"69460",0,0,0,0,0,0
"20319",2,11,16,15,4,12
"24088",66,45,50,69,51,67
"229473",512,369,396,461,407,362
"76915",10,4,8,9,19,10
"80890",423,269,286,376,246,273
"624713",0,0,0,3,2,0
"75309",0,0,0,0,0,0
"229474",54,29,39,47,35,31
"99889",1309,955,845,1205,887,906
"403175",64,35,45,47,51,45
"320782",22,14,17,21,25,15
"50754",2141,1712,1714,1890,1645,1546
"654362",1,1,2,0,3,3
"73283",0,0,0,0,0,0
"100042125",0,3,2,4,4,3
"229487",205,150,161,183,191,159
"229488",1672,1345,1256,1358,1155,1303
"320302",195,133,137,164,123,123
"368202",0,0,0,0,0,0
"27059",815,692,535,703,567,584
"20091",12675,10003,10332,10882,11357,9755
"19870",1,2,1,5,2,2
"19871",7,3,1,6,0,0
"80877",1295,944,742,1145,740,977
"23937",8,6,5,5,5,6
"70762",25,17,19,18,15,18
"12480",0,1,0,0,1,0
"12479",95,64,66,78,86,80
"170643",1009,636,666,856,642,669
"100502800",0,0,1,1,0,0
"100042355",63,33,46,32,41,35
"80891",0,0,0,0,0,0
"11801",0,0,0,0,0,0
"229499",0,0,0,0,0,0
"329693",0,0,0,0,0,0
"27049",467,385,348,399,395,337
"546801",2,0,0,1,0,0
"213498",690,536,485,569,475,549
"625281",0,0,0,0,0,0
"74485",7,2,3,6,5,4
"73182",209,125,142,170,162,141
"18211",0,0,2,0,0,0
"23920",0,0,0,0,0,0
"27371",0,0,0,0,0,0
"94315",1451,1286,1275,1248,1330,1255
"15191",7174,5990,6129,6168,6257,5529
"67707",569,406,457,480,543,439
"229503",218,153,221,153,167,126
"229504",498,342,354,372,374,376
"12904",56,23,41,39,38,33
"18008",59148,45204,43012,53490,40965,43916
"12032",22,14,17,7,10,8
"73940",0,4,1,0,2,0
"100502895",0,1,0,0,0,0
"66614",727,511,550,621,659,491
"246703",753,591,688,615,661,593
"214191",0,0,0,0,0,0
"404710",223,153,150,196,152,170
"100502914",8,6,7,9,13,6
"17261",7187,5922,5909,6540,5418,5521
"76642",426,364,437,388,445,349
"99870",1,2,1,1,2,1
"100042277",2,0,1,1,2,1
"100526540",0,0,0,0,0,0
"387133",0,0,0,0,0,0
"58176",2,0,0,0,0,0
"76927",31,49,33,27,19,25
"12462",6110,4838,4871,5223,5144,4609
"56700",1169,824,880,981,960,918
"71913",43,29,30,30,45,30
"229512",2613,2163,2058,2254,1983,2074
"68957",4,1,4,0,2,0
"12095",1,0,0,0,1,0
"12097",1,0,2,0,1,0
"12096",0,2,2,4,0,0
"67037",185,125,131,178,133,132
"229517",748,638,706,662,597,641
"20351",9,9,18,12,13,9
"16905",14406,11532,12955,13528,13134,12034
"72640",447,289,330,408,356,312
"100316808",0,0,0,0,0,0
"53868",0,1,1,1,0,0
"83409",822,670,677,699,790,653
"94232",2670,2177,2098,2325,2102,1948
"66256",1290,1029,1148,1177,1139,1096
"16800",8554,6859,6814,7651,6676,6603
"242093",9,6,9,6,5,5
"74200",1428,1111,1157,1245,1078,992
"19769",582,472,542,518,540,492
"791281",0,0,0,0,0,0
"229521",357,289,294,298,296,258
"100302730",1489,1063,942,1242,945,1109
"319830",41,30,34,32,29,26
"76022",1049,750,722,880,717,838
"229524",971,834,802,975,883,782
"65111",1012,881,889,985,902,933
"192195",2672,1904,1449,2118,1220,1874
"72296",356,285,327,276,318,277
"110196",4454,3711,3668,3906,4065,3848
"735260",0,0,0,0,0,0
"18770",0,0,0,0,0,0
"15168",26,17,26,16,20,18
"12748",689,496,592,593,585,495
"24045",1882,1424,1620,1647,1581,1425
"68521",486,384,430,398,354,407
"14466",796,638,616,784,658,668
"17827",445,376,374,366,368,357
"21827",68,42,43,48,60,42
"100124470",0,0,0,0,0,0
"17829",6,6,6,8,6,6
"360213",79,57,87,78,102,70
"66059",658,524,571,590,635,524
"68563",89,73,75,75,92,63
"19729",173,136,200,144,145,129
"13636",29,31,33,30,31,29
"13638",14,5,15,9,24,11
"100038411",2,0,1,0,1,2
"13639",72,53,56,52,73,64
"11490",1115,962,968,1111,1117,875
"77772",7,8,6,7,8,7
"329702",7,7,3,4,2,1
"22724",757,581,648,645,637,592
"545539",129,119,104,110,116,76
"57275",40,38,37,38,36,25
"319945",445,398,425,479,423,388
"54124",183,148,157,165,139,125
"20416",2212,1708,1774,1998,1938,1752
"68911",1178,966,1053,955,1015,926
"229534",18709,15026,16203,16171,15420,14643
"68603",469,339,410,395,409,378
"140493",1649,1180,841,1385,776,1050
"56417",286,224,230,264,192,257
"11444",59,33,37,42,36,33
"70093",995,708,829,832,820,826
"214547",2,0,2,5,3,2
"16194",29,21,18,31,30,28
"54667",1085,771,746,864,735,745
"23897",1305,1086,1086,1103,1161,1062
"100503469",43,30,30,26,19,20
"74383",4467,3379,3385,3845,3061,3297
"99650",1042,846,831,876,841,806
"73545",57,59,55,65,63,39
"100124481",0,0,0,0,0,0
"59069",6672,5724,7909,5646,6496,6673
"77595",62,38,57,67,47,36
"57294",3604,2916,2746,2872,3082,2516
"68328",140,130,133,159,141,113
"23922",625,544,493,535,530,487
"78284",7,13,14,11,9,2
"30791",1911,1352,1644,1574,1657,1458
"74343",518,415,492,509,462,373
"229541",463,379,454,460,398,413
"229542",775,577,477,660,471,539
"26568",42,44,29,34,40,32
"229543",1260,1084,1105,1138,966,969
"18160",2,2,0,1,4,0
"67781",853,640,701,745,732,636
"20615",1379,1074,1156,1261,1282,1091
"66511",2856,2378,2362,2543,2482,2293
"20193",465,378,402,367,405,375
"20196",409,313,324,338,342,300
"66166",0,0,1,1,1,1
"67860",855,733,713,735,759,651
"628324",0,0,1,0,0,0
"20197",17,12,20,6,9,9
"20198",4876,3884,4038,3884,4053,4023
"20199",0,1,2,0,0,2
"20200",4947,3611,4088,4016,4339,3936
"381493",3,0,13,5,4,2
"20201",0,2,0,5,2,0
"20202",0,0,0,0,0,0
"384997",0,0,0,0,1,0
"545541",0,0,0,0,0,0
"635756",0,0,0,0,0,0
"619677",0,0,1,4,0,1
"229550",0,0,0,0,0,1
"242100",5,1,1,5,4,3
"16939",6,4,11,5,6,10
"109314",0,0,4,0,1,0
"69332",0,0,0,0,0,0
"100862387",0,0,0,0,0,0
"20755",1,1,2,3,1,0
"100303744",2,4,2,3,1,0
"100862393",0,0,0,0,0,0
"100042514",0,0,0,0,0,0
"20756",0,0,0,0,1,0
"20758",0,0,0,0,0,0
"20759",0,0,1,0,0,1
"20760",0,0,0,0,0,0
"20761",1,0,1,0,0,0
"20762",0,2,1,0,0,1
"20763",0,0,0,0,0,0
"20764",0,0,0,0,0,0
"20765",2,0,0,0,0,0
"20754",0,0,1,0,0,0
"20766",2,5,3,0,4,1
"20753",11,15,18,25,20,14
"229562",0,0,0,0,0,0
"16447",16,4,4,9,7,4
"17235",0,0,0,0,0,0
"78382",0,0,0,0,0,0
"67127",0,0,0,0,0,1
"68720",0,0,0,0,0,0
"73722",0,0,0,0,0,0
"73719",1,0,0,0,0,1
"69611",0,1,0,0,0,0
"68694",0,0,0,0,0,0
"67828",73,92,83,71,61,92
"66195",6,3,8,13,5,3
"67718",1,0,0,1,0,1
"76585",0,0,0,0,0,0
"631101",0,0,0,0,0,0
"433619",8,11,20,7,15,4
"73730",0,0,0,0,0,0
"66533",0,0,0,1,1,3
"545548",0,0,0,0,0,1
"66344",0,0,0,0,0,0
"94060",0,0,0,0,0,0
"630994",0,0,0,0,0,0
"69514",0,0,0,0,0,0
"69520",0,0,0,0,0,0
"74175",7,8,12,5,7,14
"66203",0,1,0,0,1,0
"100503731",0,0,0,0,0,0
"229571",0,5,1,0,0,0
"381457",0,0,0,0,0,0
"229574",0,0,0,0,0,0
"100503169",0,0,0,1,0,0
"14246",1,0,0,0,0,1
"68723",0,5,10,0,5,0
"20129",0,0,0,0,0,0
"99681",45,50,53,52,52,43
"71325",2,0,0,2,0,1
"20195",2578,2001,2157,2408,2381,2088
"20194",959,693,748,934,983,763
"399673",0,0,0,0,0,0
"207213",0,0,0,0,0,0
"399675",0,1,0,0,0,0
"399674",0,0,0,0,0,0
"399676",0,0,0,0,0,0
"668359",0,0,0,0,0,0
"100042761",0,0,0,0,0,0
"100043188",0,2,0,0,0,0
"75778",98,106,86,105,108,84
"66198",0,0,0,0,1,1
"271944",1,0,0,0,0,0
"19885",24,23,20,15,27,9
"320747",0,0,0,0,0,0
"76602",3,2,3,0,2,1
"72634",158,166,129,181,155,130
"53814",20,12,13,15,4,7
"78523",1218,981,1005,1019,1041,920
"66353",53,60,57,42,53,44
"78784",23,7,12,7,5,6
"76742",1476,1177,1019,1220,1007,1040
"668409",10,17,9,9,19,18
"22156",124,83,85,89,88,103
"545551",6,3,8,3,5,4
"20342",0,0,1,0,1,0
"70737",22,17,19,16,27,11
"229584",1194,817,893,906,744,834
"19172",3178,2486,2538,2693,2954,2469
"20341",11,10,18,10,12,11
"53970",209,176,189,193,163,167
"109334",0,1,1,0,1,0
"107650",890,634,650,712,653,693
"319916",25,9,15,11,8,9
"78266",775,681,565,695,577,544
"74937",7,9,7,7,6,5
"19185",3766,3105,3201,3233,3257,2958
"18720",1082,875,775,979,854,749
"21427",848,759,774,796,895,723
"50874",70,60,62,52,70,53
"69269",420,361,363,403,389,311
"217779",204,162,130,182,149,181
"69769",1,1,0,0,2,0
"668436",18,16,13,9,8,12
"20360",1567,1303,1595,1515,1468,1473
"213054",306,197,188,221,184,171
"100504029",3,2,1,1,2,1
"56772",2147,1854,1823,1978,1996,1893
"57912",1714,1449,1492,1551,1508,1419
"229588",3,1,0,4,5,1
"171388",5,8,3,3,3,0
"229589",2988,2398,2442,2788,2625,2355
"75007",772,583,575,679,635,568
"71790",11,3,13,8,11,5
"100038425",10,9,8,4,8,6
"76893",1027,778,833,873,867,702
"84505",983,724,707,820,652,753
"67654",0,0,0,0,0,0
"668448",0,0,1,0,0,0
"100043305",18,15,0,21,7,18
"11863",1391,1088,1045,1192,914,1032
"13038",433,299,310,507,405,331
"13040",1,0,2,2,4,2
"67981",0,0,0,0,0,1
"229593",369,310,248,322,278,287
"56205",4046,3360,3273,3376,3448,3253
"100861841",1,0,3,3,4,2
"17210",2229,1831,2019,2067,2124,1904
"229595",444,340,428,399,377,379
"13601",1784,1403,1685,1984,1717,1477
"71807",767,577,673,636,589,543
"75137",1075,773,831,953,758,816
"70767",666,457,491,543,543,496
"66292",879,742,716,801,843,707
"100042889",12,5,6,2,5,3
"229599",51,24,45,45,28,35
"229600",1,5,2,2,2,3
"226548",1536,1132,1335,1212,1332,1191
"23831",3,4,2,4,2,1
"66471",2454,1884,1768,2030,1804,1740
"668224",3,1,1,0,0,5
"67220",1445,1222,1164,1250,1317,1163
"22365",536,417,402,490,466,409
"229603",3101,2346,2163,2521,2067,2177
"194126",86,63,42,71,54,47
"100504127",48,12,21,34,40,25
"107701",795,622,664,747,766,626
"64051",16,21,19,20,8,7
"69168",192,170,153,153,195,164
"621893",7,4,3,3,3,4
"319176",6,2,1,2,4,2
"319190",131,126,143,155,131,119
"97114",344,258,296,336,353,268
"319192",853,691,705,915,859,683
"15267",896,731,724,948,890,702
"15077",434,333,347,384,388,309
"97122",5,1,1,2,2,3
"319154",61,44,60,68,70,48
"319189",0,1,0,1,0,2
"14129",0,0,1,0,0,0
"100504145",0,0,2,0,0,0
"19844",0,0,0,0,0,1
"19845",0,0,0,0,0,1
"100504171",0,0,1,0,0,0
"21748",0,2,1,2,1,1
"329716",2,1,2,2,2,8
"19847",3,1,0,1,0,1
"100038359",7,4,5,4,9,3
"69585",7176,6143,6529,6319,6547,5935
"100038464",3,0,2,1,3,1
"56338",1335,1097,1115,1048,804,698
"69870",522,442,504,402,426,443
"545554",64,58,68,57,59,59
"280411",915,676,681,764,731,658
"229613",6,7,10,4,9,10
"60365",1477,1144,1211,1157,1377,1136
"18632",335,306,294,301,312,277
"213119",146,97,136,92,85,91
"213121",111,82,88,78,73,70
"229615",349,250,295,282,256,226
"78373",32,25,34,41,29,33
"74414",711,588,621,572,518,531
"67845",557,441,425,522,477,486
"54215",5,1,0,1,1,2
"67583",0,0,0,0,0,0
"59020",137,97,90,105,80,120
"67549",363,277,306,293,283,291
"14616",3,0,2,3,3,1
"14613",6645,5914,5959,6199,5972,6072
"66659",1318,1057,1015,1122,1164,924
"77578",453,342,343,364,292,308
"100504261",8,1,1,3,2,3
"258272",0,0,0,0,0,0
"68058",287,224,220,261,250,221
"14263",50,32,46,46,36,27
"108097",1161,916,794,1004,798,816
"83679",36719,30033,25168,31192,22145,27503
"100504273",0,0,0,0,0,0
"20333",870,718,825,792,791,664
"433632",1,0,0,0,0,0
"18129",1215,823,704,954,642,849
"71078",0,1,0,0,0,0
"67709",0,0,0,1,0,0
"15360",0,0,3,0,0,1
"236539",1775,1369,1477,1559,1555,1358
"242109",616,529,472,567,438,478
"100043461",0,0,0,0,1,0
"15495",0,1,0,1,1,0
"100043456",0,1,0,1,1,0
"545555",5,2,3,13,7,3
"15496",0,0,0,0,0,0
"15493",1,0,0,1,0,0
"15494",6,4,8,4,6,2
"15497",28,83,13,28,32,30
"15492",1,0,0,0,0,0
"56185",1,0,0,0,0,0
"70560",114,65,50,102,70,64
"21384",8343,6813,6516,7227,6432,6570
"74362",7,8,17,12,5,4
"320613",0,0,0,0,0,0
"269470",665,474,505,576,496,465
"14547",256,211,186,228,218,202
"73806",0,0,0,0,0,0
"74645",22,26,22,28,23,16
"17156",999,766,714,943,747,797
"242122",2,2,2,2,2,0
"229644",101,60,65,68,72,57
"74044",399,332,336,339,274,290
"630146",10,9,8,4,7,3
"19221",2698,2021,2020,2583,2010,2147
"12481",0,0,0,0,0,0
"78908",284,196,233,269,220,235
"11928",17255,13998,13329,14364,13331,13341
"242125",76,50,31,58,49,45
"242126",176,137,127,158,110,112
"18072",2,2,1,0,2,2
"12373",42508,34759,33602,37675,33192,33538
"229658",468,364,343,379,314,361
"319951",0,0,1,0,0,0
"18049",262,169,157,285,226,188
"78491",0,0,0,2,0,0
"70747",66,35,45,41,44,51
"22094",0,0,0,0,0,0
"20957",0,0,0,0,0,2
"381463",29,12,26,25,9,14
"66641",960,829,792,948,899,811
"229663",16480,12818,13430,13018,13368,12256
"18176",2150,1632,1424,1954,1683,1674
"229665",800,626,666,774,659,675
"329727",338,264,265,337,270,291
"68183",1106,919,919,903,948,934
"94093",621,519,419,601,430,469
"54524",5,3,6,4,5,6
"99543",312,230,296,228,229,281
"15257",2014,1479,1383,1516,1270,1424
"140917",118,79,100,114,97,85
"100503157",0,2,0,1,1,0
"67489",519,408,449,430,407,397
"229672",8,4,5,9,7,1
"19260",6,1,10,5,8,4
"229675",163,130,134,171,140,130
"100125931",2,1,3,2,3,4
"18685",437,319,361,410,375,319
"99470",381,315,231,336,256,292
"433634",5,1,0,2,0,0
"269473",462,338,343,405,337,295
"20501",779,607,559,738,693,598
"624251",26,19,22,17,24,18
"329731",9,8,12,11,6,8
"71887",89,53,86,76,67,74
"11853",2469,2010,2134,2229,2287,2233
"17454",123,105,120,118,111,112
"100504553",0,0,0,0,0,0
"12340",1739,1243,1202,1416,1143,1197
"229681",396,332,316,322,336,315
"22414",12,4,12,14,8,14
"80281",732,551,520,722,544,600
"75269",0,0,0,0,0,0
"78635",0,0,0,0,1,0
"56543",7,4,5,12,3,1
"53975",335,277,272,292,274,269
"109050",667,496,515,627,589,476
"109905",1338,1043,799,1143,991,1020
"433637",2,3,1,1,2,4
"11542",2,0,0,1,0,0
"433638",0,1,0,0,2,0
"11950",7655,6232,5904,6677,6524,5858
"70465",1494,1257,1284,1453,1288,1207
"12659",96,94,99,90,84,46
"100503311",0,0,0,0,0,0
"229687",0,0,0,0,0,0
"81600",0,0,1,0,0,0
"12655",0,0,0,0,0,0
"104183",0,0,0,0,0,0
"229688",0,0,0,0,0,0
"69206",0,0,0,0,0,0
"72121",2,0,0,1,0,2
"99712",276,179,236,214,224,210
"67171",601,460,452,528,453,440
"321000",246,191,226,257,224,190
"12508",40,43,33,37,36,40
"258482",0,0,0,0,0,0
"16491",3,1,2,0,1,0
"229694",4,4,7,3,2,3
"109226",0,0,0,0,0,0
"16490",3,5,3,5,2,3
"242151",1,2,0,0,0,3
"229697",0,0,1,3,0,0
"319929",4,3,3,3,1,1
"246691",3,4,2,2,2,1
"68576",554,446,452,462,440,406
"229699",32,16,18,19,24,17
"229700",378,264,302,296,276,303
"99738",82,88,85,97,89,115
"229706",358,289,263,306,260,275
"67591",0,0,0,0,0,0
"11694",0,0,0,0,0,0
"229707",1162,903,1039,1031,919,932
"229709",2531,1938,1928,2091,1876,1798
"12977",7312,4973,5142,7645,6341,5850
"280047",1,0,1,1,0,0
"99662",3,3,0,0,0,0
"100038644",0,0,0,0,0,0
"329735",142,128,138,120,91,110
"14866",638,519,605,557,517,493
"68312",66,75,64,55,74,53
"14867",11,9,12,5,13,7
"14864",1,0,0,1,0,1
"14863",655,529,517,586,530,510
"14862",1723,1198,1075,1452,1231,1137
"14865",112,95,91,108,80,98
"109674",1322,972,1060,944,968,906
"14686",22,6,18,20,7,9
"14679",1205,798,915,1091,911,870
"229714",5,4,3,4,6,1
"229715",1145,964,969,923,858,928
"72023",176,124,127,102,127,112
"72522",133,106,125,115,98,101
"17306",1656,1452,1620,1619,1452,1626
"26442",2140,1667,1610,1758,1755,1516
"20661",4225,3384,2935,3607,2892,3218
"100502732",2,1,0,0,4,0
"68753",1,7,0,0,1,0
"100038453",1,2,1,0,0,1
"56742",264,160,228,205,202,183
"53883",186,165,166,208,145,220
"20226",4614,3663,3905,4166,4115,3545
"229722",4,7,5,2,3,1
"75504",0,0,0,1,2,0
"100217438",0,0,2,1,0,2
"67495",1082,872,800,889,809,779
"99730",800,611,560,656,622,557
"99512",904,776,699,792,628,676
"100862093",0,0,0,0,0,0
"229725",423,325,340,311,348,323
"76123",576,453,421,467,478,448
"329738",238,193,158,214,149,193
"20912",586,372,435,452,395,370
"320181",48,32,38,51,43,21
"66921",1958,1556,1747,1734,1624,1425
"66715",3,0,1,0,0,0
"329739",370,277,259,300,261,275
"74686",4,4,3,2,5,6
"100502813",30,25,29,25,34,22
"229731",2050,1570,1488,1923,1572,1626
"57257",134,94,59,96,57,76
"80883",0,2,0,2,1,1
"99890",360,273,279,293,305,262
"625585",0,0,2,0,0,0
"545562",0,0,0,0,0,0
"100862117",0,0,0,0,0,0
"109959",0,1,0,0,0,0
"100043684",0,0,0,0,0,0
"100862123",0,0,0,0,0,0
"100043686",0,0,0,0,0,0
"100862131",0,0,0,0,0,0
"100043688",0,0,0,0,0,0
"100862139",0,0,0,0,0,0
"100043207",0,0,0,0,0,0
"11722",17,3,10,10,14,10
"67225",286,223,246,240,225,203
"100502863",1,0,0,0,0,0
"12814",1021,698,772,916,684,802
"229759",0,0,3,3,3,3
"13609",501,395,364,468,371,372
"68161",135,110,115,104,119,94
"69740",159,103,98,136,138,95
"66500",407,316,266,381,271,275
"58193",546,441,457,493,450,482
"22329",390,250,290,380,294,268
"64378",0,0,0,0,0,0
"229776",47,25,26,29,22,27
"66368",887,730,700,739,725,690
"13171",491,351,291,414,338,326
"109245",680,560,511,633,499,544
"229780",107,90,77,77,73,48
"72776",78,46,39,40,41,61
"15247",696,523,505,582,530,508
"229782",263,216,184,245,212,180
"77559",8282,6831,5966,7004,5286,6055
"20321",467,321,342,423,319,349
"114301",300,244,231,306,297,208
"74654",0,0,0,0,0,0
"433646",0,0,2,0,0,0
"229791",3,4,9,8,3,3
"75769",1,2,2,0,1,0
"76561",1076,884,897,960,971,896
"387155",0,0,0,0,0,0
"791377",0,0,0,0,0,0
"99586",68,43,40,43,46,41
"56195",355,283,324,337,292,250
"100502997",85,78,76,88,94,93
"66568",69,53,55,68,80,61
"99887",79,42,47,62,40,59
"66789",180,200,181,163,183,181
"71994",12636,10237,10847,12082,11804,10207
"213603",25,19,9,15,7,14
"319839",2,2,1,1,0,0
"100503044",2,0,0,0,0,2
"619318",0,0,0,0,0,0
"14066",221,139,132,232,221,162
"19299",1412,1041,1024,1158,996,955
"214137",1544,1036,1123,1233,1024,1090
"11304",29,31,18,37,27,21
"14630",491,300,326,547,466,425
"100503394",310,238,249,229,288,233
"99480",1242,1010,878,992,1012,904
"791077",0,0,0,0,0,0
"100043726",0,0,0,0,0,0
"29815",418,322,359,376,342,345
"214459",574,419,425,488,374,362
"242202",231,190,154,225,176,195
"71647",0,0,0,0,0,0
"74057",2,0,2,0,0,1
"14079",0,0,0,0,0,0
"100862236",0,0,0,0,0,0
"67704",8,5,5,5,8,2
"99526",320,245,190,279,176,252
"59006",3449,3203,3506,3187,3056,3246
"118449",6357,5409,5333,6096,4981,5813
"69608",2541,1854,1834,2134,1780,1866
"210529",402,278,307,347,307,314
"19142",22,12,14,22,26,19
"69895",216,126,161,132,193,167
"100306957",0,0,0,0,0,0
"83398",6,4,8,3,7,2
"668809",0,0,0,0,0,0
"229801",56,50,49,45,51,49
"71824",0,0,0,0,0,0
"384775",0,0,0,0,0,0
"64580",26,15,26,19,16,24
"22239",1,0,0,0,0,3
"271970",35,25,19,32,26,35
"100047282",4,4,7,7,3,3
"108058",3945,3199,3328,3626,3165,3365
"109676",559,405,417,479,376,396
"100862268",0,0,0,0,1,1
"100043364",18,9,7,19,6,20
"28036",560,472,558,523,499,466
"723948",0,0,0,0,0,0
"723835",1,0,0,0,0,0
"723920",0,0,0,0,0,0
"723928",0,0,0,0,0,0
"723911",0,0,0,0,0,0
"71643",29,19,23,30,15,12
"11924",0,0,0,0,0,0
"71481",74,71,50,66,58,61
"211550",48,48,38,39,27,40
"211556",646,541,542,569,497,535
"70617",213,207,229,211,196,196
"329753",0,0,1,1,1,4
"100038383",0,0,0,0,0,0
"402774",0,0,0,0,0,0
"18741",2484,1993,2050,2338,2206,2027
"13809",13,9,9,12,13,4
"435755",0,0,0,0,0,0
"170439",506,297,261,446,340,382
"13645",269,197,217,226,183,176
"319224",5,7,5,4,4,8
"242235",0,0,0,1,1,0
"20132",0,2,0,0,1,0
"68147",239,158,189,227,240,190
"12630",0,0,1,0,0,0
"66350",277,237,275,273,296,243
"12368",127,94,82,118,116,116
"66815",55,48,54,50,40,56
"99683",729,582,570,724,552,580
"77018",2811,2344,2046,2357,1719,2015
"71760",3,1,0,2,0,0
"66357",931,696,700,821,790,707
"100862291",0,0,0,0,0,0
"68436",3321,2635,2501,2800,3153,2410
"16842",46,27,41,25,44,28
"15107",1270,996,1160,1179,1181,1001
"71519",93,71,58,51,55,63
"100503594",0,0,1,0,1,0
"74442",175,97,122,128,131,113
"23971",365,270,276,329,288,284
"100862309",0,0,0,0,0,0
"56811",401,236,262,267,274,303
"433653",0,0,0,0,0,0
"13722",918,766,761,827,811,729
"100862343",0,0,0,0,0,0
"271981",324,241,208,236,177,236
"114249",13911,11262,9943,13117,10222,10918
"67553",170,153,114,177,141,121
"71793",404,319,302,398,301,325
"77669",0,0,0,0,0,0
"74776",668,553,519,522,557,461
"214133",817,607,586,680,505,586
"319478",13,16,10,9,4,8
"100316832",0,0,0,0,0,0
"75208",0,0,0,0,0,0
"21338",1,1,0,1,0,1
"229841",23,16,14,9,12,6
"69772",39,40,27,36,44,35
"97086",5,2,5,7,8,4
"74446",1,0,0,0,0,0
"67006",641,534,577,567,540,541
"319587",51,62,60,64,69,68
"66105",6346,5322,5078,5642,5476,4922
"110173",361,213,270,301,207,283
"668745",41,37,35,29,25,32
"18033",1003,732,759,867,833,796
"791324",0,2,1,0,0,0
"67547",79,57,51,52,60,39
"71038",0,0,0,0,0,0
"100039350",0,0,0,0,0,0
"242248",1,1,1,0,0,0
"70055",1,0,0,0,0,0
"19055",2106,1625,1738,1843,1851,1725
"59308",26,14,14,6,10,11
"229862",0,0,0,0,0,0
"73284",297,216,225,222,236,243
"51788",728,571,606,580,603,501
"100503440",0,0,0,1,0,1
"70604",314,271,201,267,182,217
"56692",1092,796,867,913,877,774
"26377",28,18,19,22,18,24
"100503465",2,3,0,1,0,0
"329763",772,625,417,704,359,603
"17777",1494,1252,1183,1342,1180,1170
"108943",460,409,368,372,378,349
"67741",0,0,0,0,1,0
"68369",0,0,0,0,0,0
"11529",103,82,60,72,121,67
"11522",15,7,11,9,19,14
"69117",1,0,0,0,0,0
"100417514",1,0,0,0,0,0
"639769",0,0,0,0,0,0
"26876",1,0,0,0,0,0
"11532",1439,1202,1134,1294,1272,1069
"75624",1804,1495,1397,1507,1484,1359
"13684",1963,1554,1488,1741,1668,1423
"100316706",1,1,3,3,0,0
"74635",0,0,0,0,0,0
"56224",411,349,346,340,373,327
"229877",1262,994,961,1053,922,1017
"229879",0,0,0,0,0,0
"381476",1,1,2,0,0,0
"18598",1,0,0,0,0,0
"22253",15,15,6,13,1,6
"12167",161,127,112,154,111,137
"56376",6566,5669,5694,5734,5539,5226
"229898",3,6,0,2,0,1
"229900",20,16,14,25,13,28
"55932",14,18,13,23,11,28
"14468",2,0,0,0,0,0
"14469",38,25,20,48,27,56
"229905",64,58,50,62,60,53
"229906",426,309,319,355,365,296
"109333",1377,1088,960,1230,898,1039
"320229",11,8,11,5,12,7
"320072",0,0,0,0,0,0
"621809",0,0,0,0,0,0
"16911",350,269,292,282,318,255
"545572",28,29,20,20,17,12
"23908",1228,915,881,1068,1019,943
"93684",2719,1921,1908,2218,2150,1863
"54673",17326,13865,12610,14832,13111,12463
"12722",31,17,25,41,34,28
"80797",1,3,0,4,0,2
"229927",4,0,5,4,6,6
"622139",0,0,0,0,0,0
"99709",3,6,3,4,1,2
"100504497",0,0,0,0,0,0
"99663",11,8,2,6,2,5
"23844",3,4,7,7,3,8
"229933",13,8,8,8,6,7
"52184",236,171,209,220,187,193
"71355",194,158,161,158,116,124
"229937",617,456,482,504,464,420
"16007",4712,3395,4081,3776,3621,3306
"100216343",70,60,55,52,51,51
"69219",1022,803,789,976,844,808
"100504532",0,0,0,0,0,0
"12042",512,399,461,414,451,405
"66421",162,147,144,185,195,155
"214804",76,74,47,61,53,51
"242253",0,0,1,0,4,0
"171166",0,0,0,0,0,0
"68279",3,0,1,1,4,1
"65086",38,28,27,40,30,30
"100038607",0,0,0,0,0,0
"99167",3559,2790,2795,3122,2615,2690
"74245",162,116,115,152,115,118
"70951",66,42,54,53,23,38
"14707",1188,1029,1035,1062,1152,1004
"70285",308,268,234,258,259,235
"56629",0,1,0,0,0,0
"22262",1,0,1,3,1,0
"100286843",0,0,0,0,0,0
"75015",0,2,3,2,3,2
"18749",1553,1159,1073,1382,1117,1203
"70892",1027,719,605,805,596,768
"99633",270,204,176,248,177,201
"100038391",0,0,0,0,0,0
"381482",2,0,1,2,0,0
"100628568",0,0,0,0,0,0
"100504653",8,5,0,3,4,5
"170757",6,3,0,2,0,1
"99899",9,6,7,4,4,28
"15061",0,0,0,0,0,0
"19220",7,4,2,2,2,6
"54120",1,6,2,5,4,1
"67035",1726,1340,1483,1469,1389,1344
"51886",2334,1739,1813,2077,1747,1731
"68810",8526,6897,8182,7049,7762,6809
"215708",357,330,300,316,248,321
"170822",750,549,536,630,539,522
"108946",940,710,679,810,656,642
"229949",14,12,19,32,13,13
"99542",1,0,1,3,0,0
"329777",2585,1969,1867,2045,1908,1816
"26938",8,2,4,4,3,3
"20447",1,0,1,0,1,1
"545578",0,1,1,0,1,0
"70594",0,0,0,0,0,0
"66772",1,0,0,1,0,0
"72317",0,0,0,0,0,0
"55993",0,0,0,0,0,2
"19352",1587,1343,1220,1249,1387,1179
"100217468",6,1,3,3,1,0
"100217425",0,0,0,0,0,0
"11364",1849,1504,1488,1599,1541,1499
"242259",1,0,0,2,0,1
"16875",2,4,3,5,1,2
"99686",1,0,0,1,1,0
"209584",47,28,52,61,35,51
"12972",172,145,168,164,154,159
"209601",1,1,2,0,0,0
"435766",24,12,9,8,18,4
"75540",417,300,274,352,303,298
"74435",16,10,9,11,8,12
"329780",0,0,0,0,0,0
"329782",1,0,1,0,1,0
"320840",11,12,7,17,15,12
"100502679",0,0,0,0,0,0
"53861",2004,1586,1569,1666,1404,1408
"387181",10,3,16,12,8,3
"19218",0,0,0,0,0,0
"107869",68,37,50,41,40,50
"433667",883,725,697,784,709,714
"69207",1965,1491,1876,1702,1694,1414
"67144",206,123,113,174,153,119
"242274",2,4,1,0,1,1
"624759",0,0,0,0,0,0
"76131",5,0,1,3,1,0
"19892",2,0,0,0,0,0
"68151",4671,3525,3406,3875,3260,3348
"100312470",0,0,0,0,0,0
"100312471",0,0,0,0,0,0
"100039044",0,0,0,0,0,0
"666513",1,5,2,3,2,1
"100499523",0,0,0,0,0,0
"72098",218,176,148,167,168,144
"116940",620,468,491,570,418,440
"70143",0,0,0,0,0,0
"17096",552,403,389,462,432,393
"70720",0,0,0,0,0,0
"67427",5265,4406,4587,4839,5236,4269
"17451",1,0,0,0,0,0
"56711",104,69,58,85,62,77
"66433",264,230,205,239,225,177
"242285",0,0,0,0,0,0
"242286",0,0,0,0,0,0
"18619",45,33,50,112,52,40
"242291",1899,1395,1381,1648,1321,1504
"73872",0,0,0,0,0,0
"242297",113,87,81,94,88,88
"100504030",0,0,0,0,0,0
"68053",96,89,81,102,70,64
"13122",0,0,0,0,1,0
"53378",2054,1562,1545,1762,1634,1494
"18201",823,616,663,686,623,597
"252838",3,1,0,4,0,3
"71510",0,0,0,0,0,0
"12319",43,44,22,48,41,28
"100039478",0,0,0,0,0,0
"59021",3058,2274,2308,2517,2582,2234
"666752",4,3,0,3,0,0
"320790",1528,1110,1005,1264,922,1131
"74438",30,13,26,16,16,11
"65973",2905,2124,2245,2475,2329,2337
"320152",14,12,14,3,16,11
"242316",500,433,401,576,503,390
"74662",0,0,0,0,0,0
"73624",0,0,0,0,1,0
"100499521",0,0,0,0,0,0
"67157",451,350,357,421,397,338
"100039746",2,1,5,0,2,2
"71801",287,227,265,266,219,212
"76947",100,94,83,104,122,102
"100503518",11,12,5,8,8,5
"735261",0,0,0,0,0,0
"60599",1041,752,691,931,720,718
"12448",39,33,29,27,23,26
"72656",1090,896,862,933,894,861
"381510",460,332,259,405,251,303
"100861935",1,0,0,0,0,0
"207920",0,0,0,1,0,0
"634834",0,0,0,1,0,0
"66185",1106,868,784,1002,750,796
"623474",10,6,10,11,8,7
"100503583",6,3,7,4,1,6
"14579",199,151,159,176,144,130
"12557",4,4,4,4,1,11
"381511",1191,906,845,1020,874,808
"100503636",76,39,34,38,35,40
"100038424",6,2,2,3,11,1
"329795",85,56,54,63,57,38
"77604",315,213,246,248,199,211
"72397",317,204,226,251,213,217
"68099",445,378,424,466,434,412
"208820",63,32,45,56,65,33
"100039988",8,10,10,11,18,13
"12395",78,51,52,70,58,73
"208890",30,43,28,24,20,20
"73314",3,0,1,2,3,1
"72201",2477,1895,1767,2087,1824,1857
"72519",2200,1693,1686,1768,1790,1624
"100038514",9,6,5,8,13,4
"69352",1,4,4,6,4,4
"100201",3192,2593,2583,2760,2419,2399
"12307",1,0,3,4,0,0
"67460",877,806,763,858,753,780
"27354",369,291,293,284,276,279
"209212",464,335,377,419,337,357
"192656",191,112,138,149,150,143
"100415915",17,9,12,8,10,5
"17389",10,4,12,15,5,11
"30952",0,0,0,0,0,0
"70568",708,537,518,617,502,502
"66302",262,179,184,219,214,217
"107568",933,729,666,862,608,671
"74087",3,1,0,0,0,2
"242341",3,4,3,16,14,12
"74988",1,0,0,0,0,0
"50500",4,6,6,7,5,3
"14590",137,115,103,134,121,114
"269513",0,0,1,0,0,1
"230025",0,0,0,1,1,1
"51813",354,268,280,313,291,265
"77032",424,337,319,319,329,296
"77593",498,345,404,429,351,414
"67735",8,9,3,8,3,2
"66625",1883,1355,1661,1480,1452,999
"230027",420,290,309,352,355,308
"76132",347,235,233,281,221,218
"269514",249,185,181,215,196,170
"18992",1,0,0,0,0,0
"212377",31,21,27,31,26,32
"212390",4,5,4,7,8,5
"68493",681,515,492,542,561,454
"319564",16,14,16,11,12,9
"81006",356,261,223,281,210,231
"57756",0,0,3,0,0,0
"67490",875,663,659,807,660,606
"625732",0,1,0,0,0,4
"14348",10,7,8,13,14,6
"242362",703,529,460,629,473,513
"75360",0,0,0,0,0,0
"13841",88,56,66,68,41,42
"75332",0,0,0,0,0,0
"26409",2726,2262,1891,2334,1925,2112
"100038651",0,0,0,0,0,0
"100504106",0,0,0,0,1,0
"12014",13,12,19,17,19,8
"414068",2,2,1,0,2,0
"14610",0,0,0,0,0,0
"26885",340,266,233,278,194,221
"100019",1346,916,669,1049,580,955
"108755",426,385,317,390,434,349
"140577",110,85,84,120,81,85
"52187",3062,2581,2222,2678,2321,2352
"100504166",43,30,51,45,32,30
"56228",1295,918,921,1169,958,920
"14409",5,0,5,10,8,2
"14408",0,0,1,0,0,1
"242377",143,143,98,144,100,113
"272009",14,10,14,5,4,2
"108767",820,609,764,804,825,733
"24018",353,277,297,314,239,288
"12801",246,172,127,196,116,136
"67652",2,1,3,0,2,1
"636187",0,0,0,0,0,0
"433693",1414,1049,1178,1191,1233,1051
"50793",1093,780,835,922,806,781
"109093",409,341,342,383,387,342
"24060",462,317,358,360,357,301
"69329",3,0,1,2,1,0
"214568",0,0,0,0,0,0
"66291",204,134,129,160,159,138
"30046",821,668,510,731,480,591
"12640",0,0,0,0,0,0
"73696",0,0,0,0,0,0
"214944",8,9,8,16,6,7
"387510",0,0,0,0,0,0
"73205",346,264,259,310,267,244
"100504458",0,0,2,0,0,1
"242384",51,34,36,55,30,42
"100124458",0,0,0,0,0,0
"100124457",0,0,0,0,0,0
"100042132",0,0,0,1,0,0
"75471",7,1,2,2,1,3
"11428",933,732,708,867,766,725
"230073",189,156,160,174,100,198
"106021",952,704,712,788,717,741
"100504309",7,7,4,6,7,9
"230075",1041,828,939,882,1009,832
"75819",0,0,0,0,0,0
"320500",2,0,0,0,0,0
"71293",0,0,0,0,0,0
"66408",439,345,343,352,362,353
"622208",18,15,22,16,19,16
"15502",5367,4173,4267,4220,4271,3619
"387203",0,0,0,0,0,0
"74255",1410,1193,1153,1251,1246,1094
"14595",1222,1007,1071,1124,1093,1068
"100628614",0,0,0,0,0,0
"20731",18,21,23,19,18,21
"12017",5585,4749,4969,5380,5708,4718
"76959",1641,1125,1233,1378,1331,1188
"74164",1480,1075,1157,1234,1026,1020
"100526501",0,0,0,0,0,0
"11832",1,2,1,1,4,0
"11828",1,0,0,1,2,0
"230082",1251,981,936,1147,992,909
"67615",2197,1691,1856,1927,2063,1708
"68926",5243,3983,3934,4546,3707,3573
"68970",1313,1034,1096,1193,1059,1039
"67123",1914,1547,1494,1636,1467,1398
"109242",247,194,181,226,160,191
"66401",474,389,409,473,457,395
"329828",3618,3001,3151,3292,2770,3006
"100862160",5,7,6,4,8,10
"73721",9,3,8,2,4,2
"76992",175,130,139,143,135,132
"71901",538,484,528,470,462,416
"68922",16,14,10,11,16,8
"69638",614,447,539,560,588,520
"12804",57,45,48,44,50,37
"69961",395,364,398,375,383,390
"53598",970,818,810,778,878,780
"550619",0,0,0,0,0,0
"18391",785,543,649,709,663,600
"14430",273,214,246,232,244,224
"16157",980,738,874,751,777,713
"20301",145,98,123,120,89,82
"100039789",0,0,0,0,0,1
"100861610",47,18,20,27,10,10
"100862170",5,4,1,3,7,6
"100862177",0,0,0,0,0,0
"100861618",0,0,0,0,0,0
"100041579",5,5,8,7,5,6
"100043920",14,10,11,8,7,3
"100041549",0,1,1,2,0,2
"100861635",4,1,4,5,4,1
"100861647",0,0,0,0,0,0
"100042539",8,7,2,9,9,17
"100504346",0,0,0,0,0,0
"100039848",0,0,0,0,0,0
"100039863",3,4,5,3,11,4
"100504376",1,0,0,4,0,3
"100042555",49,31,30,33,38,2
"100862228",6,5,5,4,10,4
"100862237",5,2,1,8,4,5
"100042493",0,0,0,0,0,0
"621580",6,8,10,6,4,5
"100862261",11,10,12,8,6,3
"100861661",1,1,0,1,0,1
"100861670",0,2,3,1,0,4
"100862247",4,9,9,7,3,5
"100042519",4,5,5,10,2,4
"100042524",4,2,2,4,0,0
"545611",22,14,20,9,11,4
"100039331",4,12,5,20,4,12
"100504239",0,0,0,0,0,0
"100040035",0,0,0,0,0,0
"100040048",5,2,3,5,3,6
"100504407",1,0,0,2,0,1
"16158",49,46,54,26,42,5
"73350",0,0,0,0,0,0
"100861715",3,1,1,0,2,1
"24047",0,0,0,0,0,0
"18829",0,0,0,0,0,0
"100316865",0,0,0,1,0,0
"100861727",0,1,0,0,0,1
"277773",0,0,0,0,0,0
"230085",10,9,5,4,10,9
"56323",2168,1770,2086,1901,1999,1871
"67317",1,3,3,3,0,1
"100862318",0,0,1,0,0,0
"269523",17221,13744,13409,14790,13154,13214
"60534",40,18,29,27,32,25
"56703",230,178,228,205,202,206
"66592",1123,927,1002,972,1160,886
"230088",2245,1817,1935,1954,1868,1792
"22249",326,277,265,312,236,244
"320571",6,3,3,3,4,1
"100213",1180,920,998,1063,983,951
"329831",5,1,3,5,0,1
"21754",1427,1184,1200,1330,1168,1127
"12517",14,11,16,5,6,2
"54390",0,0,0,0,0,0
"19782",9,3,3,4,17,13
"622404",455,301,399,389,338,329
"230098",9,5,7,5,5,5
"100503819",4,2,6,6,6,3
"230099",18,26,23,14,20,9
"22004",128864,107095,113969,114275,114145,106102
"21894",13495,10021,9877,12030,8253,10218
"12913",1982,1743,1639,1631,1699,1566
"230101",292,206,205,271,199,188
"242406",1596,1302,1301,1403,1291,1188
"100039672",0,0,0,0,0,0
"230103",1767,1381,1439,1568,1458,1291
"433700",5,3,5,8,5,5
"68917",278,217,274,259,265,254
"242408",1,1,1,3,3,1
"242409",636,481,504,570,518,493
"56014",0,0,0,1,0,1
"56015",0,0,0,0,0,0
"100039781",26,19,18,25,21,19
"71406",4,1,3,0,4,2
"319973",0,0,0,0,0,0
"29849",0,0,0,0,0,1
"29848",0,0,0,0,0,0
"29846",0,0,0,0,1,0
"100040268",0,0,0,0,0,0
"29845",0,0,0,0,0,0
"53614",64,42,70,75,67,47
"384009",462,283,337,414,416,374
"442829",3,2,2,2,1,5
"12757",2179,1625,1997,2198,2394,1887
"50798",442,312,322,348,324,348
"623796",5,1,1,5,4,1
"73469",909,678,717,788,711,667
"100628618",0,0,0,0,0,0
"17279",10,10,5,4,7,3
"100503944",0,0,0,2,0,0
"18507",0,0,0,0,0,1
"100628590",0,0,0,0,0,0
"100503954",0,0,0,0,0,0
"319885",345,253,294,262,236,192
"76238",521,486,526,614,559,513
"230119",194,173,155,163,171,169
"73405",9,7,5,12,9,8
"64424",308,227,218,271,250,215
"269529",667,583,529,544,528,499
"68512",602,448,431,503,567,419
"666060",1383,1119,1096,1140,952,1017
"78508",0,0,2,0,0,0
"69934",79,66,72,81,86,66
"66362",230,181,153,217,221,179
"242418",1047,909,676,857,769,706
"230125",1698,1233,1365,1413,1387,1189
"230126",1269,1050,1084,1241,1170,1010
"100040557",40,36,38,46,32,25
"329839",0,0,0,0,1,1
"100040567",0,0,0,0,0,0
"72535",233,197,188,180,175,199
"75426",0,1,0,0,0,0
"74152",1,0,0,1,0,1
"381522",1,4,2,8,3,6
"100121",661,517,488,627,490,576
"21916",5513,4872,4541,5062,4175,4768
"272027",362,281,245,352,292,268
"433702",1810,1372,1419,1543,1560,1265
"22590",140,98,110,102,125,92
"110805",0,0,0,0,0,0
"74753",21,28,33,38,24,28
"93966",1,0,0,0,0,0
"67628",1879,1422,1635,1762,1943,1572
"100503131",0,0,0,0,0,1
"94181",576,479,434,448,472,418
"74735",0,0,1,0,0,0
"107684",3,0,5,3,4,0
"381605",69,54,71,89,60,74
"242425",6,2,6,9,3,7
"75691",53,28,45,38,38,36
"230145",4,7,5,4,10,8
"12819",24,8,17,23,20,25
"21812",786,557,532,624,568,540
"56737",607,471,545,534,533,435
"66212",305,241,257,290,308,257
"18124",162,158,133,207,133,155
"67727",788,672,560,746,623,612
"76299",785,583,586,668,675,603
"100316708",0,0,0,0,0,0
"16348",152,109,105,119,111,94
"100503154",292,212,204,246,300,210
"269536",533,430,454,482,404,432
"66665",506,421,424,436,479,457
"230157",521,387,383,504,461,415
"100861629",14,6,10,6,6,3
"68016",23329,19613,18482,20946,18807,17983
"272031",0,0,0,0,0,0
"209186",0,0,0,0,0,0
"230161",0,0,0,0,0,0
"12012",3,0,0,0,0,0
"28028",1217,1006,981,1062,987,938
"230162",109,97,84,101,100,103
"230163",0,3,6,6,0,0
"67063",994,877,825,874,947,919
"109331",2854,2437,2087,2423,2023,2154
"242443",10,14,4,7,4,14
"19059",0,2,1,0,1,1
"74914",0,0,0,0,0,0
"329844",0,0,0,2,0,1
"72648",0,1,0,0,2,0
"14211",156,125,94,137,74,97
"68274",0,0,0,0,0,0
"75367",0,0,0,0,0,0
"258857",0,0,0,0,0,0
"258821",0,0,0,0,0,0
"258836",0,0,0,0,0,0
"258600",0,0,0,0,0,0
"73398",0,0,0,0,0,0
"66536",134,95,128,115,126,119
"11303",156,124,101,138,105,89
"78180",0,0,0,1,0,0
"381524",4,3,3,2,3,2
"100434",964,778,806,866,716,747
"100861652",53,31,52,67,46,37
"319636",1108,803,650,893,752,694
"246179",434,278,247,348,274,260
"21350",36,22,30,24,19,31
"435784",0,0,0,0,0,0
"52076",2735,2157,2188,2275,2145,2124
"242466",461,344,344,368,271,385
"100503249",1,0,0,0,0,0
"670211",0,0,0,1,0,0
"19359",6535,5402,5389,6199,5598,5139
"100415914",1,0,1,1,1,2
"16600",832,591,735,858,816,630
"11471",3,0,0,4,0,0
"11470",0,1,0,1,1,2
"230233",1550,1237,1170,1370,1138,1203
"230234",293,248,206,234,194,211
"54366",865,675,676,728,618,555
"242474",1052,677,513,852,451,678
"723837",0,0,0,0,0,1
"230235",3,6,3,2,4,3
"54357",11,3,4,14,8,11
"329851",0,0,1,0,1,0
"545622",306,269,243,265,235,259
"73349",0,0,1,0,0,0
"619973",0,0,0,1,1,0
"242481",977,754,606,990,610,752
"100038668",20,10,4,12,8,17
"11641",7321,5712,5283,6407,5358,5372
"242484",10,5,11,7,8,4
"22166",2259,1828,1825,1916,2101,1689
"67402",0,0,0,0,0,0
"64817",44,19,21,25,15,14
"18198",3764,2978,2349,3179,2256,2862
"14745",1652,1285,1275,1398,1269,1192
"100526502",0,0,0,0,0,0
"258922",0,0,0,0,2,0
"230249",3565,2679,2465,3127,2489,2633
"100041581",10,7,3,5,7,8
"67103",496,364,424,380,420,349
"72429",310,265,265,302,295,285
"14700",343,224,264,278,299,239
"100155",1,1,0,1,2,1
"22234",2307,1718,1804,2050,1941,1642
"634731",28,25,20,20,25,14
"230257",616,455,418,523,400,432
"72479",757,519,542,589,492,519
"230259",89,63,64,71,67,75
"66209",165,100,108,133,132,133
"209131",601,414,364,541,399,406
"30936",0,0,1,0,0,0
"17843",0,0,0,0,0,0
"620807",0,0,0,0,1,0
"100041658",0,0,0,0,0,0
"17841",0,0,0,0,0,0
"100041687",0,0,0,0,0,0
"100038948",0,0,0,0,0,0
"17840",0,0,0,0,0,0
"100039008",0,0,0,0,0,0
"100039028",0,0,0,0,0,0
"100039054",0,0,0,0,0,0
"100861909",0,0,0,0,0,0
"100039089",0,0,0,0,0,0
"100039116",0,0,0,0,0,0
"100039150",0,0,0,0,0,0
"100039019",0,0,0,0,0,0
"100039177",0,0,0,0,0,0
"100039206",0,0,0,0,0,0
"100048884",0,0,0,0,0,0
"100189605",0,0,0,0,0,0
"17844",0,0,0,0,0,0
"381530",0,0,0,0,0,0
"17842",0,0,0,0,0,0
"381531",0,0,0,0,0,0
"22696",163,118,117,126,101,119
"20530",376,314,281,300,322,262
"338355",882,752,633,803,595,674
"20529",964,764,755,820,809,744
"66440",543,379,445,401,411,376
"70052",538,413,451,451,425,403
"76072",2,3,1,0,1,5
"71354",3,15,25,7,10,15
"192120",10,7,5,3,7,4
"72748",60,49,70,53,39,42
"17025",165,154,119,151,150,147
"59001",479,368,374,394,373,372
"214106",4,3,5,3,1,3
"50780",297,246,258,286,295,235
"72701",36,36,16,42,14,30
"11699",0,0,0,0,0,0
"16552",0,2,1,0,0,1
"373864",247,163,235,169,159,163
"735262",0,0,0,0,0,0
"18405",0,0,0,0,1,0
"18407",0,0,0,3,0,0
"18406",1,0,0,0,0,0
"100182",86,52,57,66,67,47
"66783",1,0,0,0,0,0
"73750",648,481,563,564,584,528
"66290",1581,1234,1206,1397,1422,1217
"100503980",0,0,0,0,0,0
"230279",142,87,97,104,96,119
"670833",0,1,1,1,0,0
"75524",1,0,0,0,0,0
"326623",16,11,5,17,4,11
"21949",0,0,0,0,0,0
"21923",10413,6333,7310,7376,6162,8040
"100504061",26,23,20,25,24,29
"18491",262,172,101,250,133,173
"56079",21,7,7,12,10,8
"69807",611,527,518,586,516,484
"21898",659,494,416,617,431,497
"56710",146,100,110,112,75,88
"214444",421,309,270,328,227,287
"230316",412,358,257,404,227,339
"21885",229,144,181,216,208,177
"68285",39,13,23,16,23,14
"353204",1,0,1,1,0,0
"433719",0,0,0,0,0,0
"623180",1,0,0,0,0,0
"623197",1,0,0,0,0,0
"100862015",0,1,0,0,0,0
"100502896",0,0,0,0,0,0
"100502924",1,1,0,0,0,0
"242502",1,1,0,0,0,0
"242505",0,0,2,0,1,0
"667768",0,0,0,0,0,0
"545637",1,1,2,3,3,3
"623272",0,1,0,0,3,4
"667780",1,2,2,1,3,1
"623281",6,2,2,3,6,8
"71886",175,147,156,135,147,123
"242506",0,0,0,6,0,1
"76804",628,515,505,586,504,464
"66928",532,365,408,475,466,404
"19266",1533,1076,982,1306,859,1065
"100046763",0,0,0,0,0,0
"22178",0,0,0,0,0,0
"52829",123,86,100,94,106,108
"17475",1640,1270,1063,1477,889,1224
"545641",0,0,0,0,0,0
"18028",577,336,443,439,444,495
"76455",0,0,0,0,0,0
"68268",560,463,392,538,414,440
"12622",0,0,1,0,0,0
"329872",9,4,4,12,3,4
"69863",2632,1903,1742,1983,1686,1693
"790913",0,0,0,0,0,0
"77634",511,424,395,460,430,386
"101739",585,461,475,531,482,453
"100862057",60,41,53,46,24,33
"320226",70,43,47,71,31,42
"242509",164,101,93,125,105,101
"338349",69,38,35,45,36,45
"20404",2,3,2,4,0,0
"329876",0,0,0,0,0,0
"77739",524,392,342,404,308,411
"75811",1,0,0,0,0,0
"68441",1540,1364,1345,1473,1373,1303
"230376",168,113,106,112,101,148
"100217448",0,0,1,0,0,0
"11520",1189,835,852,1099,1031,922
"329877",640,535,477,584,395,430
"100504343",14,10,5,11,7,7
"20104",9409,7508,7536,8462,8459,7342
"230379",5,7,4,3,3,5
"76376",11,7,8,15,9,8
"70122",1755,1302,1211,1539,1328,1306
"230393",422,278,297,337,241,296
"735282",1,1,0,0,0,0
"66775",8,10,12,5,5,6
"15977",0,0,0,0,1,0
"242517",0,0,0,0,0,0
"404549",0,0,0,0,0,0
"15972",0,0,0,0,0,0
"242519",0,0,0,0,0,0
"381590",0,0,0,0,0,0
"230396",0,0,0,0,0,0
"230398",0,0,0,0,0,0
"15965",0,0,0,0,0,0
"15974",0,0,0,0,0,0
"242521",2108,1683,1538,1777,1671,1694
"435791",1,0,0,0,1,1
"100041062",0,1,0,0,0,0
"545645",3,2,7,2,4,4
"545646",2,2,2,1,8,2
"545647",1,2,2,1,9,3
"545648",1,0,1,1,4,0
"319146",1,4,6,9,5,3
"545649",18,11,6,6,12,7
"545650",12,9,4,7,14,13
"545651",6,14,12,5,15,6
"545652",17,15,12,4,7,7
"545653",2,3,6,3,4,1
"545654",1,1,1,2,3,0
"545655",1,0,1,3,7,0
"668208",10,16,8,6,17,12
"15970",0,0,1,0,0,0
"15964",0,0,0,0,0,0
"15969",0,0,0,0,0,0
"15968",0,0,0,0,0,0
"15967",0,0,0,0,0,0
"15962",0,0,0,0,0,0
"230405",0,0,0,0,0,0
"723895",10,7,13,11,8,4
"100040617",3,2,7,4,4,6
"66902",1114,873,867,1052,918,874
"12578",2103,1614,1809,1942,2104,1825
"12579",908,767,818,822,952,810
"242523",2,0,2,2,0,0
"236537",0,0,0,0,0,0
"619842",0,0,0,0,0,0
"15569",15,18,10,18,14,9
"620016",27,41,34,28,40,28
"69314",0,0,0,0,0,0
"69136",25,26,22,28,28,14
"67770",104,90,74,92,80,73
"100862232",0,0,0,0,0,0
"18786",2734,2200,2187,2333,2242,1992
"667250",15,19,10,18,17,15
"67694",555,365,406,411,439,374
"100061",6,3,6,2,5,3
"100124456",0,0,0,0,0,0
"21687",9,4,4,9,8,5
"67753",12,8,10,9,10,8
"100039252",115,82,99,83,117,74
"320713",449,325,321,362,255,281
"665029",0,0,0,0,0,0
"16476",2635,2139,2284,2456,2350,2109
"100042411",0,0,0,1,0,0
"75578",253,177,177,205,185,139
"319247",3,0,0,1,1,0
"77963",128,101,104,127,97,73
"230459",0,1,0,3,0,0
"242546",0,0,0,0,0,0
"100066",0,0,0,0,0,0
"665095",0,0,0,0,0,0
"13110",186,144,142,174,143,132
"74519",12,10,8,7,4,13
"13109",0,0,0,0,0,0
"620779",18,12,6,14,9,6
"620883",30,22,17,39,27,31
"319865",1,1,0,0,0,0
"18027",213,149,170,183,161,161
"100502875",0,0,0,0,0,1
"100502857",0,0,0,1,1,2
"78687",2,0,0,0,2,2
"94043",636,523,605,662,664,549
"12695",3941,3180,2434,3527,2523,2926
"381591",0,1,1,0,0,1
"242553",0,0,1,0,1,0
"399570",8,5,4,8,3,5
"545660",0,0,0,0,0,0
"230484",436,356,338,356,319,320
"67299",1030,714,703,846,599,748
"30924",0,0,0,0,0,0
"100861936",0,0,1,1,0,0
"242557",231,189,199,195,178,156
"100038722",0,0,0,0,0,0
"15221",3,5,4,3,3,2
"320438",72,63,63,56,59,35
"67733",41,23,29,27,16,20
"230500",27,17,23,19,12,33
"72157",2959,2493,2755,2870,2643,2546
"26563",31,28,24,32,20,27
"381534",3,0,0,2,1,2
"320508",165,111,85,142,95,140
"242570",24,18,22,19,23,23
"16451",1938,1490,1435,1803,1425,1513
"77866",20,6,13,18,16,9
"387143",0,0,0,0,0,0
"68400",3,1,4,1,0,2
"11639",241,219,333,266,265,249
"72685",12,9,11,15,11,9
"230514",985,727,797,782,861,732
"16847",1,2,1,2,1,0
"545662",0,0,0,0,0,0
"242574",0,0,1,0,0,0
"381535",0,1,0,0,0,0
"332923",0,1,0,0,0,0
"381536",0,0,0,0,0,0
"18578",304,231,278,328,287,277
"73094",12,4,7,13,7,7
"100504717",0,0,0,0,0,0
"67344",0,0,0,0,0,0
"100473",0,0,0,0,0,0
"23919",0,0,0,0,0,0
"242584",37,22,17,22,23,22
"71148",657,480,545,531,500,487
"242585",191,163,135,127,120,131
"70941",0,0,0,0,0,0
"71650",0,0,0,1,0,0
"67013",203,193,208,188,195,187
"622167",0,0,1,0,1,0
"100862081",3989,2798,3277,3386,3370,2821
"100038724",0,0,0,0,0,0
"13131",2,3,1,6,0,0
"110382",0,0,0,0,0,0
"230558",0,0,0,0,0,0
"242594",15,12,16,5,9,14
"108079",2257,1748,1343,1898,1263,1421
"67916",895,769,742,845,793,689
"100502629",0,1,0,0,1,0
"329908",2672,2004,1479,2257,1347,1973
"100102",330,231,267,286,271,323
"140475",0,0,0,0,0,0
"74754",2684,2053,2228,2567,2461,2372
"242602",0,0,0,1,0,0
"230576",0,3,2,2,1,2
"230577",112,74,76,64,83,89
"72354",1068,807,879,938,862,859
"381538",1,2,1,5,2,4
"230579",3,0,1,1,1,0
"329910",408,357,321,371,300,327
"72475",2313,1848,1887,2076,1903,1745
"56280",1232,1032,1047,1165,1060,954
"230582",162,109,146,117,159,114
"242603",0,0,0,0,0,0
"66526",576,380,400,470,410,382
"56374",2159,1541,1680,1802,1737,1643
"100862108",0,0,0,0,0,0
"546840",0,0,1,0,0,0
"77809",430,333,341,369,340,314
"72938",119,79,90,113,115,88
"13370",3,2,1,1,1,0
"230584",302,241,264,281,262,211
"72787",224,169,173,177,152,207
"230587",43,19,43,36,30,26
"56296",0,0,0,0,0,0
"16975",272,189,184,253,232,225
"619295",1,0,0,0,1,0
"17149",354,295,297,347,356,305
"74098",396,348,344,367,386,321
"12896",630,468,570,568,550,480
"242607",2,1,3,2,0,1
"242608",24,18,24,25,12,18
"20280",2062,1674,1751,1756,1884,1717
"52430",41,34,60,54,42,39
"230590",0,0,0,0,0,0
"414872",1593,1269,1014,1437,1013,1150
"69893",241,186,170,217,193,172
"545667",0,0,1,1,0,0
"67305",230,199,212,228,207,160
"230594",690,527,511,633,420,481
"100040110",0,0,0,0,0,0
"230596",413,362,325,391,393,320
"18392",10,7,4,11,6,7
"319965",567,496,518,544,566,448
"230597",463,430,392,460,404,433
"73133",67,56,48,67,46,47
"70533",1463,1149,1135,1239,1181,1065
"66073",418,306,331,374,365,311
"100087",481,401,406,461,438,398
"69908",24,34,37,30,18,15
"77173",0,0,0,0,0,0
"230598",4536,3669,3279,4049,3293,3269
"791075",8,4,3,5,4,4
"100273",2671,2242,2095,2244,1943,2102
"108802",691,558,625,597,495,566
"13858",1774,1317,1276,1462,1265,1314
"230603",75,53,59,68,39,50
"29864",7287,5959,5350,6250,5787,5046
"67646",0,0,0,0,0,1
"319743",13,13,11,10,15,7
"12580",302,215,243,298,282,231
"14084",1565,1274,1270,1405,1360,1216
"242620",5,16,28,27,28,14
"15572",3,2,11,8,6,3
"78933",0,2,0,0,0,0
"67621",4,3,7,1,3,0
"67946",271,224,204,249,213,184
"230612",0,0,0,0,0,0
"639774",0,0,0,0,0,0
"328505",1,0,1,1,1,1
"639781",0,0,0,0,0,0
"320640",1,0,0,0,2,1
"195564",0,0,0,0,0,0
"329918",0,0,0,0,0,0
"630887",0,0,0,0,0,0
"329919",0,0,0,0,0,0
"230613",0,0,0,0,0,0
"230622",0,0,0,0,0,0
"433745",4,5,5,4,8,7
"242627",0,0,1,0,0,0
"230623",0,0,0,0,0,0
"666048",67,56,68,55,100,58
"433746",0,0,0,0,0,0
"17301",7,5,7,13,12,10
"100040736",41,27,28,22,26,33
"30923",0,0,0,0,0,0
"66588",712,527,546,641,566,512
"20460",17,11,13,14,16,10
"21349",0,0,0,0,0,0
"67182",1,0,0,0,2,1
"81906",0,0,0,0,0,0
"230639",0,0,0,0,0,0
"277753",0,0,0,0,0,0
"13118",1,2,0,0,0,0
"435802",0,0,0,0,0,0
"13119",0,0,0,0,0,0
"13117",0,0,0,0,0,0
"666168",0,0,0,0,0,0
"631037",0,0,0,0,0,0
"100040843",0,0,0,0,0,0
"13120",1,0,0,0,0,0
"230648",1153,895,867,1000,844,950
"75173",6,1,3,5,6,5
"230649",219,209,209,283,242,213
"100465",118,69,82,69,78,74
"17346",475,429,441,381,359,360
"654462",0,0,0,0,0,0
"140477",1,1,0,0,0,0
"14073",4,6,1,1,2,0
"72181",780,590,683,605,613,543
"100502897",127,103,107,129,146,93
"66576",3633,3062,2887,2916,2873,2526
"230654",1153,842,932,983,961,920
"19366",25,18,21,12,15,12
"68075",86,50,51,71,59,81
"68273",2403,2021,2089,2106,2063,2089
"66805",36,25,37,38,28,36
"67323",0,0,1,0,0,0
"433748",8,5,7,5,5,8
"18710",1198,964,859,1043,820,893
"17776",6869,5531,5554,5904,4977,5313
"16351",318,272,297,278,253,264
"230657",391,329,335,339,389,331
"77110",923,747,751,836,776,747
"654318",12,12,11,20,17,17
"622665",33,22,29,19,20,18
"50927",450,327,349,395,342,329
"58810",6487,5048,5349,5415,5606,5013
"100502959",2,5,3,2,2,5
"18477",6616,4831,4794,5555,5664,4877
"67096",535,434,445,511,464,452
"68394",97,63,86,64,78,56
"230661",176,132,129,148,127,113
"68276",152,129,141,130,143,114
"70603",29,38,26,33,27,28
"242642",36,26,34,36,29,35
"100502973",1,1,3,1,1,0
"74464",17,9,17,11,13,5
"22275",950,848,845,820,782,768
"76608",1195,1023,961,1165,918,926
"108067",585,455,467,532,511,453
"19207",6,2,5,4,4,1
"78611",143,100,127,119,118,108
"242646",2,0,0,0,0,1
"12795",195,134,155,169,123,123
"20116",9883,7837,8310,8488,9509,7768
"100217424",0,0,0,0,0,0
"100216533",1,0,1,1,4,2
"73804",11,3,4,4,0,1
"381544",5,5,5,10,6,8
"100862255",0,0,0,0,0,0
"68777",172,177,206,158,174,187
"66743",553,491,481,521,541,489
"100503023",1,1,0,0,2,1
"140546",1296,1132,1234,1235,1254,1169
"66233",394,309,331,373,363,334
"75753",0,0,1,1,2,0
"14664",814,581,735,636,572,609
"381546",25,13,20,19,22,23
"53418",315,245,272,350,313,257
"114143",2106,1578,1723,1766,1784,1564
"67728",157,138,133,133,124,133
"230673",2203,1708,1849,1842,1753,1848
"11876",17,14,13,14,3,10
"20441",1017,885,919,1016,981,877
"230674",1699,1395,1362,1596,1323,1359
"19268",2312,1817,1734,2136,1597,1601
"68180",37,27,36,50,47,32
"230676",749,419,515,606,440,436
"80509",652,590,656,595,654,596
"54325",1317,1085,1163,1212,1208,996
"107995",29,32,37,15,30,25
"17480",0,0,0,0,0,0
"21846",0,1,0,0,0,0
"66451",0,0,0,0,0,0
"230678",0,1,3,2,1,5
"68625",1,0,1,0,2,1
"69072",1006,804,811,908,904,772
"100041290",0,2,1,1,4,1
"18363",0,0,0,0,0,0
"258708",0,0,0,0,0,0
"258852",0,0,0,0,0,0
"258301",0,0,0,0,0,0
"258851",0,0,0,0,0,0
"258259",0,0,0,0,0,0
"258306",0,0,0,0,0,0
"435804",0,0,0,0,0,0
"258265",0,0,0,0,0,0
"258159",0,0,0,0,0,0
"258331",0,0,0,1,0,0
"258214",0,0,0,0,0,0
"258394",0,0,0,0,0,0
"100038571",0,0,0,0,0,0
"100470",0,0,0,0,0,0
"20525",627,502,673,608,618,539
"100316707",0,0,0,1,1,1
"100503370",2,0,2,1,1,3
"195522",243,195,204,190,178,141
"27028",133,71,87,101,61,70
"69216",2236,1788,1842,1863,2145,1713
"75180",18,20,13,16,18,16
"230696",540,448,343,483,355,388
"56401",1521,1203,1322,1394,1259,1322
"242653",0,1,0,0,0,0
"22608",14795,12268,12017,13676,13839,12183
"66101",145,119,98,134,138,85
"73332",34,22,28,32,36,31
"100862319",0,0,0,0,0,0
"106564",136,116,140,131,161,126
"332934",3,1,1,1,0,1
"194237",12,13,9,20,4,4
"433752",50,56,72,77,67,54
"230700",1896,1423,1396,1669,1439,1349
"14915",2,0,3,1,2,2
"14916",7,3,1,5,5,6
"16656",96,52,54,92,37,68
"13615",3,0,1,0,0,0
"329934",558,494,530,572,593,518
"29871",612,478,483,534,466,464
"194219",4,0,1,1,0,0
"51797",1522,1266,1231,1360,1200,1150
"667063",0,0,0,0,0,0
"56222",12,8,7,15,11,10
"60613",1650,1342,1182,1632,1314,1290
"18046",994,860,822,921,877,847
"387227",0,1,0,0,1,0
"723836",0,0,1,0,0,0
"242662",3,1,5,3,3,3
"73172",92,59,70,72,73,63
"381549",11,13,12,9,4,9
"69780",947,725,704,833,741,772
"12840",2,0,0,1,5,1
"230709",1301,1008,966,1061,937,926
"69469",0,0,0,0,2,0
"109263",1349,1025,978,1196,937,966
"545677",0,0,0,0,0,0
"666914",0,0,0,0,0,0
"666921",0,0,0,0,0,0
"100504652",0,0,0,0,0,0
"666927",0,0,0,0,0,0
"100862019",0,0,0,0,0,0
"666931",0,0,0,0,0,0
"77432",1,0,0,0,0,0
"19063",1829,1398,1468,1461,1450,1317
"12331",1832,1338,1550,1668,1624,1364
"100504506",0,0,0,0,0,0
"76574",221,171,193,215,188,188
"16918",278,260,223,227,218,248
"66966",740,596,567,568,605,554
"12164",113,90,127,99,97,103
"353371",2,0,3,5,0,1
"56031",362,369,335,343,400,278
"170638",8,5,6,16,7,5
"230718",8,8,2,5,7,2
"56198",545,337,471,418,393,354
"622334",0,0,1,0,0,0
"230721",9242,7447,7950,8786,8474,7563
"12163",46,37,51,32,43,37
"64059",5,2,5,4,0,1
"11426",28828,17866,12422,22750,9842,19410
"442834",751,561,242,636,210,552
"595136",1686,1296,1406,1339,1524,1221
"68050",2254,1874,1795,1894,1805,1661
"230726",61,55,47,50,42,40
"100038647",16,11,6,12,8,18
"56309",690,552,512,556,607,516
"54170",1662,1225,1191,1502,1344,1274
"78460",0,0,0,0,0,0
"108809",1,0,0,1,0,1
"18991",2,4,3,4,3,8
"67205",967,801,781,907,965,757
"14201",1797,1470,1607,1679,1715,1658
"75062",876,773,690,774,718,689
"735277",0,0,1,1,0,1
"16330",633,469,499,476,395,376
"735263",0,0,0,0,0,0
"17764",1450,1121,1009,1101,961,1097
"68920",95,85,128,157,155,109
"230734",313,254,273,260,301,232
"215090",8,4,2,10,3,9
"230735",2,2,0,3,0,2
"73628",0,0,0,0,0,0
"52276",8,16,15,13,18,16
"194268",242,154,214,155,200,127
"192199",0,0,1,0,1,0
"230737",1700,1407,1488,1581,1481,1286
"75563",2,3,2,4,5,3
"76793",244,192,239,229,221,206
"70088",135,128,112,138,151,124
"230738",378,261,355,330,349,287
"14807",72,50,48,46,31,48
"72395",0,0,0,1,0,0
"12986",1,0,0,0,0,0
"66407",662,499,615,627,650,554
"230751",113,86,61,101,72,69
"116748",138,131,120,109,159,128
"74178",656,535,601,568,573,545
"230752",133,95,93,137,130,91
"66938",8,5,5,13,9,5
"230753",4448,3384,3288,3564,3138,3034
"245877",12724,10346,11267,11653,11334,10786
"27096",1012,811,809,793,901,817
"329941",19,19,16,19,10,13
"100206",236,186,192,241,206,165
"100048926",1,3,7,3,5,1
"24084",12,5,6,5,4,5
"214150",325,217,149,270,132,245
"236511",880,650,582,787,540,589
"76850",288,213,204,260,212,214
"269582",21,17,18,13,12,17
"230757",454,403,375,429,409,352
"26445",1393,1100,1146,1210,1282,1142
"332937",1,0,0,2,1,2
"26562",836,672,665,806,738,750
"100317",1443,1262,1100,1289,1158,1223
"67785",1087,824,706,937,731,738
"71514",2290,1634,1689,2020,1731,1596
"68310",181,158,160,149,120,148
"100177",300,249,223,269,214,211
"100039968",28,21,29,28,31,26
"242667",2,5,4,3,6,0
"80284",404,319,317,311,350,334
"14612",65,46,35,43,35,30
"14620",27,12,16,20,20,12
"14621",2,7,2,5,3,2
"14622",1,0,6,3,8,3
"667296",0,0,0,0,0,0
"635169",0,0,0,0,0,0
"329942",0,2,4,0,1,0
"74989",0,0,0,0,0,0
"69317",0,0,0,0,0,0
"269585",183,116,104,175,96,109
"384059",0,0,0,0,0,0
"54383",1816,1458,1667,1583,1675,1535
"215493",10,5,6,6,2,2
"230761",265,215,212,254,228,222
"67525",65,55,60,59,50,55
"242669",218,125,170,209,195,183
"11637",848,651,718,772,840,709
"67349",11,5,9,7,1,3
"75234",890,699,747,778,791,743
"66260",109,68,76,66,83,53
"15444",17,18,16,22,14,5
"384061",5262,4696,4741,4878,5043,4495
"74648",209,162,140,211,133,128
"107271",1757,1446,1451,1638,1521,1393
"97130",612,426,441,466,441,427
"68828",2422,2055,1719,2264,1804,1937
"19646",5679,4474,4723,4807,4779,4394
"67106",362,262,293,318,347,304
"73680",65,53,69,64,53,45
"215627",2,0,2,2,3,0
"100383",1807,1438,1351,1446,1367,1420
"58864",0,0,1,0,0,0
"68233",0,0,0,0,0,0
"17357",408,298,371,384,487,322
"433759",916,735,838,765,756,700
"16818",5,0,2,0,2,0
"230766",0,0,0,0,0,0
"54709",2002,1632,1621,1715,1670,1481
"76799",1053,891,922,918,971,791
"100504491",197,166,183,206,185,147
"230767",276,246,220,264,221,174
"66264",130,89,71,75,89,61
"109658",1444,1156,1119,1303,1032,1080
"100861795",0,0,0,0,0,0
"100861783",0,0,0,0,0,0
"16650",4070,3301,2862,3370,2859,3010
"230770",131,83,110,99,116,98
"20218",1755,1323,1323,1686,1377,1291
"19244",19151,15919,15761,16179,15933,14988
"319894",0,0,0,0,0,0
"622480",5,1,2,6,2,0
"72225",13,4,11,12,6,13
"230775",24,15,15,19,19,19
"107581",871,499,621,801,647,602
"67898",847,729,670,713,765,651
"230777",0,0,0,0,0,0
"94242",162,81,158,242,194,175
"332942",0,0,1,0,0,0
"230779",3191,2546,2771,2555,2745,2630
"14077",2632,2573,2564,2324,2662,2454
"619605",1117,952,891,954,1009,858
"66585",391,357,346,388,418,334
"67149",632,494,535,667,572,538
"80912",2214,1709,1492,1962,1420,1564
"100217460",2,0,0,0,0,0
"20970",1269,948,1075,1155,1048,1044
"16792",87,73,62,55,76,58
"17180",0,0,1,1,2,0
"19273",12,8,12,9,6,13
"26922",254,219,251,245,234,163
"57317",853,643,743,736,740,616
"545681",0,0,1,1,1,0
"623230",11,5,1,8,2,2
"269587",437,330,324,339,338,362
"18386",0,1,1,0,0,0
"664894",0,1,0,0,0,0
"213541",1256,944,983,1050,1053,942
"664903",12,4,7,4,1,4
"56809",731,561,534,580,588,535
"353373",0,0,2,1,0,0
"66464",610,503,517,526,519,425
"242681",3,4,2,2,5,4
"100039864",218,167,190,154,213,184
"100310813",1,0,4,1,1,1
"100217418",3,0,4,2,2,0
"100217440",3,3,7,0,1,3
"100217437",3,3,3,2,3,4
"71787",232,185,194,226,223,204
"100862259",7,6,8,9,2,2
"100088",356,262,284,307,271,237
"399101",1,0,2,2,1,0
"100306945",0,0,0,0,0,0
"100306944",16,12,13,18,16,9
"100169",1169,868,934,954,736,782
"67219",62,48,61,76,58,64
"230784",404,290,324,437,353,339
"11983",1036,787,780,893,941,774
"68598",1917,1549,1536,1681,1616,1445
"19204",1,0,0,2,0,0
"14050",1216,1012,1002,1041,935,875
"381560",258,162,192,210,167,155
"100340",31,27,24,32,23,23
"19891",226,237,235,240,274,205
"230787",0,0,0,0,0,1
"100336",677,531,517,533,525,482
"100226",1520,1267,1186,1372,1186,1182
"230789",592,455,490,495,460,432
"14191",0,0,1,0,0,0
"230793",3135,2355,2564,2624,2312,2362
"242687",1617,1148,1182,1494,1182,1226
"14748",21,23,14,12,8,12
"69655",3,3,8,11,5,4
"53608",111,82,104,96,110,84
"269589",15,18,12,13,10,8
"52174",459,383,373,372,452,355
"230796",2055,1779,1630,1800,1674,1681
"20544",1188,897,1019,1022,804,867
"100628620",0,0,0,0,0,0
"100342",212,205,264,190,184,177
"69539",44,34,38,48,34,36
"69073",0,2,0,0,0,0
"18221",1796,1493,1529,1637,1728,1433
"23957",0,0,0,0,0,0
"242691",91,66,78,95,94,77
"100210",231,241,241,217,255,190
"55948",46,39,42,39,35,40
"503610",575,466,472,524,524,454
"545683",0,0,0,0,0,0
"230801",204,139,179,167,159,165
"93760",2211,1589,1497,1987,1387,1663
"20111",99,73,84,72,76,71
"15331",1459,1059,1146,1479,1543,1235
"67422",1183,948,1009,1044,993,978
"83557",1,3,1,0,1,1
"230806",10,5,7,13,4,5
"23833",0,0,0,0,0,0
"67586",34,38,33,39,46,33
"73723",374,314,349,377,443,349
"70012",449,418,390,398,385,378
"665186",1,0,3,1,0,0
"329954",1,1,3,3,3,0
"194231",68,40,65,40,47,56
"68040",87,85,71,66,72,63
"77490",0,1,1,0,0,1
"72690",7,4,4,5,5,7
"230809",144,89,96,116,84,84
"433766",1498,1240,1248,1279,1227,1127
"230810",86,62,72,82,70,73
"56219",462,432,381,379,363,394
"100163",408,314,308,335,346,272
"69409",1,1,1,0,0,2
"16765",214,216,174,241,231,157
"71904",246,195,186,182,189,171
"69885",2,2,4,2,4,1
"76824",3714,2913,3045,3055,2974,2793
"74777",807,589,648,770,752,627
"230815",1130,828,933,980,954,870
"100017",501,368,417,481,391,354
"66146",1378,1123,1203,1201,1115,1006
"19746",15,3,10,10,13,8
"71817",1476,1041,1207,1204,1199,1058
"27981",1627,1251,1675,1493,1506,1101
"68592",905,757,776,835,809,641
"100862090",0,0,0,0,0,0
"12399",20,24,17,10,17,20
"29876",5486,4790,4677,5228,4611,4834
"51796",2521,1943,2126,2116,1878,1588
"230822",0,2,0,0,0,3
"100503475",0,1,1,0,0,0
"53902",245,202,220,247,188,174
"735285",1,0,0,0,0,0
"74552",330,318,289,302,237,237
"78806",4,1,1,4,2,3
"230824",219,179,151,149,140,128
"73937",0,0,0,0,0,0
"242700",12,8,21,14,8,13
"230828",0,0,0,0,0,0
"242702",17388,14498,12881,15978,12191,13443
"14105",1243,947,944,1007,975,888
"52830",1116,916,945,994,949,840
"12802",0,0,0,0,0,0
"71665",546,379,424,433,433,398
"15356",709,588,572,573,592,544
"74246",248,192,219,186,245,200
"26394",718,585,643,675,695,630
"66193",346,263,277,316,363,275
"27224",1928,1608,1454,1679,1489,1455
"67025",7206,5930,5757,6406,6732,5707
"15903",218,128,156,161,181,128
"242705",1547,1349,1085,1272,1123,1048
"230837",297,176,220,261,210,215
"21401",278,271,330,269,302,230
"22704",747,535,586,668,586,522
"74326",1699,1281,1342,1327,1290,1255
"100503101",5,7,7,1,5,2
"15552",2,3,2,5,5,3
"320133",2,1,1,1,1,1
"269593",3484,2766,2336,2943,2124,2319
"99982",1779,1343,1366,1518,1467,1310
"67663",0,0,0,0,0,0
"242707",1,0,0,1,0,0
"13844",951,721,654,827,693,695
"100862132",0,0,0,0,0,0
"12260",0,0,0,0,0,0
"12262",0,0,0,0,0,0
"12259",1,0,1,0,0,0
"13842",3,0,0,1,0,0
"230848",442,339,335,397,284,321
"100503595",0,0,0,0,0,0
"22417",328,312,279,330,322,266
"12540",9504,7614,7558,8265,7469,7068
"242711",0,0,0,0,0,0
"67868",2,1,0,0,1,0
"69380",135,106,83,65,128,76
"15530",29707,19605,18455,24997,13853,21386
"435811",10,4,5,4,8,1
"170707",986,766,734,735,658,625
"110351",536,445,433,467,370,364
"100862140",0,0,0,0,0,0
"11647",0,1,3,3,3,0
"230857",4107,3039,3184,3491,2879,3079
"100503664",2,0,2,1,0,0
"230861",5287,4139,4018,4636,3680,3829
"15441",3658,2893,2826,3320,2913,2787
"230863",28,23,25,29,20,22
"16559",14,11,23,17,16,14
"13200",2152,1699,1844,2022,2068,1741
"68943",3699,3230,3340,3527,3660,3282
"72269",13,6,5,19,14,14
"625638",0,0,1,0,0,2
"68350",984,823,831,982,826,828
"66259",84,58,78,88,90,43
"75718",0,2,0,1,0,0
"212190",2,0,0,1,0,0
"18781",0,0,0,0,1,0
"26971",0,0,0,0,0,1
"18782",4,3,6,1,6,0
"18784",0,0,0,0,0,1
"18780",0,0,0,0,0,0
"26970",24,14,22,19,29,17
"73162",678,536,464,505,465,490
"66825",0,0,0,0,1,0
"77056",281,240,232,258,259,229
"15565",3,1,0,0,2,1
"17965",1952,1518,1682,1723,1733,1559
"433771",1727,1349,1303,1442,1439,1256
"100038595",1,1,1,1,3,2
"12345",7140,5782,6040,6166,6250,5769
"212555",159,155,155,143,129,127
"110198",457,391,412,489,448,393
"69902",678,498,586,608,617,559
"230866",2412,1904,2139,2130,1811,1992
"69116",7907,5590,4253,6592,3400,5856
"212632",1075,770,790,865,794,727
"212647",1200,1014,957,1080,1003,949
"83770",6,0,1,0,1,0
"18509",211,170,203,148,182,137
"71235",0,0,0,0,0,0
"242721",25,12,18,20,19,20
"230868",1,0,1,0,0,0
"791389",0,0,0,0,0,0
"72754",1667,1283,1490,1463,1339,1445
"108911",1698,1243,1419,1441,1415,1183
"242726",6,2,3,3,3,1
"18602",8,6,12,7,8,13
"18601",123,87,87,98,92,82
"100049161",3,0,0,0,1,0
"18599",33,28,24,39,20,21
"75128",0,3,3,5,5,3
"18600",5844,5465,5354,4772,4227,4852
"100503750",1,0,1,2,0,0
"100126227",12,3,10,8,13,1
"67680",2993,2714,2662,2632,2793,2486
"74772",780,612,608,621,575,620
"17150",21,26,28,43,31,16
"230872",262,152,195,214,194,151
"100862201",0,0,0,0,0,0
"66147",402,263,307,343,337,291
"329972",3,3,2,1,1,1
"213491",2570,2192,2160,2223,2239,2042
"213499",597,468,475,574,450,487
"76166",9,11,9,5,9,5
"329973",0,3,2,2,0,0
"213649",259,202,223,217,235,200
"100503810",14,10,7,10,9,11
"13836",505,407,428,431,384,377
"277743",5,14,8,16,14,12
"12733",16,13,14,18,19,23
"100503826",1,1,1,4,2,0
"56365",4,6,5,13,0,10
"29818",9961,9453,9892,9457,9309,9412
"277744",3,2,2,0,0,1
"22642",865,763,809,715,742,681
"56381",1913,1452,1116,1498,1029,1351
"320456",21,20,31,24,32,31
"74202",609,545,621,528,542,495
"213989",11,8,9,4,4,7
"100165",4,4,3,0,5,4
"384071",17,26,31,23,18,15
"100862238",0,0,1,1,0,0
"69582",1185,930,934,1010,842,845
"68817",399,263,212,355,225,293
"69994",1,0,0,1,1,0
"75986",12,10,12,4,11,9
"214063",1032,857,782,863,735,800
"12371",244,213,195,255,210,191
"13706",0,0,0,0,0,0
"76701",0,0,0,0,0,0
"69139",0,0,0,0,0,0
"27984",404,299,312,361,352,299
"100862248",0,0,0,0,0,0
"329977",71,69,73,87,80,52
"545691",0,0,0,0,0,0
"78917",0,0,1,0,0,0
"214359",3,1,1,2,1,0
"100038693",0,0,0,0,0,0
"71529",22,19,35,38,28,25
"70725",0,0,0,0,0,0
"110593",2666,2109,1893,2190,1811,2006
"100503517",16,5,6,1,12,3
"14726",1971,1435,1508,1763,1800,1648
"242735",24,24,28,18,21,20
"621961",32,17,30,33,31,30
"83491",0,1,0,0,0,0
"242736",379,250,313,304,291,203
"242737",0,0,0,0,0,0
"545693",0,3,0,0,0,0
"100040854",0,3,0,0,0,0
"100040861",0,1,0,0,0,0
"329986",2,0,0,0,0,0
"666049",0,0,0,0,0,0
"279185",0,3,0,0,0,0
"277668",0,0,0,0,0,0
"277667",0,0,0,0,0,0
"277666",0,0,0,0,0,0
"194227",0,0,0,0,0,0
"381569",0,0,0,0,0,0
"194225",0,0,0,0,0,0
"195555",0,0,0,0,0,0
"329984",1,0,0,0,0,0
"626943",0,0,0,0,0,0
"347710",0,0,0,0,1,0
"100041077",0,0,0,0,1,0
"100012",0,0,0,0,0,0
"381570",0,0,0,0,0,0
"97187",0,0,0,0,0,0
"100861947",105,63,110,74,74,56
"384077",0,0,0,0,0,0
"626995",0,0,0,0,0,0
"433779",0,0,0,0,0,0
"627009",0,0,0,0,0,0
"77632",4,4,0,3,1,1
"78723",0,0,0,0,0,0
"69364",0,0,0,0,0,0
"791356",0,0,0,0,0,0
"230883",0,0,0,0,0,0
"381572",0,0,0,0,0,0
"627085",0,0,0,0,0,0
"435815",0,0,0,0,0,0
"230890",0,0,0,0,0,0
"546849",0,0,0,0,0,0
"329993",0,0,0,0,0,0
"20148",74,60,81,75,74,71
"230895",1851,1312,925,1579,778,1358
"21938",356,242,239,306,283,250
"21941",0,1,0,0,0,0
"545700",15,12,15,21,20,7
"195576",0,0,0,0,0,0
"433801",68,61,32,88,60,66
"384081",0,0,0,0,0,0
"100041379",0,2,2,1,0,1
"666351",0,3,2,2,0,0
"70005",167,120,143,149,132,102
"236069",4,4,3,1,3,4
"100861993",0,0,0,0,0,0
"627585",15,10,10,6,6,11
"666445",0,0,0,0,0,0
"626316",0,0,0,0,0,0
"667666",0,0,0,0,0,0
"666474",0,3,2,4,0,0
"433791",57,37,50,72,49,41
"100041433",0,0,0,0,0,0
"67524",0,0,0,0,0,0
"666390",0,2,2,6,1,1
"100503000",76,66,74,77,66,51
"673430",1,0,0,0,0,0
"100041490",1,3,0,4,0,1
"100861620",0,0,0,0,0,0
"100862027",0,0,0,0,0,1
"666498",0,0,0,0,0,0
"385211",0,0,0,0,0,0
"100043034",0,0,0,0,0,1
"71270",0,0,0,0,0,0
"666514",0,0,0,1,0,0
"666532",174,114,143,145,121,104
"100503403",0,0,0,0,0,1
"666574",0,0,0,0,0,0
"195531",52,31,27,39,35,77
"545718",0,0,1,0,0,0
"100038537",0,0,2,0,0,0
"433804",0,0,0,0,0,0
"112422",8,2,3,8,4,7
"100503584",0,0,0,0,0,0
"100041677",204,205,155,238,204,175
"277692",7,7,5,2,6,6
"242747",270,189,168,157,173,158
"100861716",0,0,0,0,0,1
"28010",196,123,161,148,156,96
"14349",97,92,83,91,74,85
"170731",5439,4555,4184,4826,4055,4380
"18822",1172,905,1091,995,949,863
"77034",877,770,806,805,778,749
"100861724",0,0,0,0,0,0
"18158",19,11,16,4,28,10
"230899",12,4,12,8,8,9
"26372",347,276,277,295,220,247
"17769",1271,948,1031,1103,896,817
"433806",6,6,2,4,6,6
"11610",882,708,787,777,701,679
"70433",0,9,2,0,1,2
"71890",165,148,158,153,181,172
"50762",329,317,314,332,378,300
"230903",119,95,113,79,102,101
"230904",3,4,18,9,5,5
"242748",8,7,3,9,4,8
"71707",518,423,391,464,424,399
"56717",3572,2783,2421,3103,2171,2680
"654812",9,13,8,6,7,1
"50912",833,663,673,721,691,648
"20810",450,313,363,404,400,361
"17175",1,1,1,0,2,0
"230908",3547,2643,2847,2998,2827,2390
"230909",14,15,7,13,11,17
"69743",2394,1782,1801,2117,1601,1889
"56273",917,718,762,816,771,756
"13347",792,594,597,631,604,602
"12854",0,0,2,0,0,1
"69928",33,33,35,25,15,21
"110208",3269,2501,2633,3057,3011,2722
"16561",11285,8378,7152,9644,6822,8140
"63958",2486,1802,1833,2217,1834,1920
"63954",1,1,0,3,3,1
"66454",89,93,73,73,93,92
"100861760",0,0,0,0,0,0
"69151",874,705,617,771,659,621
"67087",386,322,315,321,296,276
"65945",1178,981,880,1148,1030,968
"18707",106,75,80,93,85,101
"230917",1128,840,892,1039,983,902
"70556",190,164,144,156,150,148
"74646",661,515,498,743,571,575
"100198",1595,1136,1128,1469,1141,1287
"723848",6,0,1,0,4,3
"269604",296,222,227,285,268,196
"56485",17,17,11,14,20,22
"435818",0,0,0,0,0,0
"12353",2,6,1,3,3,1
"13806",20382,16671,17968,19148,18328,16148
"68703",2023,1394,1409,1569,1191,1376
"100504672",0,2,1,0,0,0
"242773",3,2,3,2,7,1
"73348",0,0,0,0,0,0
"74155",1065,810,868,927,853,770
"57320",2549,2052,2175,2119,2340,1967
"21942",11,12,10,14,17,21
"24111",0,2,3,1,0,0
"18628",270,177,215,259,187,180
"100861773",0,1,1,0,0,0
"22319",975,738,718,838,819,709
"100072",239,181,183,200,181,145
"67748",0,0,0,0,0,0
"230935",1737,1404,1436,1601,1409,1386
"69876",491,412,483,433,510,409
"230936",383,291,336,352,304,320
"242785",2389,1944,2184,2233,2146,1912
"100090",125,100,112,129,115,95
"110326",1201,1043,929,1090,953,983
"74035",958,674,718,819,734,688
"269608",3577,2861,3076,3103,2827,2408
"85030",184,152,203,157,148,119
"56226",49,38,61,46,64,56
"15206",0,1,1,0,1,0
"70025",734,569,642,639,639,575
"100129",586,390,469,536,513,473
"15207",0,0,0,0,0,1
"57295",1695,1341,1371,1400,1373,1304
"433809",12,6,10,13,14,8
"19934",4373,3511,3503,3714,4248,3241
"269610",45,16,42,34,21,22
"16498",45,30,32,30,17,26
"260305",121,68,75,87,93,67
"330004",0,0,0,0,0,0
"230959",0,0,1,2,0,1
"407793",0,0,0,0,0,0
"97159",201,170,158,201,208,150
"13368",62,52,77,49,48,37
"230967",1599,1298,1182,1442,1081,1284
"72946",911,773,755,829,823,715
"68859",206,151,176,192,148,165
"381580",3,0,0,0,0,1
"22062",0,0,1,1,0,0
"59002",378,235,295,300,303,300
"67808",1543,1291,1342,1428,1465,1246
"230971",41,34,41,43,26,31
"230972",26,25,18,20,10,28
"70673",13,10,20,14,12,14
"100038561",0,0,0,0,0,0
"320939",2,1,2,5,3,0
"100042178",0,0,0,1,0,0
"73353",0,0,0,0,0,0
"242800",1,2,0,0,1,0
"27390",79,58,61,46,51,45
"66469",578,483,463,521,572,479
"230979",3,5,2,2,4,0
"15208",0,0,0,0,0,0
"269614",391,309,332,316,331,341
"269615",11,9,4,6,4,0
"668173",132,110,99,110,119,102
"67830",1878,1402,1542,1573,1493,1372
"76866",39,18,15,36,24,26
"20481",3368,2581,2648,3175,2819,2774
"100502668",5,2,4,3,4,3
"67513",374,266,291,311,295,313
"18762",64,57,36,47,41,38
"14403",457,426,406,464,542,431
"641454",3,2,2,0,3,3
"544678",65,58,58,64,66,53
"69671",4,7,13,10,9,6
"14688",4879,3772,3749,4307,4115,3856
"192185",1169,856,949,1058,976,963
"320541",460,314,394,330,355,302
"100502734",13,9,11,15,11,7
"12537",2581,2014,2113,2274,2178,1927
"26561",55,43,63,50,55,50
"76580",802,549,646,675,683,573
"230991",105,91,110,90,98,86
"68991",1108,906,965,928,1076,865
"381582",10,2,4,9,2,5
"108888",774,622,744,776,747,589
"70448",9,5,8,8,9,8
"246228",24,7,25,24,20,19
"320587",23,10,15,20,16,14
"242805",1,0,0,0,0,0
"66448",534,436,472,481,476,435
"56036",1098,836,1003,980,891,748
"100502778",4,2,8,2,6,2
"66077",972,770,763,789,880,766
"74761",1697,1195,1254,1407,1208,1241
"100861878",0,0,0,0,0,0
"13542",4422,3610,3831,3774,3639,3410
"83771",130,114,106,121,77,101
"79554",286,237,247,276,198,257
"71957",600,504,525,549,526,519
"433813",154,111,166,161,134,135
"140500",708,686,621,701,641,577
"140499",885,806,898,958,974,814
"67389",111,95,108,120,118,99
"117592",98,81,102,118,126,103
"20318",2431,1925,1964,2046,2111,1973
"22163",3,7,1,6,7,4
"100038526",45,24,32,32,26,16
"21936",61,40,34,45,35,16
"330010",0,0,0,0,0,0
"723865",0,0,0,0,0,0
"387242",0,0,0,0,0,0
"387243",0,0,0,0,0,0
"230996",64,57,79,85,79,50
"100045778",2,2,5,1,0,4
"11603",513,403,421,511,341,474
"100038882",44,42,28,37,29,76
"100382",6,3,7,2,5,6
"74183",94,58,102,79,63,83
"231002",71,46,44,62,48,38
"231003",248,233,267,263,259,171
"57741",1118,843,948,971,986,876
"231004",2,0,1,1,1,2
"22314",0,0,0,0,0,0
"670059",0,0,0,0,0,0
"236082",0,0,0,0,0,0
"100041504",0,0,0,0,0,0
"100041516",0,0,0,0,0,0
"100043918",0,0,0,0,0,0
"100039939",0,0,0,0,0,0
"100041536",0,0,0,0,0,0
"100862293",0,0,0,0,0,0
"100862324",0,0,0,0,0,0
"100862220",0,0,0,0,0,0
"100043921",0,0,0,0,0,0
"100041593",0,0,0,0,0,0
"100041599",0,0,0,0,0,0
"22308",0,0,0,0,0,0
"100861969",0,0,0,0,0,0
"100861978",0,0,0,0,0,0
"100503988",0,0,0,0,0,0
"100862000",0,0,0,0,0,0
"65956",0,0,0,0,0,0
"665845",0,0,0,0,0,0
"100039973",0,0,0,0,0,0
"108816",0,0,0,0,0,0
"100039344",0,0,0,0,0,0
"100862043",0,0,0,0,0,0
"100038993",0,0,0,0,0,0
"100039374",0,0,0,0,0,0
"100039053",0,0,0,0,0,0
"100504362",0,0,0,0,0,0
"674214",0,0,0,0,0,0
"171266",0,0,0,0,0,0
"100034726",203,185,171,194,181,192
"12571",119,83,65,101,66,82
"68152",579,469,532,416,474,376
"77036",34,25,26,35,24,18
"269623",117,70,84,86,69,75
"71382",283,218,214,263,210,249
"67210",1559,1314,1362,1334,1243,1231
"75010",0,0,0,0,0,0
"70797",986,702,648,817,600,730
"79264",1145,852,853,881,808,776
"242838",4,2,1,2,1,3
"545725",49,39,52,37,50,39
"100986",3057,2122,1651,2483,1417,2044
"13121",4107,2929,2936,3643,3286,3076
"208595",26,30,28,25,39,23
"14362",436,331,379,454,415,350
"18647",329,181,233,287,202,219
"381716",1,0,0,0,0,0
"64945",534,395,365,433,410,342
"207704",236,175,160,195,223,185
"667705",3,4,1,1,1,1
"207686",90,70,71,95,64,64
"74051",911,670,705,828,642,699
"70358",186,125,170,152,138,145
"207618",0,0,0,0,0,0
"70920",0,0,0,0,0,0
"117167",47,45,41,66,41,52
"109552",281,188,190,267,213,209
"11496",24,25,23,19,17,14
"100502898",0,0,0,0,1,0
"27214",76,69,88,68,67,67
"319653",123,90,107,126,128,85
"242819",4,4,4,4,0,2
"18671",19,12,17,24,25,14
"18669",101,72,76,81,71,55
"18670",358,303,326,305,293,330
"74114",329,247,253,280,286,248
"652925",11,11,17,17,26,16
"23857",602,523,522,611,475,404
"319689",11,4,8,9,4,6
"231014",14,24,14,31,10,17
"100124492",0,0,0,0,0,0
"108069",1,0,0,0,0,1
"381612",0,0,0,0,0,0
"623849",0,0,0,0,0,0
"545728",0,0,0,0,0,0
"667948",0,0,0,0,0,0
"70896",0,0,0,0,0,0
"623898",0,0,0,0,0,0
"69345",0,0,0,0,0,0
"668017",0,0,0,0,0,0
"623998",0,0,0,0,0,0
"545732",0,0,0,1,0,0
"108151",686,447,410,646,431,441
"100862252",2,2,1,4,3,1
"20346",738,507,518,569,479,507
"71026",4,6,14,3,4,2
"626067",11,7,10,7,2,5
"20349",2353,1871,1524,1850,1516,1532
"26875",267,163,120,213,91,172
"381714",0,0,0,0,0,0
"624245",0,0,0,0,0,0
"74062",0,0,0,0,0,0
"100503549",0,0,0,0,0,0
"66773",0,2,0,0,0,0
"100861702",0,2,0,0,0,0
"100861755",0,1,0,0,0,0
"100861621",0,0,0,0,0,0
"360220",0,0,0,0,0,0
"381715",0,0,0,0,0,0
"75858",0,2,0,0,0,0
"100502967",0,0,0,0,0,0
"75058",0,0,0,0,0,0
"100041781",2,0,2,1,3,4
"12293",9246,6809,5668,8044,5455,6692
"15234",41,20,20,38,19,22
"100041749",0,0,0,0,0,0
"70935",0,0,0,0,0,0
"20348",1788,1427,1255,1616,1274,1407
"100628584",0,0,0,0,0,0
"12491",1375,1136,955,1150,1025,1026
"242851",1,0,0,1,2,1
"14677",331,274,266,242,252,266
"100041818",0,0,0,0,0,0
"70832",26,14,17,8,12,9
"50791",75,79,67,90,75,68
"68770",906,718,682,794,600,718
"212090",221,191,207,199,214,153
"242860",290,219,222,220,177,204
"320770",54,40,43,47,43,42
"19248",2610,2096,1917,2280,1896,1886
"626903",0,0,0,0,0,0
"212167",146,106,118,127,117,110
"75172",2,2,4,4,0,2
"14190",2,0,0,1,1,1
"330050",133,128,126,129,128,122
"320118",40,41,38,30,32,28
"74511",428,378,392,288,323,282
"667253",1,0,0,2,0,1
"67211",267,191,240,257,255,200
"242864",120,87,88,96,93,100
"73078",1891,1563,1600,1711,1535,1520
"22791",1264,1046,1143,1204,1285,1042
"19181",3227,2694,2629,2814,2728,2553
"100861786",0,0,0,0,0,0
"80979",0,0,0,0,0,0
"19699",53,23,20,41,17,28
"26429",96,87,101,118,120,87
"100042049",11,4,8,8,8,5
"320719",18,8,6,15,7,12
"330052",0,0,0,1,0,0
"269629",0,2,0,2,3,1
"100503803",1,1,1,0,0,0
"269630",417,318,319,310,347,308
"69188",1577,1257,1246,1257,987,1099
"20817",1779,1456,1476,1535,1356,1209
"433855",223,188,154,200,130,174
"100526503",0,0,0,0,0,0
"78697",632,548,558,611,546,547
"72772",404,273,299,301,223,265
"330053",3,1,2,1,3,4
"66169",518,377,427,502,508,420
"67194",26,12,28,19,19,19
"100628569",2,0,0,0,0,0
"100217436",0,0,0,0,0,0
"84652",605,457,416,519,429,446
"627317",13,10,11,7,17,7
"52323",905,697,623,864,625,758
"231042",193,123,178,196,187,171
"16511",478,417,492,409,438,414
"18127",20,22,12,29,18,31
"213948",225,190,272,268,246,165
"74610",512,479,501,467,433,449
"171209",9,3,3,4,6,4
"12568",551,480,536,517,518,459
"20535",1986,1576,1623,1730,1608,1532
"66587",1867,1613,1677,1705,1689,1634
"64295",161,141,138,148,147,129
"213990",1984,1593,1736,1812,1830,1542
"231044",0,5,3,1,2,1
"117590",15,7,10,9,24,15
"231045",3,1,2,0,0,0
"27407",2776,2288,2303,2529,2229,2169
"100910",1241,960,894,1040,924,1011
"735264",0,0,0,0,0,0
"66993",2159,1810,1902,1891,2064,1843
"72252",0,0,0,0,0,0
"53312",1625,1289,1227,1405,1463,1384
"269633",0,0,0,0,0,0
"214301",1,1,3,0,2,1
"19744",1498,1196,1210,1368,1468,1127
"108099",342,268,265,331,245,293
"71161",2,0,1,0,0,2
"70258",0,0,0,0,0,0
"67261",7,9,14,8,5,6
"67909",0,0,0,0,0,0
"231050",523,400,416,426,454,403
"231051",942,643,521,766,408,667
"320965",22,19,25,19,19,18
"242891",0,0,0,0,1,0
"73571",21,17,13,15,19,14
"57434",46,56,38,44,44,45
"242894",88,67,68,67,81,57
"100862349",0,1,0,0,0,0
"100862359",0,0,0,0,0,0
"100862368",0,0,0,0,0,0
"100862388",0,0,0,0,0,0
"100038949",0,0,0,0,0,0
"272714",2,1,1,0,0,0
"545739",0,0,0,0,0,0
"75657",0,0,0,1,0,0
"664804",0,1,0,0,0,0
"100039045",0,0,0,0,0,0
"381622",1,1,0,0,0,0
"434689",0,0,0,0,0,0
"664837",7,7,11,6,6,9
"75942",0,0,0,0,0,0
"13483",896,608,651,706,621,608
"73526",5,0,3,3,0,0
"55982",442,371,341,388,344,298
"100504364",0,0,0,0,0,0
"15563",0,0,0,0,0,0
"100504484",0,1,0,0,0,0
"231070",2739,2097,2135,2614,2622,2398
"13799",3,2,3,8,13,3
"269637",0,0,0,0,0,0
"381626",1530,1218,1118,1288,1002,993
"20423",0,0,0,0,0,0
"654796",0,0,0,0,1,0
"56874",41,18,37,36,47,33
"56873",183,138,138,165,125,148
"78263",1,0,3,2,3,3
"433864",831,698,600,785,734,657
"15285",0,0,1,2,1,0
"100763",2654,1957,1882,2256,1828,1912
"332993",2,1,3,1,0,6
"23950",4997,3782,3894,4169,3892,3470
"97209",0,0,0,0,0,0
"16193",33,21,33,45,26,30
"22171",49,48,44,61,48,44
"242914",1,1,2,0,3,1
"433868",1,0,1,1,2,0
"242915",43,36,34,53,36,44
"97212",5299,4387,4324,4820,4292,4262
"231086",2330,1897,1961,2082,1939,1875
"100316709",0,0,0,0,0,0
"381628",7,3,1,1,1,0
"28042",760,583,547,616,543,551
"381738",4,2,9,6,8,1
"83762",0,1,0,1,0,1
"75434",0,0,0,0,0,0
"73259",0,0,0,0,0,0
"100502829",3,0,1,1,3,4
"16527",0,1,1,3,1,1
"74919",518,442,458,485,458,460
"12615",13,17,10,7,14,13
"65254",174,151,126,158,146,128
"100732",2697,2201,2252,2213,2296,1923
"100502845",7,3,5,4,5,0
"68796",1204,1015,1053,1133,964,943
"100861822",4,4,3,5,8,3
"231093",128,105,104,125,104,109
"67695",851,675,713,764,861,721
"100952",376,264,282,380,337,314
"16548",74,41,61,60,60,58
"68567",411,401,349,382,344,316
"57742",9,8,4,8,6,3
"50907",2657,2033,2143,2228,2105,2012
"69852",9,12,4,1,3,8
"330064",378,296,329,353,308,338
"381629",917,695,776,734,765,656
"69719",926,736,624,820,615,735
"22784",3,6,4,2,2,6
"791336",1,0,0,2,0,1
"231098",0,0,0,0,0,0
"58522",3160,2557,2562,2673,2798,2548
"22226",33,25,24,26,27,36
"17527",781,692,739,781,730,628
"71752",1191,987,981,1023,929,959
"100502906",0,0,0,0,0,1
"13667",1081,966,968,1001,1019,911
"266781",1714,1327,1480,1465,1448,1275
"101023",451,316,414,383,395,365
"14208",1934,1565,1558,1658,1593,1491
"192292",2802,2192,2191,2436,2448,2153
"69815",41,23,41,37,30,33
"67661",724,563,498,633,508,551
"64339",202,181,209,228,239,197
"231103",5,13,13,15,10,5
"269639",422,320,349,371,406,362
"67656",0,0,0,0,1,0
"74254",506,461,426,463,476,395
"72195",350,300,335,318,316,306
"20534",727,539,548,615,590,557
"100740",76,58,72,65,69,53
"100503002",25,17,17,21,25,17
"66845",855,684,709,708,814,627
"71336",24,25,34,29,27,20
"100040000",7,4,6,15,3,1
"107976",619,455,497,574,506,521
"100038629",0,4,3,0,4,2
"14284",1833,1393,1356,1741,1363,1408
"665270",3,5,7,5,8,1
"19046",4703,3518,3508,3913,3455,3406
"319862",1,0,5,2,0,1
"100861758",0,0,0,0,0,0
"22612",341,257,259,287,256,234
"320951",675,553,605,626,602,533
"215476",458,318,245,384,277,336
"277854",538,382,399,490,376,423
"22629",561,454,455,449,450,388
"100503527",0,0,0,0,0,0
"20537",0,1,1,0,0,1
"100689",17,14,8,31,12,13
"13016",5115,4373,4300,4590,4681,4181
"59003",3821,3042,3165,3275,3353,2995
"71101",458,342,308,320,276,285
"672284",0,0,1,0,0,0
"74504",842,779,835,793,836,768
"433873",23,10,24,18,21,29
"20492",221,169,176,205,199,140
"68366",555,459,463,514,462,452
"21335",132,76,109,114,86,105
"14184",369,317,378,319,304,261
"56384",1352,1111,1152,1213,1149,1093
"107823",1206,966,847,1120,826,1001
"24116",401,252,298,323,300,251
"381633",13,7,16,14,18,14
"269642",79,60,50,61,70,60
"272158",4,1,3,5,1,5
"75357",0,0,0,0,0,0
"231123",232,186,151,163,156,155
"17122",634,517,457,552,482,448
"231125",7,9,13,16,14,12
"100862066",2,4,1,7,6,1
"433874",0,1,0,0,0,0
"19822",1576,1232,1108,1435,1246,1269
"100861799",0,0,0,0,0,0
"231128",1020,744,781,921,749,772
"231130",317,211,275,293,232,244
"24055",566,383,421,461,393,351
"11518",3314,2659,2669,3126,2721,2630
"68294",187,169,174,205,174,140
"75416",1194,940,914,1053,957,842
"14772",76,41,65,78,53,63
"15194",1275,843,733,999,669,865
"403174",19,7,16,15,9,8
"71729",911,665,701,780,704,724
"100526557",0,0,0,0,0,0
"54426",9,6,9,14,12,11
"231134",1512,1289,1447,1282,1224,1135
"16976",2260,1926,1827,2009,1830,1736
"11553",1,1,6,10,8,4
"74429",0,0,0,0,0,0
"442795",0,0,0,0,0,0
"15371",0,1,0,0,0,0
"242939",9,12,14,14,9,9
"78890",161,96,109,132,124,118
"74364",4,2,5,3,3,4
"80911",585,411,440,469,422,452
"78558",464,309,370,420,380,327
"100503699",0,0,0,0,0,0
"231147",12,3,8,2,4,3
"231148",2379,1941,2201,2088,1976,1833
"70292",1126,824,818,1015,846,768
"81840",1902,1415,1351,1781,1428,1384
"76943",1,3,2,0,1,3
"100503720",18,11,16,8,12,7
"17713",1760,1423,1391,1550,1538,1355
"231151",530,430,400,422,363,396
"66717",52,29,34,42,48,33
"100855",667,487,530,546,457,550
"320661",2868,2159,1780,2413,1742,2004
"117197",175,144,161,182,194,145
"67568",7024,5828,6382,6721,7288,6099
"17160",954,745,856,949,794,850
"269643",69,87,74,82,65,53
"71054",0,1,0,0,0,0
"22393",25798,21788,22447,22749,20380,20379
"76071",287,259,217,265,267,241
"330070",1,1,1,2,5,1
"381634",1,0,0,2,1,1
"12933",191,98,144,146,152,168
"59056",197,144,146,165,163,175
"68525",689,473,552,540,536,456
"64293",38,43,30,32,41,32
"231162",0,0,0,0,0,1
"17701",12,9,9,13,9,19
"93895",3,1,1,3,2,1
"100504083",0,0,0,0,0,0
"71116",528,412,337,433,409,400
"18196",27,31,43,48,33,27
"75079",86,54,69,83,57,38
"17089",362,324,359,345,356,340
"66309",201,169,154,168,193,123
"21906",1,1,0,0,1,1
"13492",0,1,1,0,0,0
"78172",0,0,0,0,0,0
"117591",39,21,21,30,19,16
"22388",5697,4618,4810,4911,4652,4606
"195712",0,0,0,0,0,0
"100515",355,285,214,332,213,283
"27278",1,1,1,1,0,0
"75095",0,0,0,1,0,0
"15476",6,7,11,10,13,7
"100972",709,634,607,614,664,601
"12020",0,0,4,0,1,0
"665775",1929,1478,1436,1580,1253,1514
"433883",0,0,0,0,0,0
"665934",0,0,0,1,0,1
"231207",1514,1159,1079,1210,1001,994
"109323",1,0,0,4,1,2
"231214",203,147,173,165,154,177
"242960",937,689,716,736,692,722
"12182",1,0,0,1,1,3
"12494",31,23,27,19,25,25
"384179",0,0,0,0,0,0
"14181",753,662,595,629,695,549
"19126",4,1,1,4,0,1
"231225",1939,1470,1466,1489,1333,1420
"100503732",0,0,0,2,0,0
"16826",8,4,4,3,4,11
"100041481",0,0,0,0,0,0
"75783",0,0,0,0,1,0
"110391",523,473,444,465,421,407
"100861912",2,2,0,1,0,0
"624224",0,1,0,0,0,0
"66988",1841,1563,1478,1619,1590,1470
"66999",851,629,692,675,718,638
"58227",5,3,9,8,7,8
"54392",7,10,5,9,8,4
"209707",205,158,125,189,128,142
"100041576",55,30,29,62,27,49
"100503799",22,8,15,27,22,16
"20563",380,245,224,396,239,273
"723822",0,0,0,0,0,0
"66768",125,87,103,95,102,84
"80334",3,2,2,4,3,1
"70592",9,5,4,5,4,3
"100503862",0,0,0,0,0,0
"70693",902,589,679,704,657,639
"73965",1,0,0,0,0,1
"19017",386,275,321,333,310,277
"13204",2990,2338,2256,2465,2152,2122
"414108",276,183,172,199,137,225
"414111",283,207,190,262,195,223
"20657",679,569,586,637,570,566
"100503884",57,41,55,64,53,34
"246316",44,28,22,31,21,19
"545750",16,12,13,12,19,13
"211001",1,1,1,1,0,3
"211006",182,140,93,155,105,143
"67073",335,258,250,323,309,272
"78796",156,121,126,116,131,106
"52206",1643,1231,1251,1357,1300,1218
"75954",0,0,0,0,0,0
"20531",0,0,0,3,0,0
"231238",1835,1508,1694,1629,1436,1719
"66278",521,463,410,423,444,422
"19664",1873,1400,1417,1644,1381,1455
"12425",0,0,0,0,0,0
"67249",577,400,356,470,405,387
"116873",2081,1711,1636,1884,1765,1659
"330086",0,0,0,0,0,0
"666377",4,5,3,5,5,2
"319216",22,17,24,16,23,21
"54216",2578,2043,1675,2445,1717,1955
"78163",0,0,0,0,0,0
"72250",0,0,0,0,0,0
"71057",0,0,0,0,0,0
"14380",0,0,0,0,0,0
"212285",185,145,110,162,116,128
"100322896",0,0,0,0,2,1
"319807",1,0,1,1,0,0
"76261",1,2,0,0,1,1
"100532",1110,892,945,909,879,809
"74757",6,4,3,5,7,4
"66681",144,116,119,145,145,102
"57915",2742,2117,1868,2323,1712,2137
"100861982",0,0,0,0,0,0
"69999",1,0,0,0,0,0
"77382",0,2,0,0,0,0
"100042198",0,4,4,1,3,2
"100504048",9,15,9,13,13,8
"16599",914,668,557,725,544,616
"21897",8,6,5,8,7,8
"21899",251,202,200,219,180,201
"68303",1315,965,1075,1182,1082,1093
"100124451",0,0,0,0,0,0
"243025",3,5,0,2,0,1
"71778",537,332,376,403,378,368
"213081",160,129,120,156,100,119
"19687",710,506,479,571,524,511
"83379",6,3,1,0,0,3
"20005",6594,5299,4963,5331,5311,4569
"79464",890,709,779,775,733,602
"22235",623,453,460,552,539,531
"68552",507,354,431,507,472,438
"53323",2156,1740,1795,1879,1942,1620
"71521",1438,1144,955,1297,947,1087
"333789",276,218,160,324,166,213
"100041809",0,2,0,0,0,0
"74734",162,136,140,142,176,146
"231252",1,1,1,2,0,0
"231253",6,1,3,7,1,3
"245945",40,32,30,41,38,25
"73639",0,0,0,0,0,0
"70918",9,13,6,9,7,11
"11787",2135,1578,1604,1734,1562,1762
"22223",551,438,572,552,618,541
"77569",2067,1787,1609,2055,1603,1749
"624662",4,8,5,3,3,9
"18935",0,0,0,0,1,0
"67878",1218,992,901,984,942,912
"109108",1830,1586,1503,1667,1512,1519
"666938",139,89,77,94,67,120
"320479",0,0,0,0,0,0
"330096",2,3,3,0,1,1
"11980",173,127,121,164,114,118
"73865",0,0,0,0,0,0
"330097",0,0,0,0,0,0
"433899",0,0,0,0,0,0
"243043",0,1,1,1,2,1
"75581",217,202,197,202,229,241
"231279",267,211,229,260,213,206
"67980",167,110,129,131,137,114
"14405",0,1,0,1,0,0
"14395",4,0,2,6,3,3
"78174",0,0,0,0,0,0
"14397",2,0,2,0,0,1
"14400",3,2,1,5,2,0
"27784",555,421,435,442,478,393
"231287",26,20,34,28,8,17
"53419",1,0,0,1,0,1
"100978",228,166,169,194,128,172
"317755",0,1,0,0,1,0
"545758",1,0,0,0,0,0
"12788",0,0,0,0,0,0
"384275",5,2,3,8,4,3
"70701",23,19,14,25,24,17
"22165",0,3,0,1,1,0
"21682",246,159,184,195,172,164
"75991",3437,2740,2597,3059,2539,2639
"231290",12,7,15,7,5,8
"667127",0,0,0,0,0,0
"72313",1745,1293,1086,1513,841,1272
"72276",0,0,0,0,0,0
"68095",4637,3576,3600,3759,3661,3231
"433904",311,225,290,249,251,258
"231293",1,2,1,3,3,5
"100737",795,646,599,618,544,527
"231296",3,0,0,0,2,0
"24051",3962,3407,3512,3740,3358,3367
"73472",1,0,0,0,0,0
"69727",410,324,294,405,319,338
"71184",0,0,0,0,0,1
"70036",47,24,36,17,26,29
"100313943",0,0,0,0,0,0
"68939",70,50,59,81,70,63
"212986",395,354,415,435,413,350
"66899",1390,1153,1119,1264,1083,1040
"16924",76,61,38,54,60,48
"619945",0,0,0,0,0,0
"74277",376,257,283,258,301,284
"14843",0,0,0,0,0,0
"100503184",0,0,0,0,0,0
"18595",573,346,332,476,325,456
"16590",0,0,0,1,0,0
"100503198",0,0,0,0,0,0
"16542",2,1,2,1,4,6
"57357",98,68,105,110,105,81
"21982",448,340,397,444,449,366
"12753",1754,1345,1044,1412,967,1210
"665055",2,0,2,1,3,2
"79455",0,0,0,0,0,0
"56183",1,0,0,0,1,1
"639545",0,0,0,0,0,0
"69940",679,525,613,673,584,520
"381644",145,114,129,118,87,122
"320411",0,0,0,1,0,0
"320827",22,14,11,12,8,7
"231326",92,85,102,120,87,89
"231327",428,335,333,411,346,344
"70284",1,1,1,2,0,1
"67054",2129,1697,1858,2077,1810,1748
"66661",2293,1727,1779,1941,1771,1670
"384185",5,4,4,0,3,2
"71868",0,0,0,0,1,0
"74318",2,4,1,2,1,4
"330108",0,0,0,0,0,0
"69982",1,2,2,1,1,3
"19712",823,536,550,682,604,682
"100628577",0,0,0,0,2,1
"56412",437,376,443,433,432,407
"231329",2008,1601,1424,1710,1442,1531
"29817",1946,1321,1692,2030,2011,1650
"231332",0,0,0,0,0,0
"319387",790,594,493,596,475,642
"67327",0,0,0,0,0,0
"100316803",0,0,0,0,0,0
"243078",110,67,54,87,89,58
"13839",7,3,4,5,2,2
"12617",411,282,334,357,305,302
"100039521",0,0,0,0,0,0
"56792",0,0,2,0,0,1
"231380",589,435,435,550,320,420
"14715",0,0,0,0,0,0
"435845",0,0,0,1,0,0
"231382",0,0,1,0,1,0
"194597",0,1,0,0,0,0
"320454",0,0,0,0,0,0
"243083",1,1,0,1,1,1
"319875",2,0,1,2,0,0
"243084",0,0,0,0,0,0
"231386",1241,941,1072,1082,1052,936
"100727",0,0,0,0,0,0
"71773",0,0,0,0,0,0
"243085",2,0,0,0,0,0
"231396",0,0,0,0,0,0
"22238",0,0,0,0,0,0
"112417",0,0,0,0,0,0
"72094",0,0,0,0,0,0
"100559",0,0,0,0,0,0
"94215",0,0,0,0,0,0
"552899",0,0,0,0,0,0
"56362",0,0,0,0,0,0
"53315",0,0,0,0,0,0
"20860",0,0,0,0,0,0
"100628573",0,0,0,0,0,0
"12990",0,0,0,0,0,0
"100862376",0,0,0,0,0,0
"12991",0,0,0,0,0,0
"12993",0,0,0,0,0,0
"12992",0,0,0,0,0,0
"73779",0,0,0,0,0,0
"654494",0,0,0,0,0,0
"69592",0,0,0,0,0,0
"73471",0,0,0,0,0,0
"12994",6,3,2,0,4,0
"243090",0,0,0,0,0,0
"74248",0,0,0,0,0,0
"70977",0,0,0,0,0,0
"20599",0,0,0,0,0,0
"20600",0,0,0,0,0,0
"665615",0,0,0,0,0,0
"17830",0,0,0,0,0,0
"71421",0,0,0,0,0,0
"11698",0,0,0,0,0,0
"13801",0,0,0,0,0,0
"16069",1,3,5,8,3,2
"65961",1323,1036,1113,1153,1205,1033
"52822",365,334,311,316,249,271
"231413",1728,1535,1452,1578,1533,1388
"68473",1252,769,689,894,629,780
"100504174",98,74,61,94,97,88
"13178",108,84,90,76,68,65
"54403",44,39,26,43,37,36
"14473",1,0,1,0,1,0
"104443",0,0,0,0,0,1
"631105",0,0,0,0,0,0
"330119",2,7,3,0,1,1
"100038413",0,0,0,0,0,0
"231430",112,92,137,112,101,90
"81702",4400,3325,2670,3756,2407,3191
"791294",3,5,1,6,6,0
"11657",0,0,0,0,0,0
"11576",1,2,0,3,0,2
"280662",0,0,0,0,0,0
"622307",0,0,0,0,0,0
"73246",1,2,1,3,1,3
"20311",131,107,77,222,126,126
"57349",0,0,0,0,0,0
"56744",0,0,0,0,0,0
"330122",1,1,0,0,0,2
"20309",0,0,0,0,0,0
"14825",349,254,238,458,411,356
"20310",5,11,5,11,4,7
"665563",225,195,160,176,209,187
"71920",9,14,10,7,7,7
"100503250",0,2,1,1,3,0
"13874",95,56,72,94,66,53
"11839",21,23,19,17,17,18
"100503265",0,0,1,0,1,0
"12223",15,9,5,15,16,17
"231440",867,576,584,674,565,599
"73452",0,0,0,0,0,0
"68098",836,681,715,769,729,677
"381650",139,115,115,137,116,98
"381651",10,9,15,4,3,3
"53886",154,163,131,157,144,128
"23881",2390,1700,1888,2109,1869,1786
"56041",8412,6949,6226,7279,6210,6170
"57425",0,0,0,0,0,0
"19023",4,5,4,8,3,2
"67111",113,90,103,114,82,93
"231452",742,571,565,641,548,571
"17329",8,5,10,7,4,9
"109979",166,146,135,139,142,150
"15945",7,2,6,17,6,22
"56066",0,0,0,0,0,1
"269113",298,275,259,277,241,266
"12492",1734,1325,1292,1654,1289,1404
"384198",1,0,0,0,0,0
"52331",2158,1732,1681,1894,1799,1748
"320696",2,0,0,1,2,0
"27428",1145,909,920,1128,911,960
"100316841",0,0,0,0,0,0
"78088",0,0,1,0,0,0
"52398",7309,5556,5511,6571,5683,5294
"12453",1837,1430,1509,1681,1670,1457
"75610",4,3,2,3,2,0
"12452",916,724,785,812,768,695
"632115",0,0,0,0,0,0
"100040885",0,0,0,0,0,0
"381654",0,0,0,0,0,0
"666077",0,0,0,0,0,0
"665802",0,0,0,0,0,0
"100040981",2,1,0,0,0,0
"622719",0,0,0,0,0,0
"100041003",0,0,0,0,0,0
"381724",0,0,0,0,0,0
"622744",3,1,0,0,0,0
"100041032",0,0,0,0,0,0
"331195",1,4,0,0,0,0
"624421",5,1,0,0,0,0
"100554",0,1,0,0,0,0
"100861695",0,0,0,0,0,0
"665551",0,0,0,0,0,0
"100041102",0,0,0,0,0,0
"100041115",2,2,0,0,0,0
"624507",4,7,0,0,0,0
"621203",0,0,0,1,0,0
"624698",3,3,0,0,0,0
"100041179",0,1,0,0,0,0
"622894",0,0,0,0,1,0
"666133",1,1,0,0,0,0
"100041253",0,0,0,0,0,0
"100041264",2,2,0,0,0,0
"624049",2,1,0,0,0,0
"100041296",0,0,0,1,1,0
"666169",0,0,0,0,0,0
"320549",0,0,0,0,0,0
"100041354",0,0,0,0,0,0
"666187",1,1,0,0,0,0
"622731",1,1,0,0,0,0
"100041380",0,0,0,0,0,0
"666203",0,0,0,0,0,0
"666209",2,1,0,0,0,0
"665943",1,0,0,0,0,0
"55985",4,1,5,7,1,2
"231464",1445,1084,984,1252,1017,1138
"94061",489,436,382,488,404,417
"231470",716,520,387,718,401,632
"11745",2560,2041,2155,2153,2173,1872
"140780",487,330,368,413,369,368
"231474",61,35,31,43,26,40
"97243",0,0,1,0,2,0
"75814",0,5,0,1,1,0
"14626",0,0,0,0,0,0
"71914",1748,1227,1206,1572,1311,1289
"77630",44,28,25,24,26,19
"14176",119,82,83,82,96,82
"75784",0,2,0,0,1,0
"735265",16,14,14,13,23,16
"75500",0,0,0,0,0,0
"110075",0,1,2,0,0,1
"19092",301,193,268,227,269,190
"100041680",0,0,3,0,1,0
"320292",16,9,7,12,8,4
"319818",0,0,0,0,1,0
"75094",0,0,0,0,0,0
"11991",1593,1170,1385,1374,1470,1264
"50926",2402,1931,2087,2083,1964,1787
"67870",138,101,126,108,122,102
"231503",12,12,8,11,8,10
"76003",0,0,0,0,0,0
"791375",0,0,0,0,0,0
"69571",0,0,0,0,0,1
"69162",5394,4373,4254,4913,3993,4118
"100041797",32,16,43,30,36,23
"231506",322,236,245,269,224,232
"100503266",0,0,0,0,0,0
"26891",1837,1658,1566,1713,1720,1546
"231507",12,13,16,36,9,16
"71883",593,465,525,531,518,517
"15442",6,5,6,12,7,7
"191578",110,85,103,91,87,71
"68735",456,325,367,412,375,346
"70681",146,115,123,121,111,108
"75802",11,4,3,4,3,6
"231510",24,23,24,24,32,34
"18096",0,1,0,0,1,2
"74596",6,8,4,17,5,7
"72145",2410,1719,1180,1985,1132,1776
"231532",2089,1815,1627,1830,1704,1679
"26414",7,8,8,12,12,9
"74624",0,0,0,0,0,0
"19249",497,334,369,417,291,369
"75750",1,2,0,0,0,1
"74218",0,0,0,0,0,0
"17355",1942,1546,1357,1651,1280,1370
"246293",267,222,237,214,274,236
"100861842",0,0,0,0,0,0
"243168",1,1,1,3,9,3
"114664",80,39,68,77,84,67
"100861848",0,0,0,1,0,1
"74167",899,742,791,797,755,683
"100271704",0,0,0,0,0,0
"13602",101,56,70,104,65,57
"666279",0,0,0,1,0,0
"13406",137,95,143,96,92,82
"15891",1,0,0,0,0,1
"94111",1,0,0,0,0,0
"20750",36598,24557,29953,27317,27650,25681
"18764",1546,1088,1105,1253,1083,1053
"100042165",348,230,232,255,220,222
"100662",243,220,216,202,176,167
"69623",150,133,87,113,91,137
"100505397",13,19,16,20,10,19
"626391",56,39,40,49,45,38
"27405",5,0,2,6,0,1
"76074",99,56,76,80,54,58
"236573",720,492,448,607,391,461
"17472",213,180,135,185,144,130
"675363",10,0,3,0,2,5
"626578",458,379,354,483,373,342
"100702",1852,1399,1296,1759,1298,1276
"634650",21,7,9,10,15,9
"433926",119,74,66,112,69,85
"100604",100,69,79,87,54,64
"231549",308,227,266,287,278,249
"100042335",1,1,4,2,6,3
"100503551",1,0,0,0,2,0
"320751",3,2,1,1,1,0
"54367",315,205,298,296,269,234
"100503127",0,0,0,2,1,1
"330146",0,0,0,0,0,0
"104382",0,0,0,0,0,0
"52397",979,740,614,816,584,656
"100504779",48,29,29,48,35,34
"330149",0,0,0,0,0,0
"12545",33,30,22,20,17,25
"21814",139,121,90,135,134,115
"114642",29,29,26,37,28,36
"384214",7,5,2,11,2,4
"70902",0,0,0,0,0,0
"100503185",11,11,7,12,12,12
"231570",97,55,52,83,62,57
"76421",8,2,7,6,4,10
"170823",93,79,76,108,82,76
"231571",394,341,332,386,357,284
"78443",3,1,0,1,2,1
"654809",0,0,0,0,0,0
"14581",3,2,1,4,0,0
"414110",0,1,0,0,2,1
"14020",1112,840,759,882,761,775
"73318",0,0,0,0,0,0
"100503670",10102,7950,7557,8497,8352,7005
"67266",271,201,201,192,205,196
"17765",563,491,451,494,420,483
"73130",1079,718,753,841,788,702
"73254",2,2,3,2,2,5
"13486",1040,810,741,881,822,773
"433931",243,168,187,194,172,176
"100503802",43,23,26,50,32,21
"18587",2,2,1,4,1,1
"11958",1789,1498,1452,1506,1649,1507
"243197",399,277,303,342,309,248
"69587",3031,2384,2150,2744,2093,2320
"100861940",527,380,434,482,490,373
"12889",29,11,28,17,25,9
"100861961",0,0,0,0,0,0
"231580",1034,771,790,910,725,730
"72392",264,175,200,221,198,185
"110524",220,131,161,221,171,145
"15932",356,275,334,326,282,306
"231583",10,10,6,9,12,5
"116701",4120,3591,3851,3880,4122,4038
"671564",0,0,0,0,1,0
"73295",0,0,0,0,0,0
"67366",0,0,0,0,0,0
"627479",0,0,0,0,0,0
"435864",0,0,0,0,0,0
"22307",0,0,0,0,0,0
"384219",0,0,0,0,0,0
"627569",0,0,0,0,0,0
"231589",0,0,0,0,0,0
"231591",0,0,0,0,0,0
"211223",14,9,14,12,18,10
"384220",0,0,0,0,0,0
"384221",0,0,0,0,0,0
"57914",176,148,177,234,221,176
"667213",0,0,0,1,0,3
"100642166",34,27,31,32,43,26
"69504",10,5,6,14,7,12
"403178",12,6,10,4,13,5
"107999",132,92,80,111,122,106
"675812",108,81,76,97,47,92
"100503981",4,2,1,0,4,0
"231600",601,453,451,559,491,448
"100504007",14,6,9,10,9,5
"100862008",0,0,0,0,0,0
"269682",2573,1996,1703,2182,1764,1900
"71782",1303,1067,971,1168,968,984
"72542",819,739,698,860,782,693
"19301",32,36,24,35,51,26
"18973",48,25,29,29,20,28
"231602",0,0,3,2,1,2
"381667",0,0,0,0,0,0
"381668",585,435,505,501,506,495
"231603",0,0,0,0,0,0
"231605",7,4,5,8,1,3
"100608",602,444,519,524,507,454
"69663",480,394,393,433,375,381
"75560",1676,1138,985,1373,929,1222
"56361",462,408,374,411,426,350
"22241",2027,1630,1738,1788,1562,1623
"100900",101,85,83,102,111,95
"50883",65,45,63,54,61,46
"209683",1454,1059,906,1216,891,1031
"735278",0,0,0,0,0,0
"56305",1558,1211,1147,1297,1137,1188
"433938",614,453,502,579,574,479
"330164",19,4,5,7,11,7
"269683",3,1,1,0,3,1
"75569",0,0,0,0,0,0
"330166",10,10,8,9,5,5
"12959",86,81,85,61,60,73
"12960",41,27,27,30,21,29
"22022",1372,1110,1267,1268,1124,1080
"54723",959,806,748,878,803,726
"70118",61,76,69,61,66,59
"192232",255,186,219,217,240,198
"625424",0,0,1,0,1,1
"72898",4,2,6,4,2,6
"56747",6,6,3,9,1,6
"625464",0,0,0,0,0,0
"67325",0,0,0,0,0,0
"74376",5230,4134,3529,4235,3023,3870
"67360",0,0,1,0,0,0
"320129",5,3,4,7,4,0
"12961",0,0,0,0,0,0
"12962",56,36,74,28,30,39
"243219",3125,2687,2916,2816,2619,2712
"333048",0,0,0,0,0,0
"52850",14,13,8,15,5,12
"503692",0,0,0,0,0,0
"320916",2,3,0,2,0,2
"14747",71,42,66,66,37,57
"381707",0,0,0,0,0,0
"231630",309,248,239,296,241,298
"53890",944,787,852,843,850,743
"66383",1597,1465,1450,1512,1569,1342
"231633",1582,1341,1416,1270,1284,1115
"20345",0,0,0,1,0,0
"100503883",0,0,0,0,0,0
"100861858",0,0,0,0,0,0
"23790",764,484,599,658,615,596
"100861883",36,25,23,13,41,25
"231637",241,175,160,199,149,191
"13142",1,0,0,0,0,0
"68666",22,21,23,17,20,15
"100756",512,406,372,479,401,396
"231642",88,68,89,101,88,58
"22256",84,65,86,66,79,68
"100705",591,510,440,508,363,464
"116810",1,0,0,0,0,0
"231646",23,16,20,28,23,13
"330171",1253,888,903,1013,922,868
"117146",3118,2658,2527,2872,2402,2450
"77697",741,644,644,643,662,592
"17855",601,532,513,543,525,516
"433940",24,14,21,27,17,12
"63873",7,1,2,1,9,6
"56356",838,702,657,776,712,654
"77832",323,266,271,303,286,227
"26431",1061,847,888,901,785,823
"67642",18,6,7,11,8,5
"68420",1318,950,997,1198,996,1025
"100502733",4,3,1,1,1,1
"66236",78,51,81,62,72,64
"330173",61,48,66,53,57,50
"67593",1,0,1,0,0,1
"23962",16,27,24,36,25,78
"231655",20,11,12,14,14,5
"72357",619,518,564,585,602,518
"21405",1,0,4,2,1,0
"74585",911,692,809,818,856,688
"100502825",471,371,385,396,418,331
"11409",1850,1572,1678,1644,1628,1477
"106840",514,420,373,436,467,398
"109154",11860,9383,9161,10564,9332,8683
"29867",11,12,11,21,13,14
"117109",158,152,120,155,160,163
"50849",7503,6288,6264,6691,6628,6126
"52064",1103,917,891,952,981,882
"56455",2903,2320,2403,2630,2634,2364
"108014",382,250,308,298,331,254
"384281",480,352,433,415,375,394
"69076",360,323,283,365,343,307
"12861",1387,1048,1167,1202,1212,1046
"17690",71,55,50,38,50,57
"18778",0,1,0,0,0,0
"75387",232,175,224,208,201,164
"19303",3936,3047,3279,3722,3259,2813
"11837",22220,18728,17574,19326,19527,17047
"231659",2614,1985,1885,2311,1684,1948
"66123",12,3,16,9,4,8
"77407",915,764,753,877,817,726
"75665",325,273,303,339,304,258
"12704",53,34,50,53,39,49
"19079",456,388,371,482,406,404
"100502934",0,0,0,0,0,0
"545798",0,1,0,1,2,4
"320805",0,0,1,1,1,0
"269693",0,0,0,0,0,0
"75303",0,1,3,0,3,0
"80888",14490,12073,11199,13251,12910,11072
"76798",199,165,132,193,151,135
"68955",89,44,45,64,35,33
"71954",1948,1646,1626,1577,1621,1501
"330177",556,409,508,458,448,432
"23980",6330,5252,5361,5701,5872,5100
"231668",90,67,75,78,64,62
"59043",5533,4436,4531,5315,4951,4685
"72151",76,80,74,91,102,71
"100503334",47,31,32,34,26,27
"333050",7,6,4,5,4,6
"18125",108,72,67,123,61,85
"231670",446,335,344,386,326,352
"100503347",3,1,3,7,4,4
"57816",9,10,18,18,16,15
"231672",2036,1691,1731,1835,1828,1644
"12123",0,0,0,4,0,1
"269695",187,120,132,121,125,107
"76792",404,266,258,308,257,268
"665162",7,10,3,4,8,7
"76199",1795,1347,1156,1472,1043,1332
"74627",0,0,0,0,0,0
"73477",1,0,0,0,0,0
"665194",1,0,0,0,0,0
"100993",2,1,0,2,2,1
"330183",0,0,0,0,0,0
"21386",330,261,286,348,272,282
"433944",0,0,0,0,0,0
"433945",0,0,0,0,0,0
"21388",1,1,1,3,4,0
"74111",604,482,450,514,487,449
"100503427",25,17,15,19,6,12
"16873",1,3,0,1,1,1
"257635",13,14,11,9,11,9
"231691",12,3,11,13,10,13
"71772",2473,2042,2229,2301,2143,2103
"170756",1068,847,1060,784,775,777
"252972",2617,2176,1988,2457,1891,2174
"75732",26,18,16,25,15,12
"100861866",5,5,5,4,2,7
"100764",156,124,124,135,168,130
"71990",2246,1883,1879,2094,1964,1818
"546886",2,3,2,1,2,0
"19415",10,4,4,7,4,0
"14357",3,2,0,2,4,5
"100503461",0,0,0,0,0,0
"246728",2,1,0,2,1,5
"246727",0,2,0,1,2,4
"231699",5,5,5,7,3,0
"114643",6,2,2,4,7,9
"23961",6,5,2,2,4,0
"243262",0,0,0,0,0,0
"246729",0,0,0,0,0,0
"23960",0,0,0,1,0,7
"246730",1,0,0,2,1,5
"100535",0,0,0,0,0,0
"19894",11,13,18,15,10,7
"19247",7832,6213,5706,6553,5591,5761
"19988",11676,9553,9561,10707,10501,8980
"269700",1661,1213,927,1317,773,1210
"231712",1295,1093,1114,1178,1132,1084
"231713",1913,1513,1288,1608,1243,1401
"67397",1382,1155,1306,1144,1304,1164
"77462",75,71,97,94,93,74
"280667",25,13,21,23,17,17
"280668",63,27,49,40,47,33
"17165",858,717,688,758,750,692
"11669",3000,2492,2604,2772,2854,2372
"100503503",1,0,2,0,0,1
"338350",170,133,122,145,119,131
"71985",98,97,79,112,82,71
"72399",1768,1411,1398,1548,1332,1373
"20239",3736,2948,2827,3098,2630,2840
"16923",506,396,409,501,431,393
"231717",175,126,194,185,183,180
"13048",91,104,101,92,92,131
"17906",863,1069,1595,860,1107,1363
"330188",37,40,78,38,43,59
"19047",2726,2111,2258,2315,2229,2072
"74096",92,72,75,103,92,70
"654470",126,91,82,80,61,48
"320717",1042,732,748,861,707,744
"231724",35,21,26,22,22,15
"56433",1163,911,870,903,923,824
"68948",315,239,281,261,277,246
"68080",160,145,129,169,136,130
"100503526",0,0,2,1,0,0
"56378",1596,1343,1301,1435,1519,1225
"56317",1584,1283,1228,1248,1261,1172
"11938",56010,47021,46859,49111,42451,49466
"12589",571,419,507,498,459,453
"18439",84,46,58,75,50,52
"18438",272,188,220,278,223,218
"207565",253,191,201,212,200,221
"59008",3083,2427,2648,2742,2493,2524
"80751",536,406,437,456,437,413
"30841",484,342,384,424,324,359
"109202",97,82,83,74,82,62
"100039895",2,2,0,2,1,0
"109305",1188,1035,1060,1079,1144,992
"74890",10,9,10,14,14,4
"623672",2,2,3,1,5,0
"330189",812,622,630,672,661,570
"23912",42,37,28,37,39,37
"74366",132,77,127,116,80,79
"208043",1043,746,644,881,679,717
"15445",0,0,0,0,0,0
"67151",665,544,575,556,600,499
"269701",6,5,9,5,5,4
"77045",320,279,299,331,294,272
"208104",1119,875,738,912,671,743
"76399",0,0,1,1,0,0
"381741",0,1,0,0,2,0
"231727",7,4,3,3,5,12
"66593",991,770,851,800,848,742
"77573",1247,1063,899,1130,945,906
"56430",3731,2957,2708,3099,2432,2886
"70650",548,423,406,448,414,440
"100503231",0,0,1,1,0,0
"208606",1431,1087,1254,1189,1137,1018
"208628",23,19,15,18,9,6
"100503688",0,0,0,0,0,0
"80885",0,0,0,0,0,1
"243270",0,1,0,1,1,1
"68184",1536,1208,1292,1252,1328,1159
"208908",28,39,36,33,26,14
"29816",838,721,720,726,659,612
"330192",592,444,543,503,576,445
"56325",78,77,68,75,66,77
"66627",230,192,200,219,218,170
"65105",1133,888,942,1078,922,884
"19679",1186,829,850,888,772,757
"100047482",0,2,3,2,1,1
"75927",0,1,0,2,1,0
"269702",194,145,138,149,112,123
"72650",289,232,269,225,246,203
"13445",2563,2128,2186,2230,2298,2135
"243272",2575,1778,1748,2043,1742,1752
"67956",2804,2253,2273,2495,2320,2096
"80291",252,204,179,178,218,197
"76167",204,134,146,142,141,124
"75695",3162,2595,2654,2757,2762,2538
"56334",5788,4441,4666,4837,4922,4328
"67848",210,138,194,182,170,107
"209354",927,804,776,833,803,723
"209357",423,319,370,375,344,354
"67978",173,161,143,201,160,150
"21871",2476,1966,1745,2052,1736,1910
"56087",137,85,91,82,79,67
"215707",265,222,235,229,186,197
"269704",1208,902,855,943,936,865
"73121",9,11,24,11,6,7
"20602",10006,7781,6899,8354,6321,7501
"20778",455,334,328,415,384,332
"100503298",12,16,23,36,22,24
"22190",28,9,11,28,16,29
"208144",481,397,423,512,386,404
"76809",371,278,357,389,368,347
"78894",931,654,677,819,713,707
"208151",64,36,41,35,28,21
"231736",0,0,0,0,0,0
"71247",0,0,0,0,0,0
"75916",0,0,0,0,0,0
"208213",0,0,0,0,0,0
"67351",0,0,0,0,0,0
"100561",645,506,547,582,537,513
"319804",1,1,0,0,0,0
"243274",0,0,1,2,1,0
"319616",1,0,1,3,2,1
"93897",7,3,3,2,4,2
"57749",0,0,0,0,0,0
"231760",2,1,5,2,1,0
"13852",414,315,305,391,321,322
"19384",5033,3994,4092,4354,4336,3812
"243277",6,4,1,10,3,3
"231769",1099,839,984,1035,932,884
"23948",15,7,15,17,6,4
"620248",930,787,817,853,932,802
"22648",86,70,80,55,48,56
"74222",0,0,1,0,0,2
"66258",113,92,97,91,96,116
"100861671",6,1,3,2,1,2
"14467",3167,2684,2484,2883,2514,2443
"100504254",11,6,7,6,7,3
"100678",279,198,221,237,246,196
"12466",3585,2787,2615,3045,2763,2572
"100113364",0,0,0,0,0,0
"100861949",1,0,0,0,0,0
"67902",289,185,180,202,233,163
"18682",83,62,93,71,88,65
"14004",4659,3808,3864,4229,4393,3628
"71970",740,617,665,688,744,691
"69034",4,1,1,2,3,7
"69568",231,170,181,214,149,172
"110006",833,681,720,866,747,700
"109900",857,723,729,746,715,669
"12909",508,411,392,452,406,369
"22021",154,114,128,129,106,137
"212919",395,324,322,323,302,234
"56715",1235,1073,1067,1063,1007,951
"71667",1687,1366,1412,1358,1439,1369
"66711",1323,1098,1107,1205,1151,1079
"100929",463,365,360,422,357,373
"140904",6,3,4,2,2,4
"381673",0,0,0,0,0,0
"212996",753,606,630,809,655,726
"319974",1280,980,941,1082,853,887
"100504739",0,0,0,0,0,1
"75369",0,0,0,0,0,0
"100039731",172,151,153,164,193,155
"666038",58,45,26,38,26,36
"80909",1785,1397,1318,1484,1204,1224
"94254",243,163,184,193,186,175
"114674",186,143,150,145,186,134
"17969",29,23,29,20,21,20
"14886",5151,4010,3881,4326,3754,4021
"100628570",0,0,0,0,0,0
"57080",1821,1499,1554,1675,1500,1300
"269713",587,399,458,536,398,365
"214292",8,6,4,7,6,6
"19718",323,305,260,313,321,267
"56743",40,25,22,27,22,9
"22384",3706,2901,3036,3328,3059,2873
"16885",477,284,393,392,367,349
"100038504",0,2,1,1,0,0
"13717",7,14,16,60,20,9
"76629",1,0,1,0,0,0
"57255",0,0,0,0,0,0
"79565",324,293,307,328,311,284
"12740",20,9,23,12,16,31
"12739",3,1,4,4,3,5
"71304",2,1,2,1,1,0
"68758",311,256,270,274,269,278
"69812",26,6,6,15,8,9
"20907",111,93,106,65,93,81
"66138",474,410,428,376,417,373
"66114",387,291,312,330,311,277
"194309",66,55,58,57,62,50
"58805",25,31,51,24,25,25
"27368",400,321,363,392,323,342
"12054",473,385,398,424,388,349
"22385",2354,1800,1637,1896,1575,1712
"14371",338,299,340,341,356,307
"94244",0,0,0,0,0,0
"215061",0,0,0,0,1,0
"100609",234,216,222,187,188,175
"107939",1103,740,877,900,733,772
"215114",6585,5274,4553,5516,4226,4738
"541307",0,0,0,0,0,0
"56221",0,0,0,0,0,0
"215160",548,460,432,482,456,431
"18984",1636,1169,1342,1466,1363,1300
"215210",271,201,202,238,214,208
"76571",2,3,6,7,2,3
"17448",10746,9101,9475,9279,9455,9065
"58212",2,1,2,3,0,1
"100502768",1,0,0,1,1,0
"15507",3769,3451,3703,3909,4497,3552
"100861974",0,1,0,0,0,0
"22628",6782,5364,5468,5871,5621,5486
"100502801",0,0,1,0,0,0
"109267",26,15,13,27,24,22
"22788",3,0,1,2,0,0
"74198",503,357,447,410,393,420
"100647",0,0,0,0,0,1
"69665",0,0,0,0,0,0
"54153",944,699,899,757,737,616
"20022",543,434,476,439,545,440
"71735",283,238,250,253,254,240
"72041",113,98,99,83,102,78
"269717",931,825,745,788,707,715
"66801",474,382,410,452,463,390
"23921",276,266,246,291,278,265
"13047",2037,1705,1542,1763,1448,1605
"723975",0,0,0,0,0,0
"100861979",0,0,0,0,0,0
"74576",0,0,0,0,0,0
"59310",2,0,2,1,1,1
"140709",432,331,404,453,385,327
"67286",271,241,191,235,220,221
"66752",36,21,18,25,24,34
"66437",1290,1062,1126,1225,1187,1065
"60363",47,32,38,39,27,34
"70103",520,423,422,452,497,424
"26433",1368,1082,1209,1111,1167,1171
"735283",0,0,0,0,0,0
"381677",43,33,34,31,21,18
"11769",980,799,827,856,911,822
"18787",4730,3354,3711,4768,4158,3764
"384309",201,127,137,212,121,152
"666339",0,0,0,0,0,0
"619309",0,1,1,1,3,4
"11423",666,478,454,597,573,475
"70240",175,136,153,182,165,112
"83701",2352,1792,1873,1827,1737,1625
"22051",448,317,423,414,450,397
"83704",223,156,190,156,145,140
"13846",482,352,400,396,408,418
"22635",2,1,7,6,2,3
"13856",0,0,0,0,0,0
"74097",159,154,149,135,173,160
"666372",27,26,28,22,25,25
"57330",920,675,822,855,709,590
"14693",2504,2041,2331,2437,2577,2197
"83766",2,1,2,0,1,0
"50765",16,12,14,11,14,10
"68929",254,200,241,248,263,225
"640050",14,16,18,13,7,10
"18542",2051,1528,1791,1821,1772,1563
"71176",28,22,16,28,30,26
"100504640",13,16,14,18,11,7
"100316903",32,12,23,13,13,13
"231798",0,0,0,0,0,0
"751865",0,0,0,0,0,0
"16369",1,1,0,0,0,0
"231801",213,200,191,182,230,195
"624083",7,8,5,6,2,5
"243300",67,49,54,61,61,49
"78829",2039,1732,1826,1771,1810,1697
"69871",173,114,163,146,211,151
"231803",797,557,586,665,606,560
"381678",17,23,33,43,27,15
"231805",1,0,0,1,1,0
"170741",0,0,0,1,0,0
"545812",0,1,0,0,0,0
"13113",9,9,7,8,8,5
"118446",0,1,0,0,0,2
"12007",0,1,2,0,0,0
"243302",11,10,10,15,14,12
"545814",0,0,0,0,0,0
"622474",0,0,0,0,0,0
"622486",0,0,0,0,0,0
"74570",725,532,500,592,527,545
"22697",617,490,524,551,515,495
"56314",146,94,92,119,109,85
"26893",2868,2317,2308,2358,2414,2356
"17220",355,316,292,346,293,243
"723926",2,1,2,8,2,1
"723885",0,0,0,0,0,0
"723925",3,2,0,0,0,0
"11781",212,181,178,206,191,146
"21343",921,736,814,827,845,728
"66455",204,169,171,169,174,178
"330216",33,23,30,23,25,21
"381680",0,0,0,0,0,0
"66096",474,373,401,411,477,389
"231807",225,196,271,213,246,178
"69004",9,2,3,1,3,5
"330217",19,11,8,11,20,8
"71951",237,165,215,214,225,198
"50878",4,7,3,6,6,2
"72154",149,118,106,142,94,98
"76658",0,0,0,0,0,0
"24135",747,646,595,670,594,574
"243308",176,123,167,159,148,109
"80752",1658,1466,1578,1791,1644,1561
"384244",0,0,0,0,1,0
"18590",599,520,649,629,714,539
"19085",341,338,344,366,331,282
"433956",693,539,544,586,583,502
"77053",2758,2025,2305,2466,2092,2099
"67604",1387,1177,1257,1211,1249,1150
"231821",17,15,13,15,18,13
"68033",1104,879,988,930,957,871
"545817",0,2,1,1,0,1
"73212",211,189,172,186,180,140
"723898",6,0,2,1,1,1
"320197",26,32,26,27,25,24
"80290",800,737,662,764,626,657
"319772",9,1,2,3,2,6
"76854",34,37,53,23,32,33
"100494",830,738,684,824,667,656
"74973",0,0,0,0,0,0
"22255",0,0,1,0,0,0
"231830",395,334,316,400,288,297
"68510",2702,2062,2001,2297,1905,2081
"17135",2111,1735,1817,1893,1778,1535
"231832",96,100,107,124,93,97
"66506",222,233,211,225,242,198
"243312",166,133,164,163,142,118
"17120",1030,857,824,906,872,771
"68017",179,139,132,132,154,142
"17766",83,58,59,69,75,53
"231834",989,786,837,905,923,745
"27979",6623,5327,5519,6269,6007,5397
"59031",303,221,245,246,230,219
"77998",0,0,1,0,0,0
"16848",6,5,10,8,8,7
"791272",0,1,0,0,0,0
"78339",472,285,390,397,341,313
"74239",134,106,123,158,124,88
"231841",465,345,407,413,424,359
"231842",22,7,12,18,16,27
"14673",695,553,470,575,509,533
"108723",34,38,26,32,23,15
"330222",109,95,57,103,62,62
"17425",982,730,622,788,690,654
"231855",214,125,178,192,219,176
"231858",34,27,13,34,35,18
"56522",0,0,0,0,0,0
"75104",1,2,1,2,0,0
"74781",1493,1066,1180,1312,1244,1177
"243328",19,17,20,21,20,20
"231861",2452,1843,1627,2145,1565,1919
"231863",315,245,218,274,210,246
"11461",13194,9143,11340,10525,11111,9357
"14086",1683,1187,1515,1597,1635,1372
"108086",1327,1062,1011,1154,1028,1028
"100504556",0,0,2,1,1,3
"100042605",0,0,0,0,0,0
"57782",166,83,121,136,104,89
"330228",0,0,0,0,0,1
"74673",2,1,0,1,0,0
"74872",0,0,1,1,1,0
"231866",373,322,258,338,284,307
"54201",332,290,280,333,322,269
"330230",1,3,2,1,3,0
"231868",365,278,300,306,319,289
"72881",368,265,280,283,320,286
"67672",15,16,24,15,30,17
"170935",0,1,2,1,0,0
"66913",1536,1082,1243,1228,1245,1181
"231871",403,307,399,347,295,322
"19353",4163,3296,3374,3776,3403,3407
"67238",1065,856,900,970,916,833
"19159",883,596,600,718,626,610
"76800",332,246,274,316,261,252
"320064",56,35,50,61,48,48
"15467",1343,1153,1137,1289,1056,1029
"66729",5,1,6,11,2,2
"231872",860,698,734,710,697,724
"18861",128,80,98,106,92,82
"75136",13,11,16,14,14,11
"231874",789,680,623,778,760,746
"18261",0,1,1,0,0,0
"231876",885,698,743,772,632,830
"17341",3,2,4,10,6,3
"70381",1309,1054,1044,1152,983,1014
"55950",584,471,484,588,601,466
"66898",3367,2907,2812,3140,2843,2695
"100504231",33,16,29,15,12,21
"53324",3,3,3,5,3,3
"621967",0,0,0,0,0,1
"243339",23,11,14,11,11,6
"100683",3333,2416,1954,2741,1727,2327
"75788",1529,1108,1128,1279,1196,1101
"381686",0,0,0,0,0,0
"231885",0,0,0,0,0,0
"69396",0,0,0,0,0,0
"56443",778,609,675,710,703,598
"11867",2295,1639,1901,2047,2126,1816
"231887",3158,2564,2594,2717,2852,2292
"231889",975,774,842,850,919,805
"71799",390,340,321,402,299,316
"54188",241,188,197,194,216,167
"57423",3335,2755,2748,2881,3008,2589
"67235",128,101,119,146,124,114
"22757",440,344,338,401,324,337
"72611",508,405,365,471,402,365
"666311",230,186,175,168,179,210
"622127",0,0,0,0,0,0
"13114",0,4,0,0,0,1
"100041375",0,0,0,0,0,0
"53973",0,0,0,0,0,0
"337924",0,0,0,0,0,0
"13112",0,0,0,0,0,0
"56388",0,1,0,0,0,0
"100041449",0,0,0,0,0,0
"433961",0,0,0,0,0,0
"622306",0,0,0,0,0,0
"69282",0,1,0,0,0,0
"319739",1,5,6,3,0,2
"74132",2027,1575,1509,1643,1536,1599
"264064",575,514,488,500,548,487
"100628626",1013,1593,1242,1800,3250,6011
"245880",19,7,13,18,12,14
"623198",0,0,0,0,0,0
"622924",0,0,0,0,0,0
"67410",0,0,0,0,0,0
"100041548",0,0,0,0,0,0
"100041554",0,0,0,0,0,0
"100041566",0,0,0,0,0,0
"100041578",0,0,0,0,0,0
"14738",0,0,0,0,0,0
"22217",1366,1138,1112,1258,1096,1063
"19933",2540,2112,2163,2386,2492,1946
"68895",10,6,4,8,4,6
"66596",68,43,52,92,101,59
"76366",274,242,197,218,213,172
"140887",138,102,84,123,103,101
"20018",1406,1130,1375,1209,1248,1129
"14842",0,0,0,0,0,0
"70147",0,0,0,0,0,0
"18609",0,0,0,0,0,1
"12591",0,0,0,0,0,0
"231903",0,0,0,0,0,0
"14255",0,0,0,1,1,0
"100039805",3,5,3,3,1,1
"72587",392,257,268,268,268,258
"14254",9,1,6,7,8,4
"66537",2267,1918,1916,2099,2187,1874
"71706",25,19,26,34,37,23
"77521",107,70,54,73,65,74
"11987",1068,823,751,1096,810,884
"100503260",0,0,0,0,0,0
"24109",1904,1584,1521,1531,1567,1539
"70138",0,0,0,0,0,0
"231912",444,338,327,374,325,326
"71473",5,4,7,6,5,7
"69820",8,11,14,11,12,11
"319982",32,21,33,22,22,22
"100503307",11,9,11,16,14,7
"15289",1509,1126,1354,1299,1411,1314
"433966",2,0,0,1,1,0
"667410",18,11,16,22,19,24
"231915",729,562,548,629,534,563
"69657",2,0,1,5,5,4
"11690",1,1,2,0,1,1
"100503484",1,2,0,0,0,0
"70717",211,160,199,191,205,188
"75860",0,0,3,0,0,1
"100415916",0,0,0,0,0,1
"381693",0,1,0,2,2,1
"15505",5799,4619,4365,4740,4396,4196
"100503999",0,1,0,0,1,0
"433968",1,0,0,0,2,1
"381694",359,225,263,281,260,243
"100861794",0,0,0,0,0,0
"70969",0,0,0,0,0,0
"140498",0,1,0,0,0,0
"320365",1288,926,792,1080,675,904
"194292",0,0,0,0,0,0
"545824",0,0,0,0,0,0
"12190",25,20,17,21,17,25
"100637",18,10,13,10,6,9
"381695",981,725,761,891,781,772
"100710",934,667,624,811,555,683
"16591",6,8,2,4,7,8
"667510",0,0,3,1,0,2
"243362",1856,1441,1321,1640,1224,1414
"625175",2,3,0,2,1,1
"632671",0,0,0,0,0,0
"69263",95,78,78,84,82,66
"100503733",0,0,0,0,0,0
"665290",0,0,0,0,0,0
"624931",0,0,0,0,0,0
"665755",0,0,0,0,0,0
"100862115",0,0,0,0,0,0
"100862166",0,0,0,0,0,0
"665521",0,0,0,0,0,0
"100862150",0,0,0,0,0,0
"100862230",0,0,0,0,0,0
"100862192",0,0,0,0,0,0
"100862202",0,0,0,0,0,0
"100862180",0,0,0,0,0,0
"100862245",0,0,0,0,0,0
"100861655",0,0,0,0,0,0
"100861624",0,0,0,0,0,0
"100041712",0,0,0,0,0,0
"100041672",0,0,0,0,0,0
"384199",0,0,0,0,0,0
"625240",0,0,0,0,0,0
"545762",0,0,0,0,0,0
"545763",0,0,0,0,0,0
"620551",0,0,0,0,0,0
"100041806",0,0,0,0,0,0
"665729",0,0,0,0,0,0
"100039010",0,0,0,0,0,0
"100038995",0,0,0,0,0,0
"100861603",0,0,0,0,0,0
"620639",0,0,0,0,0,0
"19791",1892,2098,1403,1404,3950,5974
"667335",0,0,0,0,0,0
"330256",29,19,20,21,9,21
"209086",146,99,83,158,88,151
"101202",0,0,1,0,0,0
"73288",858,654,585,657,562,603
"12311",2,1,1,0,0,2
"100124468",0,0,0,0,0,0
"723877",0,0,0,0,0,0
"21789",346,233,264,286,236,237
"14699",34,40,31,21,38,40
"66066",725,522,594,584,633,572
"12068",404,310,324,353,347,288
"12843",12723,8296,9538,11460,9234,10050
"100862129",0,0,0,0,0,0
"213819",667,605,523,667,535,536
"20392",224,136,158,149,166,182
"170676",3544,2694,2393,3309,2639,2647
"100040018",0,0,0,1,0,0
"243725",324,252,225,298,162,265
"18979",0,0,0,0,0,2
"269823",188,153,132,181,143,156
"330260",913,664,740,711,681,677
"65255",61,59,39,57,54,52
"27273",2971,2569,2440,2802,2512,2552
"13426",276,224,255,261,227,202
"72249",0,0,1,0,0,0
"50799",42,32,29,34,33,31
"20422",934,780,772,733,849,749
"320038",2,1,1,0,0,0
"13396",0,0,0,0,0,0
"13397",0,0,0,0,0,0
"13395",0,0,0,2,0,0
"71238",109,102,105,97,107,96
"100502597",0,0,0,0,0,0
"21333",0,1,1,1,0,2
"27053",1369,1180,1160,1302,1149,1202
"94192",430,303,221,327,207,271
"213945",12,4,9,11,9,12
"252875",517,396,359,394,388,402
"68240",75,62,60,59,66,59
"100036521",160,145,147,126,155,141
"100504206",0,0,0,0,0,0
"100862035",0,0,0,0,0,0
"320312",11,2,8,9,9,3
"170772",162,111,86,129,123,106
"15893",50,33,34,47,52,41
"18231",2,0,0,1,0,0
"57866",0,0,0,0,0,0
"17992",2808,2311,2324,2341,2708,2374
"75725",673,524,489,567,531,510
"100504223",0,0,0,1,0,0
"625347",0,0,0,0,0,0
"330267",468,276,238,431,282,400
"71900",2111,1580,1517,1830,1432,1482
"232585",0,0,0,0,0,0
"277899",0,0,0,0,0,0
"69413",0,0,0,0,0,0
"101118",646,468,523,535,467,437
"101148",848,649,640,618,581,524
"64450",33,27,17,30,31,24
"66520",579,440,452,437,490,396
"76311",100,75,69,80,77,62
"140491",1619,1229,965,1369,871,1125
"114142",16,14,14,17,10,17
"16543",525,354,399,473,430,399
"21426",15,5,8,12,14,6
"100504308",1,0,3,1,2,2
"21753",177,128,144,186,171,111
"232599",3,1,2,5,1,3
"100862080",0,0,0,0,0,0
"12390",113,50,61,89,67,69
"12389",464,321,352,410,401,388
"17295",328,236,182,308,197,234
"12343",2551,1954,1833,2076,1918,1870
"100504329",101,67,84,80,85,74
"64213",261,195,202,266,240,219
"22413",0,4,2,7,7,2
"74068",0,0,0,0,0,0
"12638",1,0,0,1,0,3
"30785",6,3,4,1,6,3
"100504344",277,179,183,227,198,191
"76522",235,180,151,178,211,147
"75196",0,1,0,0,0,0
"16508",22,17,21,19,11,18
"269831",960,804,849,821,778,802
"71777",212,158,159,164,165,154
"214642",198,157,156,172,145,156
"667307",0,0,0,0,1,0
"93735",0,1,1,0,0,0
"27999",612,463,564,568,592,500
"19283",14,11,15,19,9,14
"30956",5,3,1,1,0,0
"73191",0,0,0,0,0,2
"320405",119,75,68,86,64,50
"386611",9,6,4,7,0,1
"71300",0,0,0,0,0,0
"387347",0,0,0,0,0,0
"55961",5,5,6,2,4,2
"214704",11,0,2,6,0,2
"68202",1314,1072,1098,1155,1185,1014
"78910",380,254,279,302,237,236
"93677",9148,7788,8727,7849,7415,8041
"73178",1019,766,809,875,807,706
"74409",0,1,0,1,0,0
"77042",2,0,0,1,0,0
"20690",0,0,0,0,0,0
"74468",0,0,0,0,0,0
"319832",1,1,0,3,2,3
"14763",442,316,324,349,326,331
"101185",166,127,113,135,124,115
"626904",0,0,0,0,0,0
"14823",5,3,1,3,1,4
"735266",0,0,0,0,0,0
"76224",3,2,3,7,1,2
"627049",186,154,139,188,132,140
"74375",430,334,310,374,376,308
"11844",1449,1280,1424,1362,1542,1278
"56223",1,0,0,0,0,0
"18506",0,0,0,0,0,0
"56463",4308,3482,3611,3616,3462,3331
"192198",65,62,44,74,57,53
"387237",0,0,0,0,0,0
"16846",3,2,2,0,3,0
"68272",1873,1461,1601,1637,1393,1348
"101359",126,120,106,140,118,120
"23917",2501,2049,2151,2199,2186,1991
"69573",76,59,54,69,76,72
"245884",2,3,3,2,3,1
"330277",18,13,19,13,12,10
"12321",11919,9305,8991,10427,8589,9449
"12057",13,6,16,10,18,11
"232664",625,429,439,477,488,458
"68794",54186,40580,35404,47107,29039,40929
"66144",1261,1028,1003,1073,1185,991
"668210",0,1,0,0,0,0
"333088",31,15,20,16,12,17
"27056",10,7,7,12,14,10
"320938",2448,1968,2046,2157,1885,1952
"232670",437,370,423,429,452,360
"319757",495,354,387,436,446,379
"74340",750,592,568,662,552,508
"320609",47,44,27,35,35,24
"76419",0,1,0,0,0,0
"18181",406,321,324,340,377,314
"387177",0,0,0,0,0,0
"723886",0,0,0,0,0,0
"387178",0,0,0,0,0,0
"100463519",0,0,0,0,1,0
"22214",4000,3048,3224,3536,3312,2994
"100862136",0,0,1,0,0,0
"232679",416,333,332,392,382,302
"76788",2203,1777,1555,1815,1545,1543
"72649",475,360,385,429,365,335
"75647",4,2,0,1,0,0
"232680",1,0,1,1,0,0
"100862143",0,0,0,0,0,0
"71791",3,0,1,1,0,1
"74649",6,1,0,0,1,0
"109697",0,0,1,0,0,1
"83922",89,59,76,74,67,52
"17294",1123,735,1004,823,748,638
"723930",1,1,0,0,0,0
"54160",1249,989,987,1133,1053,960
"116732",0,0,0,0,0,0
"619665",2,0,3,0,0,3
"387222",2,0,0,0,1,0
"387223",0,0,0,0,0,0
"73652",69,64,49,55,70,46
"100503869",8,15,10,8,7,3
"27418",1967,1502,1519,1664,1438,1393
"27205",35,31,31,39,32,39
"76382",0,0,0,0,0,0
"243743",400,291,231,395,245,377
"319849",0,0,0,0,0,0
"66075",2389,2122,2027,2196,2146,2045
"20336",3820,2852,2381,3289,2293,2853
"100503911",1021,761,867,899,843,763
"74354",1,4,1,0,0,3
"58246",350,264,250,310,244,240
"11677",6028,4815,5032,4641,4734,4307
"14187",1567,1310,1364,1189,1200,1158
"67861",927,749,744,737,712,690
"11997",15,7,4,7,12,4
"12183",946,751,784,827,809,719
"100861595",164,108,122,137,112,106
"109624",8002,5246,6051,6969,6063,5765
"100503921",2,2,7,3,3,2
"76223",61,26,46,41,22,37
"68487",10,11,9,4,11,12
"78412",83,42,66,68,90,61
"101240",384,258,281,340,279,266
"20899",0,0,0,0,0,0
"243753",0,0,6,1,0,0
"53621",941,755,711,743,725,678
"70699",684,507,525,577,466,510
"67705",1158,1020,1110,1054,1110,1097
"243755",0,2,2,9,2,7
"208164",1,0,0,0,0,0
"73409",1,0,0,0,2,0
"14489",3064,2263,2112,2683,2421,2219
"319472",0,0,0,0,0,0
"243764",0,1,0,0,0,2
"735279",0,0,0,0,0,0
"19242",72,52,31,45,31,38
"320127",0,2,0,4,0,3
"73585",0,0,0,0,0,0
"208647",644,485,421,596,353,461
"208665",0,0,0,0,0,0
"100039636",2694,2156,2201,2301,2313,2080
"21848",653,523,457,564,485,489
"320590",0,1,0,0,0,0
"140494",0,2,0,3,3,1
"77522",0,0,0,0,0,0
"330286",116,85,99,124,55,94
"209032",77,45,51,44,47,66
"78781",333,271,196,326,193,286
"264134",190,131,140,135,118,142
"320538",1492,1036,837,1208,769,945
"66117",91,64,89,67,98,81
"192196",4026,3077,3110,3327,2952,2829
"100861853",141,88,102,107,72,60
"100504031",1,6,2,2,1,2
"74253",21,21,18,28,19,13
"665180",2,2,1,1,5,2
"15258",1998,1524,840,1641,802,1388
"21391",1,0,2,1,0,0
"69986",0,0,0,0,0,0
"243771",81,60,58,59,63,84
"75379",0,0,0,0,1,0
"338523",1008,736,551,805,680,699
"72144",427,297,330,402,339,305
"19331",0,0,0,0,0,0
"54484",278,205,221,272,256,248
"100503122",1,0,3,1,1,0
"621427",2,4,0,0,0,0
"209773",416,296,269,345,298,322
"77209",1,2,3,0,0,1
"57869",155,124,151,148,110,120
"68198",437,387,418,457,453,390
"109880",455,252,282,311,258,237
"14548",625,456,543,565,560,491
"434008",2,0,1,4,0,2
"69923",198,129,142,152,148,157
"243780",19,9,7,12,8,9
"381759",0,0,0,0,0,0
"381760",564,426,446,511,551,466
"574417",1,0,0,0,0,0
"57253",0,0,0,0,0,0
"67690",0,0,0,0,0,0
"258380",0,1,1,0,0,0
"258381",0,0,0,0,0,0
"23845",0,0,0,0,1,2
"387513",0,0,0,0,0,0
"232714",111,68,70,71,84,75
"194357",0,0,0,0,0,0
"621968",0,0,0,0,0,0
"232717",0,0,0,0,0,0
"73481",0,0,0,0,0,0
"73626",0,0,0,0,0,0
"100040208",1,0,0,0,0,0
"67373",2,2,0,1,0,1
"100124659",0,0,0,0,0,0
"100039790",0,0,0,0,0,0
"100124660",0,0,0,0,0,0
"100124661",0,0,0,0,0,0
"100124671",0,0,0,0,0,0
"100124672",0,0,0,0,0,0
"100124673",0,0,0,0,0,0
"100124674",0,0,0,0,0,0
"100124675",0,0,0,0,0,0
"100124677",0,0,0,0,0,0
"100124678",0,0,0,0,0,0
"100124679",0,0,0,0,0,0
"100124680",0,0,0,0,0,0
"100124681",0,0,0,0,0,0
"100124682",0,0,0,0,0,0
"100124684",0,0,0,0,0,0
"100124685",0,0,0,0,0,0
"100124686",0,0,0,0,0,0
"100124688",0,0,0,0,0,0
"100124689",0,0,0,0,0,0
"110315",0,0,0,0,0,0
"100124699",0,0,0,0,0,0
"22074",0,0,0,0,2,0
"103964",2,2,0,1,4,4
"436522",0,0,0,0,0,0
"22073",0,0,1,0,0,0
"436523",0,0,0,0,0,0
"386551",0,0,0,0,0,0
"100040233",0,0,0,0,0,0
"114228",0,0,0,0,0,0
"22072",1,0,0,2,0,0
"100125246",0,0,0,0,0,0
"100125248",0,0,0,0,0,0
"100125249",0,0,0,0,0,0
"100125250",0,0,0,0,0,0
"100125251",0,0,0,0,0,0
"100125252",0,0,0,0,0,0
"100125253",0,0,0,0,0,0
"100125254",0,0,0,0,0,0
"100125262",1,0,0,1,0,1
"100125247",0,0,0,0,0,0
"100125255",0,0,0,0,0,0
"100125256",0,0,0,0,0,0
"100125257",0,0,0,0,0,0
"100125258",0,0,0,0,0,0
"100125259",0,0,0,0,0,0
"100125261",0,1,0,1,0,0
"100125263",10,6,5,7,5,4
"269846",0,0,0,0,0,0
"13848",214,164,172,153,191,150
"64177",6,5,6,4,11,5
"194352",2,0,0,0,0,0
"76606",0,0,0,0,0,0
"23925",0,0,0,0,0,0
"258569",0,0,0,0,0,0
"18716",0,0,0,0,0,0
"84543",0,0,0,0,0,0
"71578",0,0,0,0,0,0
"387564",0,0,0,0,0,0
"20939",0,0,0,0,0,0
"353148",0,0,0,0,0,0
"387515",0,0,0,0,0,0
"76263",15,10,10,20,11,11
"109218",0,0,2,0,0,0
"12366",98,76,80,86,79,76
"12723",133,97,89,116,89,111
"76156",23,12,20,17,18,24
"22793",3000,2187,2645,2679,2660,2290
"13835",209,115,165,127,133,132
"72131",0,1,2,0,0,0
"387514",1,0,0,0,1,1
"387512",0,1,2,0,0,0
"387353",0,0,0,0,0,0
"258436",0,0,0,0,0,0
"258989",0,0,0,0,0,0
"259144",5,5,1,1,5,5
"546896",0,0,0,0,0,0
"403088",0,0,1,1,0,0
"232748",346,232,262,283,242,233
"77574",1830,1549,1358,1489,1198,1448
"258016",0,0,0,0,0,0
"258988",0,1,0,0,0,0
"258207",0,0,0,0,0,0
"258437",0,0,0,0,0,0
"259067",0,0,0,0,0,0
"258270",0,0,0,0,0,0
"258990",0,0,0,0,0,0
"258292",0,0,0,0,0,0
"258650",0,0,0,0,0,0
"258649",0,0,0,0,0,0
"258648",0,0,0,0,0,0
"258293",0,0,0,0,0,0
"18310",0,0,0,0,0,0
"258647",0,0,0,0,0,0
"258366",0,0,0,0,0,0
"18346",0,0,0,0,0,0
"100503800",5,2,2,3,0,5
"54324",599,429,451,451,419,424
"18291",3,1,1,0,1,2
"29807",17,16,16,39,16,25
"319812",3,0,4,3,0,1
"66797",5,6,12,5,8,5
"26965",4316,3417,3304,3721,3345,3244
"14056",272,179,182,207,179,170
"19799",3,3,0,0,0,0
"19874",0,0,0,0,0,0
"19872",0,0,0,0,0,0
"12304",2227,1646,1859,1963,1899,1614
"735289",0,0,0,0,0,0
"330301",24,16,33,17,18,38
"272347",80,51,45,96,51,67
"101095",610,455,485,542,514,509
"232784",206,164,199,217,205,182
"232785",65,53,47,58,57,56
"101197",72,57,69,66,82,64
"72306",496,380,457,520,449,458
"69228",371,261,291,306,315,236
"100503622",1,1,2,2,0,0
"77827",356,265,336,293,265,243
"68910",88,64,65,62,58,54
"243369",10,11,11,6,4,7
"58894",221,182,155,206,229,196
"76252",296,255,289,298,297,238
"243371",81,62,64,78,71,67
"71660",0,1,0,0,0,0
"330305",3,3,0,2,4,4
"58887",631,535,565,572,571,519
"243372",110,102,98,116,92,97
"243373",6,3,2,3,3,2
"243374",0,0,0,0,0,0
"317758",5,8,2,5,10,5
"107526",0,0,0,0,0,0
"231931",20,11,12,15,12,13
"231932",0,0,0,0,0,0
"100041450",0,0,0,0,0,0
"16205",0,0,0,0,0,0
"317757",0,0,0,0,0,0
"83408",0,0,0,0,0,1
"65963",499,376,321,456,434,336
"66058",237,150,137,214,189,154
"666105",1,2,5,3,3,3
"76507",1,0,2,4,0,0
"69761",0,0,0,0,0,0
"243376",0,0,0,0,0,0
"243377",0,0,0,0,0,0
"93695",2123,1501,1433,2146,1752,1569
"75593",146,132,127,192,188,120
"140488",401,295,281,370,266,296
"101214",923,738,824,717,783,644
"57895",78,56,57,66,54,63
"231946",1,3,7,7,6,6
"77485",0,0,0,2,0,0
"109648",1,6,8,12,5,2
"56524",2690,2314,2050,2367,2284,2199
"54722",74,59,75,81,77,54
"71720",1725,1327,1372,1615,1350,1426
"13063",4249,3625,3410,3716,3650,3365
"73183",8,1,1,3,2,2
"70821",6,0,6,2,5,13
"60531",0,0,0,0,0,0
"319981",1,0,0,1,2,0
"387166",0,0,0,0,0,0
"18025",2,2,3,1,0,1
"53379",12465,9470,10141,10464,10376,8892
"12417",1733,1301,1307,1415,1358,1197
"71982",481,380,357,398,347,361
"54353",571,423,408,452,435,388
"15394",36,26,30,27,40,21
"100504068",45,48,55,60,64,40
"15399",27,14,16,25,14,22
"100503966",60,44,77,71,47,53
"15400",64,38,32,44,39,25
"77580",2,6,6,7,0,2
"15401",65,34,54,56,51,37
"72628",12,10,5,4,4,2
"15402",69,48,60,63,67,35
"15403",39,26,33,28,22,34
"100736249",114,105,113,108,138,104
"15404",251,138,205,237,198,175
"15405",175,160,194,163,144,150
"723820",3,2,2,0,2,0
"15395",461,387,435,436,389,369
"15396",89,81,96,82,79,60
"15397",49,26,26,33,32,31
"15398",13,10,13,12,8,8
"70593",0,0,0,0,0,0
"14028",0,0,0,0,0,0
"74304",0,0,0,0,0,0
"58875",1394,1148,1139,1196,1163,1034
"52440",3574,2780,2737,3117,2736,2674
"231986",16,18,8,10,11,13
"100504507",0,0,0,0,0,0
"666259",0,0,0,0,0,0
"320189",6,2,2,1,0,4
"100504577",14,13,14,13,13,12
"231991",21,21,21,39,14,25
"66873",5,4,4,6,2,2
"71287",0,0,0,0,0,0
"69993",154,125,127,120,124,130
"78616",0,0,0,0,0,0
"100502661",5,5,3,1,6,7
"100042056",24,18,16,22,19,19
"78004",127,111,116,122,138,138
"330319",165,114,104,149,157,87
"69938",946,754,740,816,698,690
"231997",553,451,457,528,468,448
"231999",227,142,133,209,180,152
"68235",195,160,172,163,166,170
"387524",574,413,330,481,409,361
"107607",331,258,245,269,253,248
"110175",211,169,187,195,192,158
"353172",5131,4230,4125,4487,4252,4089
"12922",15,9,15,15,11,3
"21743",0,0,0,0,0,0
"330323",94,76,81,92,69,64
"11826",22,22,16,14,13,20
"14602",0,0,0,0,0,0
"330324",4,3,2,4,1,1
"11517",868,569,597,601,435,545
"11922",1,0,2,2,3,0
"100041339",0,0,0,0,0,0
"232016",0,0,0,0,0,0
"19051",0,0,0,0,0,0
"18575",29,35,33,29,30,41
"66373",62,38,26,36,42,33
"78937",270,163,134,195,175,160
"210973",742,635,556,662,590,621
"27055",3177,2400,2604,2935,2671,2605
"100861676",0,0,0,0,0,0
"107569",211,157,163,209,170,148
"171194",2,0,0,0,0,0
"171192",0,0,0,0,0,0
"171193",0,0,0,0,0,0
"434016",0,0,0,0,0,1
"171205",0,0,0,0,0,0
"171203",0,0,0,0,0,0
"113858",0,0,0,0,0,0
"113860",0,0,0,0,0,0
"626397",0,0,0,0,0,0
"113862",0,0,0,0,0,0
"113864",0,0,0,0,0,0
"113863",0,0,0,0,0,0
"171202",0,0,0,0,0,0
"171189",0,0,0,0,0,0
"171199",0,0,0,0,0,0
"171200",0,0,0,0,0,0
"434017",0,0,0,0,0,0
"243382",146,116,141,119,106,96
"67138",12,21,6,15,11,10
"66459",291,243,252,248,277,235
"71835",74,66,36,61,67,62
"232023",572,425,424,497,475,435
"171201",0,0,0,0,0,0
"171196",0,0,0,0,0,0
"171197",0,0,0,0,0,0
"171191",0,0,0,0,0,0
"113865",0,0,0,0,0,0
"171190",0,0,0,0,0,0
"171206",0,0,0,0,0,0
"171198",0,0,0,0,0,0
"113859",0,0,0,0,0,0
"171195",0,0,0,0,0,0
"626828",0,0,0,0,0,0
"26357",1081,897,837,912,847,824
"73998",983,838,793,878,720,828
"58243",16,20,23,18,17,9
"58909",516,405,368,448,369,433
"68140",400,323,313,352,287,286
"243385",0,4,0,3,0,3
"434019",0,0,0,0,0,0
"208079",0,0,0,0,0,0
"20617",49,28,27,57,34,39
"70945",0,0,0,0,0,0
"100504262",0,0,0,2,1,0
"232035",2,10,1,10,4,1
"14804",1,0,1,2,0,2
"100504298",0,0,0,1,0,0
"11921",0,0,0,0,0,0
"13990",603,419,398,602,400,409
"54486",1,0,0,0,0,1
"634745",0,0,0,0,0,1
"243407",0,0,0,1,1,0
"414084",1,1,1,5,6,3
"68169",5,6,5,5,11,3
"70779",312,272,297,279,214,226
"67653",0,0,0,0,0,0
"56150",60,50,55,53,71,47
"171188",0,0,0,0,0,2
"171187",0,0,0,0,0,0
"546901",0,0,0,0,0,0
"171185",0,0,0,0,0,0
"171184",0,0,0,0,0,0
"171183",0,0,0,0,0,0
"171186",0,0,0,0,0,0
"546903",0,0,0,0,0,0
"100042008",2732,2157,2212,2334,2462,2195
"75373",1,3,3,3,4,2
"14701",1530,1131,1041,1479,1244,1113
"13197",1447,1107,1210,1443,1475,1138
"320172",21,10,25,20,18,22
"319665",14,12,17,17,12,10
"66870",9997,8283,8506,9475,9492,8577
"16162",53,37,39,41,29,36
"209590",1,0,0,0,3,0
"56753",5,6,5,3,4,5
"692187",0,0,0,0,0,0
"75070",0,0,0,0,0,0
"243420",0,0,0,0,0,0
"628027",0,0,0,0,0,0
"243423",0,0,0,0,0,0
"628056",0,0,0,0,0,0
"628072",0,0,0,0,0,0
"692182",0,0,0,0,0,0
"243433",0,0,0,0,0,0
"243428",0,0,0,0,0,0
"243431",0,0,0,0,0,0
"628144",0,0,0,0,0,0
"434024",0,0,0,0,0,0
"667435",0,0,0,0,0,0
"434025",0,0,0,0,0,0
"16098",0,0,0,0,0,0
"381776",0,0,0,0,0,0
"545847",0,0,0,0,0,0
"381777",0,0,0,0,0,0
"628268",0,0,0,0,0,0
"381778",0,0,0,0,0,0
"692169",0,0,0,0,0,0
"724035",0,0,0,0,0,0
"243439",0,0,0,0,0,0
"434028",0,0,0,0,0,0
"435900",0,0,0,0,0,0
"692165",0,0,0,0,0,0
"434031",0,0,0,0,0,0
"667550",0,0,0,0,0,0
"692161",0,0,0,0,0,0
"384410",0,0,0,0,0,0
"434033",0,0,0,0,0,0
"434034",0,0,0,0,0,0
"384411",0,0,0,0,0,0
"692154",0,0,0,0,0,0
"243451",0,0,0,0,0,0
"434036",0,0,0,0,0,0
"692152",0,0,0,0,0,0
"243453",0,0,0,0,0,0
"545848",0,0,0,0,0,0
"213684",0,0,0,0,0,0
"545849",0,0,0,0,0,0
"236047",0,0,0,0,0,0
"628516",0,0,0,0,0,0
"385109",0,0,0,0,0,0
"692138",0,0,0,0,0,0
"434586",0,0,0,0,0,0
"385120",0,0,0,0,0,0
"628541",0,0,0,0,0,0
"384515",0,0,0,0,0,0
"19783",0,0,0,0,0,0
"628571",0,0,0,0,0,0
"636752",0,0,0,0,0,0
"546244",0,0,0,0,0,0
"667683",0,0,0,0,0,0
"385277",0,0,0,0,0,0
"381831",0,0,0,0,0,0
"384514",0,0,0,0,0,0
"235952",0,0,0,0,0,0
"385253",0,0,0,0,0,0
"385291",0,0,0,0,0,0
"546213",0,0,0,0,0,0
"619806",0,0,0,0,0,0
"381782",0,0,0,0,0,0
"619846",0,0,0,0,0,0
"692245",0,0,0,0,0,0
"545850",0,0,0,0,0,0
"545851",0,0,0,0,0,0
"381783",0,0,0,0,0,0
"619960",0,0,0,0,0,0
"620017",0,0,0,0,0,0
"620050",0,0,0,0,0,0
"384417",0,0,0,0,0,0
"620088",0,0,0,0,0,0
"620105",0,0,0,0,0,0
"620126",0,0,0,0,0,0
"243461",0,0,0,0,0,0
"434039",0,0,0,0,0,0
"384419",0,0,0,0,0,0
"620191",0,0,0,0,0,0
"434040",0,0,0,0,0,0
"434041",0,0,0,0,0,0
"620240",0,0,0,0,0,0
"381784",0,0,0,0,0,0
"677858",0,0,0,0,0,0
"434685",0,0,0,0,0,0
"637227",0,0,0,0,0,0
"620400",0,0,0,0,0,0
"108024",0,0,0,0,0,0
"232065",0,0,0,0,0,0
"667859",0,0,0,0,0,0
"667865",0,0,0,0,0,0
"640340",0,0,0,0,0,0
"108022",0,0,0,0,0,0
"667881",0,0,0,0,0,0
"667899",0,0,0,0,0,0
"667914",0,0,0,0,0,0
"667924",0,0,0,0,0,0
"667928",0,0,0,0,0,0
"108005",0,0,0,0,0,0
"667940",0,0,0,0,0,0
"626347",0,0,0,0,0,0
"667946",0,0,0,0,0,0
"626583",0,0,0,0,0,0
"108004",0,0,0,0,0,0
"110759",0,0,0,0,0,0
"110760",0,0,0,0,0,0
"110761",0,0,0,0,0,0
"110762",0,0,0,0,0,0
"110763",0,0,0,0,0,0
"16071",0,0,1,0,0,0
"19895",144,136,132,136,152,138
"13666",251,231,261,276,208,217
"74221",0,0,0,1,0,0
"232077",0,0,0,0,0,0
"619547",335,272,252,268,303,250
"232078",87,73,91,82,92,87
"14080",0,1,0,0,0,0
"12180",8916,7664,7003,8097,7028,6872
"57896",1167,987,972,1003,1040,889
"381785",6,2,3,7,2,2
"12526",0,0,0,0,0,0
"12525",0,0,0,0,2,0
"68477",2217,1742,1620,1855,1580,1729
"22644",849,617,704,674,675,663
"66700",2311,1837,1824,2008,1976,1738
"104263",1104,826,918,993,812,804
"52250",5234,4303,3940,4573,3808,3935
"66223",448,347,390,393,419,332
"76614",5261,4335,4056,4498,3956,4041
"69956",2297,1839,1685,1971,1764,1599
"20019",2170,1729,1422,2012,1362,1648
"330350",0,0,0,0,0,0
"20454",4517,3745,4053,3934,3970,3743
"71265",0,0,2,3,1,2
"71093",41,24,41,48,58,41
"20388",1,3,0,0,0,0
"28035",836,745,809,826,777,756
"100504536",10,2,8,8,9,2
"68364",270,193,222,224,228,183
"232086",602,426,571,466,485,367
"66510",1966,1510,1551,1680,1759,1394
"53620",1350,1116,1204,1154,1349,1039
"22320",357,273,286,343,340,266
"56316",757,547,686,625,605,519
"232087",6914,5225,5799,5182,5027,4212
"78108",46,48,47,70,43,33
"71130",62,29,51,53,55,23
"12332",1205,833,1018,1161,1210,1001
"232089",160,144,151,166,156,141
"67442",255,209,225,245,201,216
"22134",2235,1565,1585,1922,1623,1701
"21415",238,208,257,223,222,199
"100038714",6,4,1,3,0,2
"74287",3656,2943,2948,2960,2897,2685
"19240",74546,64245,58489,65574,68980,57305
"330354",51,39,26,19,34,22
"330355",15,11,5,13,7,3
"56451",2789,2390,2337,2429,2383,2142
"66740",0,0,0,0,0,0
"100043338",3,0,1,1,0,4
"12386",8,7,10,4,4,2
"74342",3,2,4,2,2,2
"70753",0,0,0,0,0,0
"434050",1,2,0,0,0,0
"18489",0,0,0,0,0,0
"30053",0,0,0,0,0,0
"19694",0,0,0,0,0,0
"19693",0,0,0,0,0,0
"19692",0,0,0,0,0,0
"19695",0,0,0,0,0,0
"100504701",0,0,0,0,0,0
"100463512",0,0,0,0,0,0
"243499",0,0,0,0,0,0
"100504719",0,0,0,0,0,0
"723871",0,0,0,0,0,0
"74220",0,0,0,0,0,0
"330361",76,55,63,57,54,50
"56284",564,490,487,551,480,479
"100504740",0,0,0,0,0,0
"232146",3,2,5,5,8,4
"21336",1,3,2,0,0,0
"66979",355,268,254,306,261,249
"15277",1450,1135,1414,1473,1369,1241
"69652",0,0,2,0,4,1
"20355",2,5,1,1,3,3
"110958",6,6,1,4,3,7
"13448",280,194,243,216,214,228
"16950",603,356,460,462,412,427
"64704",734,619,643,573,691,586
"11993",1506,1175,1378,1321,1452,1125
"93838",5,6,12,5,12,4
"21909",0,1,1,0,0,0
"69837",96,72,84,76,81,80
"16815",4,3,2,1,4,3
"100499518",0,0,0,0,0,0
"243510",101,85,73,73,81,69
"68499",981,755,755,845,874,687
"57377",495,411,421,470,488,362
"22377",506,439,448,456,492,440
"70020",245,239,263,240,316,231
"20166",774,620,694,659,720,641
"75659",73,58,62,69,55,54
"71837",51,24,28,26,27,27
"13191",4026,3297,3129,3705,3260,3213
"232156",0,2,3,2,1,1
"17768",744,471,603,687,644,598
"232157",332,211,216,316,198,201
"78653",418,359,387,437,510,357
"194388",1048,733,681,940,667,790
"320775",3,3,1,2,4,4
"27369",193,129,134,149,178,113
"11468",4,6,5,4,6,2
"70527",359,253,275,361,319,247
"100861870",2,1,0,0,2,2
"51811",0,0,0,0,0,0
"246278",0,0,0,1,0,0
"545859",0,0,2,0,1,1
"574519",0,1,3,3,2,1
"24113",26,28,24,44,45,29
"110935",1,0,3,1,0,0
"67934",2,1,1,2,0,1
"75305",4,7,0,0,3,2
"21766",934,731,734,842,801,758
"665004",0,1,0,2,1,0
"56174",321,225,241,356,288,249
"232164",914,826,643,750,625,651
"18139",1618,1184,1028,1373,958,1127
"26903",6261,4691,4587,5288,4067,4442
"100038556",0,0,0,0,0,0
"232174",84,62,62,73,52,52
"75914",693,553,487,609,491,492
"108176",1,1,0,0,4,0
"545861",0,0,0,0,0,0
"20751",538,433,492,485,508,493
"13796",0,0,0,1,0,0
"94282",49,26,38,24,30,39
"52055",1593,1380,1477,1587,1464,1377
"735267",0,0,0,0,0,0
"384452",0,0,0,0,0,0
"232187",593,488,451,542,493,414
"73327",129,100,102,102,106,100
"12468",5548,4395,4497,4846,4605,4265
"330369",16,8,6,16,2,7
"13656",1,0,5,5,12,5
"236266",70,75,61,97,47,63
"100043497",1,0,0,0,0,0
"93674",2,0,0,0,0,0
"623273",4,1,2,8,5,1
"100504710",2,0,0,0,0,0
"69049",0,0,0,0,0,0
"68396",0,0,0,0,2,0
"100043508",545,366,473,484,495,436
"93673",0,4,0,0,0,0
"75541",13,12,13,14,15,10
"66116",27,18,34,19,23,24
"69786",413,335,337,344,350,318
"72102",1787,1433,1428,1506,1279,1293
"100502586",9,6,4,12,4,10
"26910",0,0,0,0,0,0
"11519",20,12,12,16,2,14
"21802",22,9,11,25,12,13
"66488",561,453,467,538,536,427
"68011",254,195,211,217,230,197
"100502598",3,2,0,1,1,1
"66881",3371,2399,2476,2671,2433,2369
"21841",711,515,596,596,540,379
"232196",203,157,174,146,215,161
"381792",51,30,40,26,45,37
"23983",5652,4628,4964,5157,5287,4703
"72012",60,61,47,59,52,36
"67855",19,10,10,11,11,10
"17119",287,234,231,252,248,209
"66618",1033,796,773,924,918,702
"23885",177,124,144,153,135,104
"11746",1228,1027,993,1139,1140,905
"67170",42,43,38,42,47,47
"269774",1913,1480,1116,1518,1000,1149
"56748",1489,1254,1247,1201,1327,1170
"14583",1988,1518,1323,1842,1277,1504
"52372",5,2,2,4,2,4
"69538",1164,743,828,974,806,847
"66283",0,0,0,2,0,0
"66284",0,0,0,0,0,0
"68888",0,0,0,0,0,0
"12154",0,0,0,0,0,0
"232201",9,18,4,7,6,6
"58182",10,5,3,9,6,4
"72103",118,97,109,122,114,98
"320001",0,0,2,1,2,2
"613264",0,0,0,0,0,0
"100503261",0,0,0,0,0,0
"58229",1,2,0,1,3,0
"545864",27,19,14,20,20,16
"54368",0,0,1,1,0,0
"69834",596,487,464,539,495,465
"57905",456,408,361,380,419,366
"12785",6604,5138,5126,5906,5447,5127
"54161",3650,2878,2909,3259,2949,2940
"232210",271,210,245,240,259,187
"243529",82,76,79,78,84,70
"434064",6,9,11,10,7,9
"19349",3442,2576,2576,2928,2619,2513
"103963",3417,2537,2786,2874,2758,2629
"14461",301,263,267,283,261,228
"56691",0,0,0,0,0,0
"65967",131,101,131,171,134,124
"56505",947,742,836,873,843,810
"53421",2236,1572,1791,1878,1909,1703
"74589",117,110,75,109,86,118
"23945",450,419,408,452,490,404
"80283",315,268,262,298,310,252
"319655",115,115,103,142,116,118
"100038356",7,1,7,5,5,3
"100861958",0,0,0,0,0,0
"17216",350,266,225,275,245,234
"24100",377,306,405,324,308,310
"232217",0,0,0,0,0,0
"434065",0,0,0,0,0,0
"330379",1,0,0,0,0,0
"18844",6484,4593,3902,5209,3916,4397
"66098",179,126,125,149,154,148
"232223",298,251,282,298,298,240
"113855",6,4,8,3,6,5
"113857",0,1,1,0,0,0
"113848",6,4,1,1,2,2
"113847",0,0,0,0,0,0
"113854",0,0,0,0,0,0
"22297",0,0,1,0,0,0
"113856",0,0,0,0,0,0
"113846",0,0,0,0,0,0
"113845",0,0,0,0,0,0
"24112",0,0,0,0,0,0
"113852",0,0,0,0,0,0
"22296",0,0,2,0,0,0
"113849",0,0,0,0,0,0
"113850",0,0,0,0,0,0
"113853",1,2,2,4,1,2
"113851",0,0,0,1,0,0
"243535",3,0,2,3,0,2
"71797",128,102,130,164,163,131
"243537",0,0,0,2,4,0
"80292",554,413,460,542,411,382
"243538",14,7,3,10,3,7
"66277",42,36,51,46,62,43
"100861972",0,0,0,0,0,0
"107747",56,36,43,46,54,37
"100502864",0,1,1,0,0,0
"71699",121,93,109,107,103,127
"232227",3438,2556,2477,2824,2306,2357
"665685",11,8,0,4,9,6
"54563",235,177,200,198,159,186
"232232",760,626,688,720,705,616
"14115",14043,9913,10891,14983,11682,12251
"22421",0,1,0,2,0,0
"75787",1,0,0,0,3,0
"69798",25,35,39,37,36,37
"72170",559,474,449,511,531,421
"74122",861,662,697,709,723,669
"100861999",0,0,0,0,0,0
"22591",498,399,389,466,407,361
"67678",251,195,177,155,207,174
"100502935",33,43,40,43,35,40
"21366",19580,15302,15408,15174,12857,13556
"243547",942,742,854,849,629,645
"232236",366,264,333,326,304,280
"381798",2,5,6,3,6,5
"232237",6,1,3,3,1,2
"22026",490,353,279,382,244,324
"64658",560,428,475,507,561,471
"78287",994,768,724,828,672,723
"22044",0,0,0,0,0,0
"100502961",0,0,0,0,0,0
"243548",119,83,76,101,78,79
"101401",35,19,22,24,23,21
"74516",1,0,0,1,0,0
"330385",1,3,2,4,4,2
"100503057",0,0,0,0,0,0
"14924",622,490,443,486,457,522
"67582",284,217,250,266,243,209
"16206",2193,1536,1671,1984,1726,1784
"78773",0,0,0,0,0,0
"243574",48,30,23,33,32,33
"414067",1,1,0,0,0,0
"20917",503,405,362,478,425,413
"100862058",0,0,0,0,0,0
"320265",5,0,3,6,0,1
"78482",0,1,2,3,2,0
"320701",0,0,1,0,0,0
"101351",321,201,243,241,203,193
"232286",4642,3563,3299,3757,3422,3300
"22200",3488,2660,2470,2707,2498,2519
"65106",16869,13168,13328,13769,13693,12306
"320502",13323,11115,10959,11629,10884,10500
"232288",270,238,237,238,223,171
"17342",198,156,137,175,126,150
"330390",0,0,0,0,0,0
"108655",373,302,335,316,282,274
"100503384",0,0,0,2,1,0
"66892",163,134,141,142,161,126
"14761",2,3,1,2,1,1
"50501",0,0,0,0,0,0
"56353",405,297,267,355,327,262
"73395",0,0,0,0,0,0
"72171",143,90,98,119,106,118
"232313",99,94,81,76,55,67
"100503438",0,0,0,0,1,0
"232314",2825,2215,2134,2385,2335,2134
"55983",1012,884,841,813,683,730
"207157",0,0,0,0,0,0
"18488",0,0,0,0,0,0
"12661",6,1,6,5,4,1
"53870",1,0,0,0,0,0
"100503536",0,0,0,0,1,0
"269784",1,0,0,0,0,0
"16192",1,2,3,0,0,0
"70047",368,305,277,330,303,292
"58799",1198,915,837,925,778,819
"16979",33222,27288,25840,27893,23044,27510
"74729",53,47,50,51,39,41
"58911",517,389,436,421,523,384
"100043718",20,25,17,21,31,27
"16438",221,158,119,194,137,166
"100503596",0,0,0,0,0,0
"75394",3,3,1,0,1,1
"20893",2084,1654,1881,2077,2035,1677
"67166",1050,850,839,1089,890,879
"100862120",0,0,0,0,0,0
"192193",464,401,354,408,382,402
"100862128",0,0,0,0,1,0
"627371",1,3,1,2,1,1
"108073",3,0,1,1,3,1
"67336",0,0,0,0,0,0
"30937",3531,3151,3383,3413,3197,3322
"100503613",2,5,6,2,3,3
"243612",7,5,8,6,8,14
"12391",5904,5212,5265,5646,5761,5256
"18430",17,16,23,27,16,13
"58186",45,31,34,25,39,37
"259302",3163,2391,2037,3008,1927,2236
"14911",548,408,414,494,453,421
"14910",65,49,66,65,47,46
"72895",2372,1858,1772,2019,1612,1715
"269788",31,26,23,26,23,25
"97287",384,302,291,373,318,318
"211232",11,5,12,10,5,11
"78783",820,618,649,770,647,659
"18294",123,103,83,98,121,125
"52163",580,464,453,511,526,438
"101206",628,491,530,572,567,493
"68089",1330,982,1023,1132,1174,1028
"101100",84,58,74,75,53,32
"101122",160,135,139,124,146,136
"14311",2,1,2,0,0,0
"67767",570,493,501,539,515,470
"57890",1,2,1,2,0,5
"171095",293,256,244,284,260,241
"171508",2883,2284,2604,2389,2456,2192
"210673",27,26,19,27,13,21
"66087",1948,1603,1652,1729,1675,1573
"211651",15,13,9,11,12,16
"70979",0,0,1,0,0,0
"101314",1814,1515,1559,1565,1720,1510
"22346",285,239,229,270,295,253
"108960",302,240,266,289,252,266
"381801",930,795,778,858,838,748
"58991",14,6,11,8,7,3
"110379",1763,1258,1350,1447,1354,1299
"100504971",0,0,0,0,0,0
"11941",9,6,10,13,5,3
"243616",1,0,1,1,0,0
"232333",4,2,5,2,0,3
"15465",0,0,1,3,2,0
"74244",402,284,331,362,365,334
"100862196",0,0,0,0,1,0
"232334",374,285,264,333,297,263
"109292",1,0,4,1,1,4
"68971",466,369,368,413,396,377
"100503783",2,2,1,1,0,1
"20965",510,446,444,501,442,464
"110595",8,4,3,3,5,2
"19016",43,16,19,33,17,24
"381802",271,239,243,247,275,215
"70291",6,2,9,5,12,8
"67027",545,508,497,490,503,489
"110157",4565,3858,3876,3881,3697,3496
"94346",230,208,217,200,278,199
"67088",6614,5456,5450,5809,4747,5129
"19951",5410,4129,4241,4598,4773,4040
"100217451",4,8,4,4,11,5
"212516",11,6,10,1,11,6
"17193",66,34,46,35,29,35
"81896",1161,1008,860,981,906,848
"212541",8,3,5,7,8,1
"171506",1,0,0,0,0,1
"67784",901,667,670,817,709,702
"330401",1081,843,844,924,780,735
"666634",224,192,231,159,217,170
"666648",6,1,4,4,11,8
"28006",1840,1452,1443,1755,1478,1355
"67492",47,30,35,45,23,37
"71779",2012,1550,1515,1727,1585,1549
"11689",2370,2012,1969,2117,1901,1915
"100503845",0,0,0,0,0,0
"258914",0,0,0,0,0,0
"258019",1,0,1,0,0,0
"258020",0,0,0,0,0,0
"258754",0,0,0,0,0,2
"258438",1,0,0,0,0,0
"67255",425,350,374,370,351,378
"213391",6,8,3,9,13,11
"213393",5,2,1,4,2,2
"319776",1,0,0,0,0,0
"20315",201,143,192,249,213,189
"100126203",3,0,0,0,0,0
"330403",0,0,0,0,0,0
"72263",0,1,0,0,0,0
"621705",0,0,0,0,0,0
"232337",365,310,344,345,360,321
"22685",28,27,29,30,20,24
"98758",4801,3650,3801,4331,4207,3805
"108017",3,0,4,0,1,1
"70727",38,23,38,30,35,15
"78752",542,435,418,473,408,427
"19713",100,63,69,76,75,60
"73531",0,0,0,0,0,0
"213895",2056,1543,1625,1694,1544,1500
"100503945",2,6,6,6,1,4
"72720",98,80,95,80,80,67
"22750",280,193,227,267,245,243
"232339",245,161,136,200,150,175
"12288",38,14,34,26,16,22
"74363",0,0,0,0,0,0
"319618",23,17,21,21,25,12
"100503955",0,0,1,0,0,0
"319734",5,2,6,7,3,1
"211187",100,66,75,104,91,47
"68465",2610,2149,1898,2223,1932,1798
"22419",16,10,15,11,24,16
"101358",460,374,418,439,427,378
"111173",1768,1322,1181,1479,1117,1261
"67289",4,4,6,7,3,11
"19365",214,211,219,196,183,155
"232341",19212,14416,11612,16115,9928,13106
"29862",3,9,6,4,3,2
"330406",61,44,36,57,31,39
"67200",82,71,53,81,61,61
"214899",1566,1069,1019,1197,955,1094
"16172",882,649,759,715,671,653
"94047",1,0,0,2,0,4
"214932",265,214,238,224,222,185
"73505",0,0,0,0,0,0
"330409",120,81,71,84,74,81
"71803",9,8,8,3,5,7
"11973",5511,4540,4591,4830,4797,4156
"94044",2366,1799,1594,1896,1551,1716
"12122",526,442,421,467,416,377
"100505050",1548,1212,1268,1235,1133,1304
"194401",756,620,420,685,400,527
"74043",114,82,102,82,80,78
"53857",1,1,3,0,1,0
"24110",12,10,7,20,7,18
"100504054",0,0,0,0,0,0
"14412",20,15,18,22,29,17
"14411",3,5,2,5,7,4
"243621",1547,1143,1252,1094,1161,992
"232345",1,0,0,0,0,1
"17836",0,0,0,0,0,0
"17837",0,0,0,0,0,0
"381806",0,0,0,0,0,0
"17835",0,1,0,0,0,0
"50928",0,0,1,0,0,0
"625931",0,0,0,0,0,0
"17113",1320,933,1165,1131,1104,994
"13619",539,457,481,478,439,416
"74269",0,0,0,0,0,0
"108653",0,1,3,0,0,0
"667035",207,318,174,160,158,269
"50530",113,92,133,132,126,114
"11628",1,1,1,1,0,0
"11810",66,33,41,49,51,36
"14562",0,0,0,0,0,0
"73708",0,0,1,0,0,0
"100043805",5,0,5,3,0,2
"639606",230,195,187,176,258,201
"71950",1,0,0,2,0,0
"20527",19,13,14,14,14,18
"60611",1014,823,756,809,759,783
"12267",5,0,5,3,4,3
"67602",1125,858,927,974,904,838
"100862403",0,1,2,1,0,2
"269799",0,0,0,0,0,0
"73149",0,0,0,0,0,0
"474145",0,0,0,0,0,0
"69810",0,0,0,0,0,0
"26888",0,0,0,0,0,0
"381809",0,0,0,0,0,1
"56620",0,0,0,0,1,0
"17474",1,2,2,8,1,2
"56619",0,0,0,0,0,0
"232358",0,0,0,0,0,0
"667180",0,0,0,0,0,0
"546912",0,0,0,0,0,0
"546913",0,0,0,0,0,0
"435916",0,0,0,0,0,0
"243628",0,0,0,0,0,0
"545874",0,0,0,0,0,0
"56552",2,2,1,2,2,2
"232367",0,0,0,0,0,0
"93671",80,56,50,61,36,27
"76921",0,0,0,0,0,0
"19305",1565,1269,1274,1324,1250,1253
"232370",38,42,34,61,28,36
"232371",32,25,26,32,34,34
"50909",56,39,36,44,48,45
"50908",289,192,142,280,223,200
"667277",0,5,6,6,10,6
"317677",2,7,2,3,11,6
"14792",946,706,736,778,815,711
"14791",638,534,530,516,580,525
"12034",2359,2059,1929,2271,2342,1981
"387159",0,0,0,0,0,0
"723944",0,0,0,0,1,0
"15170",28,11,28,19,33,26
"14790",659,510,543,531,596,529
"19866",5,7,4,5,7,6
"13498",2056,1535,1781,1698,1504,1481
"13807",290,233,258,274,197,182
"16977",0,0,0,0,0,0
"14794",702,546,520,589,589,566
"21991",17082,14585,14655,16086,15531,14788
"22225",3556,2820,2892,3024,2901,2737
"14793",17,13,20,11,23,16
"14695",20,15,25,18,25,11
"14789",374,232,225,305,246,271
"14788",39,18,34,26,30,17
"12504",1,1,0,0,1,0
"16768",5,6,4,4,5,1
"69202",3612,2917,3576,3326,3559,3131
"442825",5,10,10,9,1,2
"30853",3846,3223,3463,3608,3792,3327
"26894",1320,1018,1026,1143,1119,1004
"319352",5,2,3,4,2,2
"269800",868,689,774,768,711,641
"28019",723,536,637,597,652,538
"54137",39,41,45,30,39,28
"381810",0,0,2,1,0,0
"107932",16584,12697,12005,13923,10741,12028
"110109",1498,1127,1137,1401,1224,1080
"320678",8440,6833,7158,7235,7074,6090
"14433",11991,10148,10701,10616,11089,10753
"68298",213,176,181,169,133,146
"100217413",0,0,0,0,0,0
"66493",1059,888,882,957,993,955
"100526526",14,17,16,17,18,6
"22317",340,282,335,294,283,270
"213233",231,226,230,210,226,203
"78668",35,28,26,23,25,17
"21940",24,18,31,24,13,11
"73870",0,0,1,0,1,1
"22144",0,0,0,0,0,0
"17000",1158,942,937,986,1011,920
"20276",23,13,5,18,18,10
"21937",1067,883,865,944,881,801
"213522",9,7,10,13,15,10
"12527",2495,1910,2234,2042,2050,1952
"22371",109,90,92,77,92,73
"243634",2,1,1,3,1,0
"18205",1,0,0,0,2,0
"100038574",0,0,0,0,0,0
"16493",0,0,0,0,0,0
"16485",2,11,6,10,2,2
"16494",4,6,5,0,2,0
"100504356",0,0,0,0,0,0
"66108",3012,2474,2600,2421,2517,2229
"11642",2,1,0,1,0,0
"101320",0,0,0,0,0,0
"19362",18,14,8,13,10,10
"28040",247,223,208,239,200,202
"14177",3,5,0,6,2,3
"64654",0,0,1,0,0,0
"319801",261,214,189,214,211,209
"100861633",369,228,340,220,312,256
"12444",6676,4529,4989,5292,4621,4649
"77558",11,4,4,3,2,4
"101187",205,181,127,176,159,174
"381812",8,6,10,6,9,9
"381813",0,1,0,2,1,0
"100504457",0,0,0,0,0,0
"68498",17,13,13,6,7,6
"109246",5900,4835,4478,5979,5069,4877
"330427",221,172,145,242,172,134
"21679",3369,2912,2480,3150,2446,2562
"22158",910,650,682,725,739,677
"72440",274,197,212,229,251,209
"14235",52,31,44,40,40,19
"71149",0,0,0,0,0,0
"60345",56,46,47,52,38,37
"101142",269,192,237,264,209,237
"14228",2418,2001,2032,2278,2190,1981
"791299",38,25,43,28,18,26
"11287",9,6,4,4,7,5
"667610",0,0,0,1,0,0
"232400",0,0,0,0,0,0
"17057",9,10,12,5,6,6
"94071",0,0,0,0,0,0
"100043861",0,0,0,1,0,1
"17059",8,4,3,1,4,0
"80782",0,1,0,0,0,0
"232406",1,0,1,0,0,0
"93675",0,0,0,0,0,0
"70809",0,0,0,0,0,1
"100504591",8,1,1,0,2,3
"408064",0,0,0,0,0,0
"232408",0,0,0,0,0,0
"232409",7,5,11,6,6,7
"93694",188,111,145,133,129,143
"76432",35,21,37,35,29,27
"12515",0,0,0,0,0,0
"381816",0,0,0,0,0,0
"232413",0,0,0,0,0,0
"71183",0,0,0,0,0,0
"56760",0,0,0,0,0,0
"232414",0,2,0,0,0,0
"243653",1,3,0,3,2,0
"56644",1,1,0,0,0,0
"108078",24,20,27,53,30,27
"330428",2,1,2,1,0,0
"100504641",3,5,5,5,9,4
"57436",562,388,475,534,472,419
"100861675",0,0,0,0,0,0
"243655",0,0,0,0,0,0
"16643",0,0,0,1,0,0
"27007",0,0,0,0,0,0
"58179",0,0,0,0,0,0
"16642",0,0,0,0,0,0
"16641",0,0,0,0,0,0
"735268",0,0,0,0,0,0
"503550",0,0,0,0,0,0
"320407",0,0,0,0,0,0
"232415",0,0,0,0,0,0
"170733",2,1,1,0,0,0
"16636",0,0,0,0,0,0
"667764",0,1,2,1,0,0
"16637",5,1,5,3,1,1
"16635",100,74,93,77,73,85
"667769",0,0,0,0,0,0
"16639",0,0,0,0,0,0
"654449",0,0,0,0,0,0
"16640",0,0,0,0,0,0
"16638",0,0,0,0,0,0
"16628",0,0,0,0,0,0
"16631",0,0,0,0,0,0
"16634",0,0,0,0,0,0
"16627",0,0,0,0,0,0
"100048471",0,0,0,0,0,0
"100862219",0,0,0,0,0,0
"625558",0,0,0,0,0,0
"434094",0,0,0,0,0,0
"16633",14,11,16,15,18,14
"66441",76,59,58,85,85,52
"243659",23,9,13,17,10,10
"56449",11060,9691,9327,10600,10334,9500
"71392",0,0,0,0,0,0
"387355",0,0,0,0,0,0
"387342",0,0,0,0,0,0
"387341",0,0,0,0,0,0
"387340",0,0,0,0,0,0
"57252",0,0,0,0,0,0
"387346",0,0,0,0,0,0
"100502592",0,0,0,0,0,0
"381833",0,0,0,0,0,0
"381832",0,0,0,0,0,0
"667929",0,0,0,0,0,0
"381818",0,0,0,0,0,0
"19131",0,0,0,0,0,0
"83380",0,0,0,0,0,0
"381819",0,0,0,0,0,0
"387348",0,0,0,0,0,0
"387349",0,0,0,0,0,0
"630845",0,0,0,0,0,0
"353325",0,0,0,0,0,0
"387351",0,0,0,0,0,0
"387339",0,0,0,0,0,0
"353165",0,0,0,0,0,0
"353166",0,0,0,0,0,0
"353167",0,0,0,0,0,0
"112408",0,0,0,0,0,0
"387344",0,0,0,0,0,0
"387345",0,0,0,0,0,0
"387352",0,0,0,0,0,0
"387354",0,0,0,0,0,0
"387356",0,0,0,0,0,0
"387343",0,0,0,0,0,0
"667992",0,0,0,0,0,0
"387616",0,0,0,0,0,0
"381820",1454,1161,1261,1410,1293,1146
"232426",0,0,0,0,0,0
"545884",0,0,0,0,0,0
"100502708",25,20,17,21,19,15
"545886",1,1,3,1,3,1
"16483",0,0,0,0,0,0
"14011",1217,931,876,1021,888,902
"66813",2,1,1,2,4,3
"16974",1871,1435,1102,1492,975,1291
"100861765",0,0,0,0,0,0
"67729",5,5,4,7,4,4
"67774",154,144,147,171,181,162
"70686",778,686,567,677,584,559
"232430",105,64,76,75,75,68
"14760",21,28,22,18,22,15
"72813",4,11,8,9,12,7
"12576",619,452,499,496,496,470
"381822",0,0,3,0,0,2
"381823",4,8,5,11,7,6
"67755",1250,1044,1016,1015,1037,901
"232431",92,69,86,73,80,88
"93746",0,0,0,1,1,0
"15199",201,151,143,204,187,159
"100502888",3,0,0,1,0,0
"74525",159,129,162,146,129,134
"100861778",0,0,0,0,0,0
"14840",1,0,3,6,2,3
"76400",37,28,30,29,34,34
"13730",2565,1666,1902,2267,1871,1892
"100861780",0,0,1,2,2,0
"14812",5,0,6,3,3,1
"668137",0,0,0,0,0,0
"100502936",0,0,0,0,0,0
"54343",1349,1005,769,1079,730,922
"66857",6,3,9,10,9,13
"14917",0,0,1,0,0,0
"320332",31,17,26,15,12,6
"232440",232,166,221,286,366,223
"60321",1717,1440,1489,1579,1442,1383
"320135",3,4,0,1,2,5
"654818",0,1,0,2,1,1
"109978",0,0,0,1,0,1
"17313",244,169,244,217,208,150
"69187",3,0,0,3,1,1
"11857",333,223,231,278,316,258
"78600",2,0,0,3,0,0
"232441",3,1,0,4,5,1
"19277",4,1,2,4,2,0
"13860",158,114,103,148,112,116
"20901",4040,3331,3267,3750,3631,3301
"232449",210,166,181,224,191,171
"277898",0,1,0,0,0,1
"56615",219,145,131,203,166,134
"109593",0,0,2,1,0,0
"50540",0,0,0,0,0,0
"70962",0,0,0,0,0,0
"632971",0,0,0,0,0,0
"18705",0,0,0,0,0,0
"114875",0,0,0,0,0,0
"12344",0,0,0,0,0,0
"109135",331,201,235,283,247,207
"11569",1741,1402,1344,1438,1348,1281
"54611",3,6,3,5,2,5
"100093700",0,0,0,0,0,0
"58807",1,2,1,0,0,1
"28253",0,0,0,0,1,0
"435927",0,0,0,0,0,0
"28250",0,0,1,0,0,0
"28248",0,0,0,0,0,0
"625716",0,0,0,0,0,0
"28254",1,1,1,2,0,1
"108096",7,3,0,5,3,4
"15874",0,0,0,0,0,0
"100862370",0,0,0,0,0,0
"232491",213,168,196,200,181,156
"19691",182,137,135,181,143,148
"66964",775,621,612,685,621,592
"319552",3,7,1,3,1,3
"232493",0,0,0,1,0,0
"16832",945,852,766,870,869,793
"100862384",1,0,0,1,0,1
"16523",0,0,0,0,0,0
"20928",3316,2478,2055,2697,1851,2216
"321015",0,0,0,0,0,0
"100862392",0,0,1,0,2,0
"12764",922,823,791,751,867,768
"330440",1,1,4,1,1,0
"665037",0,0,0,0,0,0
"20449",3,3,5,5,4,2
"74741",823,670,671,674,604,636
"75320",1555,1198,1031,1202,924,977
"52285",0,0,0,0,0,0
"73425",0,0,0,0,0,0
"20678",22,11,18,17,15,14
"66760",0,0,0,0,0,0
"12035",278,201,234,252,220,278
"16970",0,0,0,1,1,1
"320662",17,9,10,13,9,12
"67636",543,439,429,531,497,393
"16653",812,613,617,675,581,526
"100039495",5,4,4,5,2,3
"381827",1,1,0,1,1,0
"74071",0,0,0,0,0,1
"22147",0,0,0,0,0,0
"71323",214,185,126,206,133,208
"79362",705,580,588,674,623,606
"16651",3032,2462,2363,2847,2421,2450
"16439",259,196,156,240,169,231
"71177",660,507,525,598,518,449
"67529",2019,1586,1514,1781,1534,1456
"67623",418,319,409,385,356,331
"108098",435,396,402,435,360,325
"626175",10,8,6,6,8,3
"74925",5,0,1,0,0,1
"232533",355,249,284,247,272,247
"272322",52,41,48,48,37,33
"69371",1,1,0,0,0,0
"67533",10648,8332,7137,8730,6942,7573
"73344",0,1,0,0,0,0
"66532",59,30,58,25,39,23
"232536",345,306,320,354,317,320
"545893",5,3,1,0,1,0
"232539",187,116,138,161,125,131
"100039641",0,0,0,0,0,0
"19227",5,7,3,3,3,8
"67015",912,705,704,785,734,686
"100039727",0,0,0,0,0,0
"330450",12,13,9,9,10,10
"67456",1215,940,885,957,876,884
"320737",0,2,4,2,3,1
"387314",62,66,44,74,58,57
"66184",111,74,92,89,84,89
"622319",0,0,0,0,0,0
"320727",1167,921,842,950,817,865
"232560",136,148,112,132,130,118
"56306",129,90,126,129,111,79
"109163",6,3,3,8,8,4
"320560",867,758,614,676,505,637
"320204",247,188,225,204,231,188
"232566",167,136,130,130,174,114
"100038707",0,0,0,1,0,1
"67246",1547,1193,1180,1285,1138,1199
"12121",239,193,145,213,150,222
"73949",0,0,0,0,0,0
"245128",0,0,0,0,0,2
"100049710",0,0,0,0,0,0
"100303645",0,0,0,0,0,0
"100049715",0,0,0,0,0,0
"100049711",0,0,0,0,0,0
"100124471",0,0,0,0,0,0
"100049714",0,0,0,0,0,0
"100049712",0,0,0,0,0,0
"100049713",0,0,0,0,0,0
"378425",0,0,0,1,0,1
"50918",7118,5642,6202,6279,5667,6104
"18752",44,39,30,34,33,29
"81904",8,4,19,10,11,11
"81905",6,6,2,3,6,2
"54378",1605,1287,1426,1393,1345,1377
"245126",1,0,1,2,0,0
"232790",10,5,9,3,4,3
"66091",866,740,750,744,870,731
"69714",248,168,177,195,207,198
"68988",819,621,647,676,764,612
"232791",1009,777,821,862,791,769
"100628594",0,0,0,0,0,0
"69757",451,331,403,364,351,360
"353499",18,22,29,20,27,10
"77582",550,417,486,512,478,445
"66078",933,779,853,989,1031,866
"76846",3321,2577,2624,2826,2963,2403
"100861805",0,0,0,0,0,0
"18733",2,1,1,1,2,1
"18722",0,0,0,0,0,0
"100041146",0,0,0,0,0,0
"18725",1,0,0,0,0,0
"675749",0,0,0,0,0,0
"100038909",0,0,0,0,0,0
"18726",0,0,0,0,1,0
"52855",0,0,0,0,0,0
"77323",1,0,0,0,0,0
"57776",21,8,11,11,9,3
"100037396",2,2,0,3,0,2
"232798",2375,1696,2534,2006,1945,1316
"243813",66,58,83,83,76,61
"58804",80,53,48,56,79,46
"232801",0,0,0,0,0,0
"18729",0,0,0,0,0,0
"17086",0,0,0,0,0,0
"243816",0,0,0,0,0,0
"108841",529,407,440,398,420,392
"67425",36,41,25,37,27,24
"320749",3,0,1,1,0,4
"232807",624,488,551,548,550,425
"21955",21014,18573,24424,19926,21237,20694
"21954",8,11,7,6,7,4
"436022",41,33,40,38,39,35
"53420",5,4,5,7,7,2
"545902",0,0,1,0,0,0
"68255",74,73,67,55,53,33
"243819",2793,2225,2087,2312,2120,2160
"66245",382,326,345,331,379,314
"381979",105,72,78,95,84,69
"330460",1,0,2,1,0,0
"232811",220,193,221,236,201,152
"333182",6,7,10,8,12,3
"243822",0,2,0,0,0,0
"16156",62,35,35,49,41,31
"100503176",0,0,0,0,0,0
"78052",5,6,1,5,3,2
"664968",13,14,19,15,12,21
"19943",6633,5346,5394,5776,5955,5380
"77891",118,75,116,138,224,145
"232813",3,4,2,1,1,1
"67441",32,24,23,33,33,22
"664994",119,78,95,85,112,85
"232816",344,293,317,268,277,266
"269854",83,67,65,60,83,45
"269855",569,450,509,542,485,502
"381836",269,230,227,216,181,208
"381835",46,39,28,48,42,38
"68490",461,334,476,441,436,363
"23877",381,333,315,335,319,295
"66056",105,84,116,102,130,111
"319748",459,387,450,403,427,408
"654801",44,36,49,44,49,39
"68992",30,23,42,43,45,34
"232821",94,53,62,77,73,65
"22185",2473,1829,2084,2281,2193,1905
"13854",2624,2169,2387,2493,2488,2172
"192658",0,0,1,0,0,0
"100503864",1,1,0,1,0,0
"19428",3,3,5,1,5,1
"384522",0,0,0,0,0,0
"81015",0,0,0,0,0,0
"665150",0,0,0,0,0,0
"232827",1,2,1,4,1,1
"272350",0,0,1,0,1,4
"81014",0,0,0,0,0,0
"404284",0,0,0,0,0,0
"665255",0,0,0,0,0,0
"636697",0,0,0,0,0,0
"636731",0,0,0,0,0,0
"81016",0,0,0,1,0,0
"81017",0,0,0,0,0,0
"404285",0,0,0,0,0,0
"81013",0,0,0,0,0,0
"384525",0,0,0,0,0,0
"83564",1,0,0,1,0,0
"67109",432,366,408,392,403,300
"72667",242,222,213,220,240,182
"100503253",7,6,10,2,3,0
"232836",0,0,0,0,0,0
"170734",0,0,0,0,0,0
"627821",0,0,0,0,0,0
"384763",285,244,254,278,212,262
"213011",41,24,37,36,32,34
"330463",23,18,17,31,12,24
"22690",146,110,115,127,101,83
"100042450",3,2,0,4,1,1
"257882",0,0,0,0,0,0
"258917",0,0,0,0,0,0
"258918",0,0,0,0,0,0
"18349",0,0,0,0,0,0
"258383",0,0,0,0,0,0
"258915",0,0,0,0,0,0
"269862",0,0,0,0,0,0
"258384",0,0,0,0,0,0
"22776",790,582,419,859,439,491
"18616",11127,8139,5420,10022,5058,7213
"100169889",0,0,0,0,0,0
"57775",70,70,71,83,67,89
"100499513",0,0,0,0,0,0
"116811",0,0,0,0,0,0
"20871",0,0,0,1,3,1
"232853",208,170,195,189,138,150
"76373",9,4,15,9,5,8
"232854",26,19,31,27,15,27
"232855",82,57,62,74,72,54
"76229",30,29,32,27,12,20
"12727",1790,1294,1274,1507,1369,1313
"22306",3,0,0,1,1,1
"100042591",0,0,0,0,0,0
"22311",0,0,0,0,0,0
"624512",0,0,0,0,0,0
"100042636",0,0,0,0,0,0
"625353",0,0,0,0,0,0
"100042653",0,0,0,0,0,0
"72716",61,41,33,56,37,44
"100042848",0,0,0,0,0,0
"22310",0,0,0,0,0,0
"381838",0,0,0,0,0,0
"434113",0,0,0,0,0,0
"100042810",0,0,0,0,0,0
"100042781",0,0,0,0,0,0
"545909",0,0,0,0,0,0
"434110",0,0,0,0,0,0
"22305",0,0,0,0,0,0
"100042688",2,0,0,1,0,1
"100042894",1,0,6,0,0,2
"100042891",1,0,0,1,1,1
"100861759",49,43,26,56,32,45
"625580",0,0,0,0,0,0
"625605",0,0,0,0,0,0
"434117",0,0,0,0,0,0
"100042921",0,0,0,0,0,0
"384534",0,0,0,0,0,0
"171264",0,0,0,0,0,0
"384752",0,0,0,0,0,0
"171263",0,0,0,0,0,0
"22775",84,66,84,80,63,79
"628580",0,0,0,0,0,0
"252904",0,0,0,0,0,0
"171262",0,0,0,0,0,0
"210045",0,0,0,0,0,0
"252910",0,0,0,0,0,0
"434555",1,5,0,0,0,0
"665780",1,5,0,0,0,0
"665798",0,0,0,0,0,0
"245109",3,7,0,0,0,0
"545913",3,3,0,0,0,0
"628737",0,0,0,0,0,0
"665848",3,2,0,0,0,0
"665902",14,13,0,0,0,0
"675782",0,0,0,0,0,0
"252905",0,0,0,0,0,0
"171237",0,0,0,0,0,0
"628898",0,0,0,0,0,0
"171240",0,0,0,0,0,0
"171241",0,0,0,0,0,0
"171239",0,0,0,0,0,0
"628946",0,0,0,0,0,0
"171242",0,0,0,0,0,0
"100042437",0,0,0,0,0,0
"171238",0,0,0,0,0,0
"100043092",0,0,0,0,0,0
"171244",0,0,0,0,0,0
"171268",0,0,0,0,0,0
"171243",0,0,0,0,0,0
"171267",0,0,0,0,0,0
"619331",35,30,35,43,25,29
"67370",150,137,134,143,133,118
"73090",0,0,0,0,0,0
"637908",0,0,0,0,0,0
"666085",1,0,0,0,0,0
"100042499",1,0,0,0,0,0
"629079",1,0,0,0,0,0
"232875",112,102,112,97,93,94
"67230",344,211,253,325,212,216
"65020",604,479,406,541,473,481
"243833",86,53,52,66,54,48
"232878",70,48,58,64,48,52
"20103",1065,793,861,951,999,789
"100502827",0,0,0,1,0,0
"381845",21,9,17,15,12,10
"243834",129,93,108,121,82,119
"269870",70,46,64,68,57,46
"26459",2,1,1,1,0,1
"232879",150,119,138,155,124,143
"21849",2887,2142,2410,2436,2352,2263
"68953",1277,1060,1106,1146,1218,1031
"22192",2531,2137,2221,2254,2331,2070
"109889",16,9,11,13,9,13
"252909",0,0,0,0,0,0
"100312473",0,0,0,0,0,0
"171261",0,0,0,0,0,0
"100312474",0,0,0,0,0,0
"171260",0,0,0,0,0,0
"321008",165,154,131,132,161,133
"16881",70,37,49,51,57,43
"232889",0,4,6,3,1,1
"29865",0,0,0,0,0,0
"330470",0,0,0,1,0,0
"77684",0,0,0,0,0,0
"434264",0,0,0,0,0,0
"100043194",0,0,0,0,0,0
"20859",0,0,0,0,0,0
"434121",0,0,0,0,0,0
"629203",0,0,0,0,0,0
"629219",0,0,0,0,0,0
"100502975",0,0,0,0,0,0
"434123",0,0,0,0,0,0
"76971",0,0,0,0,0,0
"638251",0,0,0,0,0,0
"100417675",31,27,21,28,15,18
"627280",0,0,0,0,0,0
"194588",0,0,0,0,0,0
"246792",0,0,0,0,0,0
"71468",0,0,0,0,0,0
"246791",0,0,0,0,0,0
"252829",0,0,0,0,0,0
"100862151",0,0,0,0,0,0
"252830",0,0,0,0,0,0
"12951",0,0,0,0,0,0
"546024",0,0,0,0,0,0
"20364",1383,1101,1112,1130,1230,1068
"68077",1519,1320,1361,1414,1363,1305
"100217441",0,0,1,0,0,0
"259300",1660,1214,1330,1601,1228,1467
"243842",562,365,420,450,346,321
"666528",2,0,1,1,2,0
"108124",3693,2991,3095,3201,3195,2925
"70394",131,88,111,93,114,88
"110891",8,5,9,6,9,5
"17537",155,121,161,175,177,146
"71723",172,122,124,146,129,108
"319430",0,2,0,1,0,0
"12273",0,0,1,0,0,0
"66300",149,104,136,131,174,111
"243846",551,446,550,509,509,438
"170770",281,259,268,292,276,228
"56459",1566,1259,1397,1482,1380,1227
"100503024",4,7,4,4,5,4
"330474",1148,929,892,1064,824,867
"69094",274,209,227,225,261,222
"18142",17,13,10,12,13,12
"232906",3867,3064,2640,3254,2400,3153
"100038912",0,0,0,0,0,0
"101434",0,0,0,1,0,0
"26368",0,0,0,0,0,0
"232910",872,731,771,758,832,725
"20514",359,311,345,342,309,322
"100503076",0,0,1,0,0,0
"243853",1034,884,904,1035,968,906
"97387",1757,1385,1473,1487,1419,1343
"101540",125,90,92,105,115,96
"320950",91,51,76,76,63,63
"629378",330,265,316,302,373,315
"14709",34,34,35,30,29,27
"19222",95,88,58,91,76,61
"12315",5824,4899,4985,5301,5464,4894
"434128",4570,3584,3869,3684,3494,3388
"71691",9,8,2,5,3,4
"434130",110,102,77,129,89,91
"19060",1471,1153,1142,1182,1215,1103
"100503373",0,0,0,0,1,0
"53417",3,0,3,3,3,2
"26436",0,0,0,0,0,0
"384557",0,0,0,0,0,0
"114872",8,9,6,5,1,3
"671132",0,0,0,0,0,0
"232919",0,0,0,0,0,0
"73250",0,0,0,0,0,0
"67084",0,0,0,0,0,0
"381852",0,0,0,0,0,0
"66996",0,0,0,0,0,0
"69785",0,0,0,0,0,0
"67315",0,0,0,0,0,0
"232925",0,0,0,0,0,0
"266815",0,0,0,0,0,0
"26438",0,0,0,0,2,0
"114871",4,1,5,3,2,0
"574429",0,0,0,0,0,0
"114868",0,0,0,0,0,0
"545925",0,0,0,0,0,0
"56868",0,1,0,0,0,0
"72242",0,0,0,0,0,0
"434540",1,0,1,0,1,1
"243862",1,3,0,1,0,1
"20958",0,0,1,0,0,1
"26439",0,1,0,0,1,1
"26437",13,10,16,8,8,6
"243864",19,21,13,13,11,15
"21946",4,4,1,1,2,0
"232933",281,201,218,244,262,211
"384569",52,34,40,28,31,33
"378430",0,0,0,0,0,0
"232934",211,217,178,183,175,168
"272359",777,671,678,716,707,610
"15377",2,6,3,1,2,4
"68188",4368,3718,3589,4023,3563,3465
"83434",1,0,0,1,0,0
"13401",2963,2414,2665,2567,2568,2337
"13400",17999,14682,16773,16101,15958,13420
"100526504",6,8,8,7,5,4
"20475",82,70,70,86,79,57
"243867",138,117,106,123,136,104
"67369",354,279,259,333,266,249
"107686",1119,958,1014,1067,1110,990
"381853",6,4,6,3,1,0
"72205",671,531,594,647,561,481
"724063",0,1,0,0,1,0
"319197",4,8,7,7,4,1
"403187",1437,1125,1105,1147,1095,1051
"22323",3122,2460,2725,2707,2841,2488
"232941",9,5,10,5,6,8
"20167",4478,3859,4271,4036,4083,3780
"14282",589,363,451,452,403,230
"13870",490,412,447,481,468,450
"70333",680,559,611,652,630,586
"333654",1433,1208,1441,1424,1368,1281
"13871",412,325,336,375,319,304
"100124438",1,2,6,4,2,2
"232943",66,67,66,63,74,58
"12715",9832,8530,9370,9123,8145,9050
"100503495",11,4,20,8,5,6
"232944",969,776,768,875,799,779
"74463",5,3,2,4,4,2
"232946",186,175,189,216,223,186
"67091",209,187,164,195,221,160
"69547",3,1,2,0,1,0
"232947",2116,1783,1862,1819,1912,1711
"69731",614,484,491,496,591,490
"63872",21,33,21,18,27,25
"53609",515,378,557,471,473,371
"19698",394,365,402,437,425,317
"56457",3548,2764,2955,3280,2979,2837
"11813",0,0,0,0,0,0
"11425",0,0,0,0,0,0
"11812",0,0,0,0,0,0
"11816",74,78,66,79,62,30
"53333",1284,1092,1233,1244,1354,1089
"19294",573,458,510,527,535,515
"57278",4532,3791,3858,4111,4187,3568
"80794",8,7,8,6,4,6
"12051",89,49,67,63,67,67
"100502736",0,0,0,0,0,0
"330483",0,0,1,0,0,0
"319930",0,1,0,0,0,0
"52118",2327,1950,1900,2087,1912,1782
"70080",1,2,1,0,1,0
"71601",10,3,0,6,1,1
"243874",0,0,0,0,0,0
"667067",0,1,0,0,0,0
"620401",0,0,0,0,0,0
"404290",0,0,0,0,0,0
"620537",0,0,0,0,0,1
"100312475",0,0,0,0,0,0
"620574",0,0,0,0,0,0
"100043523",0,0,0,0,0,0
"545926",0,0,0,0,0,0
"100042964",0,0,0,0,0,0
"100042966",0,0,0,0,0,0
"435949",0,0,0,0,0,0
"100043536",0,0,0,0,0,0
"100042968",0,0,0,0,0,0
"100042971",0,0,0,0,0,0
"667129",0,0,0,0,0,0
"667135",0,0,0,0,0,0
"435946",0,0,0,0,0,0
"100042976",0,0,0,0,0,0
"100043550",0,0,0,0,0,0
"673977",0,0,0,0,0,0
"667292",0,0,0,0,0,0
"100043566",0,0,0,0,0,0
"100043569",0,0,0,0,0,0
"436135",0,0,0,0,0,0
"100042996",0,0,0,0,0,0
"667273",0,0,0,0,0,0
"667268",0,0,0,0,0,0
"667262",0,0,0,0,0,0
"667259",0,0,0,0,0,0
"384696",0,0,0,0,0,0
"435953",0,0,0,0,0,0
"667240",0,0,0,0,0,0
"435951",0,0,0,0,0,0
"384695",0,0,0,0,0,0
"381937",0,0,0,0,0,0
"670764",0,0,0,0,0,0
"667215",0,0,0,0,0,0
"100043013",0,0,0,0,0,0
"621561",0,0,0,0,0,0
"667199",0,0,0,0,0,0
"621510",0,0,0,0,0,0
"628475",0,0,0,0,0,0
"100043595",0,0,0,0,0,0
"100043596",0,0,0,0,0,0
"100043016",0,0,0,0,0,0
"100043604",0,0,0,0,0,0
"100043019",0,0,0,0,0,0
"100043025",0,0,0,0,0,0
"667404",0,0,0,0,0,0
"435940",0,0,0,0,0,0
"545929",0,0,0,0,0,0
"667421",0,0,0,0,0,0
"100043614",0,0,0,0,0,0
"100043029",0,0,0,0,0,0
"620736",0,0,0,0,0,0
"667444",0,0,0,0,0,0
"100043033",0,0,0,0,0,0
"100043037",0,0,0,0,0,0
"667464",0,0,0,0,0,1
"667469",0,0,0,0,0,0
"667472",0,0,0,0,0,0
"667094",0,0,0,0,0,0
"100043625",0,0,0,0,0,0
"100043043",0,0,0,0,0,0
"667485",0,0,0,0,0,0
"81011",0,0,0,0,0,0
"100043051",0,0,0,0,0,0
"100043058",0,0,0,0,0,0
"435947",0,0,0,0,0,0
"667504",0,0,0,0,0,0
"667512",0,0,0,0,0,0
"100043061",0,0,0,0,0,0
"100043638",0,0,0,0,0,0
"667530",0,0,0,0,0,0
"667543",0,0,0,0,0,0
"100043645",0,0,0,0,0,0
"667551",0,0,0,0,0,0
"100043067",0,0,0,0,0,0
"670857",0,0,0,0,0,0
"620758",0,0,0,0,0,0
"100043079",0,0,0,0,0,0
"100043083",0,0,0,0,0,0
"667586",0,0,0,0,0,0
"667599",0,0,0,0,0,0
"100043665",0,0,0,0,0,0
"100043667",0,0,0,0,0,0
"100043088",0,0,0,0,0,0
"628664",0,0,0,0,0,0
"446099",0,0,0,0,0,1
"23968",0,0,0,0,0,0
"622032",0,0,0,0,0,0
"100043101",0,0,0,0,0,0
"100043103",0,0,0,0,0,0
"546944",0,0,0,0,0,0
"81012",0,0,0,0,0,0
"81010",0,0,0,0,0,0
"545934",0,0,0,0,0,0
"404291",0,0,0,0,0,0
"622222",0,0,0,0,0,0
"546943",0,0,0,0,0,0
"384572",0,0,0,0,0,0
"232959",0,0,0,0,0,0
"404286",0,0,0,0,0,0
"100043121",695,591,598,641,637,536
"232962",0,0,0,0,0,0
"404289",0,0,0,0,0,0
"404287",0,0,0,0,0,0
"209824",0,0,0,0,0,0
"210135",442,373,342,340,327,344
"57745",65,66,60,58,49,61
"56525",121,80,99,92,89,72
"232966",2,6,2,3,3,1
"56707",110,74,77,83,73,75
"56869",79,72,64,62,49,55
"54678",39,40,31,32,31,28
"100503506",0,2,6,5,2,1
"22755",115,79,83,82,107,93
"22719",77,63,70,69,56,72
"22756",39,39,42,43,52,38
"69301",0,0,0,0,0,0
"76942",0,0,0,0,0,0
"16534",35,22,35,32,42,39
"71997",231,176,208,256,193,196
"100862141",0,2,1,1,1,0
"210145",3,12,5,8,9,9
"18793",146,117,120,115,126,105
"260299",719,635,634,621,662,577
"232969",158,115,137,152,158,133
"210146",1979,1526,1473,1715,1424,1545
"641361",3,3,9,5,4,5
"22594",657,509,537,534,554,467
"101544",3,2,4,4,5,5
"66071",291,249,291,248,290,245
"232970",506,444,413,473,425,376
"72434",1,0,0,0,0,0
"100043706",0,0,0,0,0,0
"56746",0,0,0,0,0,0
"381959",0,0,0,0,0,0
"232972",0,0,0,0,0,0
"210155",0,0,0,0,0,0
"68891",1,0,3,1,0,1
"26366",0,0,0,0,0,0
"232973",0,0,0,0,0,0
"71241",0,0,1,0,0,0
"20085",4298,3479,3474,3679,4169,3314
"12518",5,3,3,5,4,3
"16801",1627,1312,1655,1403,1423,1142
"232974",0,0,0,0,0,0
"14470",1153,828,897,860,912,768
"232975",118,115,125,155,96,79
"14809",258,188,253,275,226,191
"232976",308,257,260,285,223,233
"18987",5,2,6,4,2,1
"434147",2,0,0,0,1,0
"100503578",74,39,78,75,57,53
"67379",180,167,172,177,183,151
"210172",221,192,178,238,150,188
"606496",1659,1410,1552,1455,1470,1286
"77124",69,51,55,48,76,45
"13875",1975,1708,1753,1949,1788,1551
"100503597",185,139,106,179,98,134
"71722",2829,2182,2244,2524,2171,2009
"18476",201,211,197,191,215,206
"623131",1,0,0,0,0,0
"100862187",0,0,0,0,0,0
"330485",1,3,5,0,3,0
"269878",4789,3582,3241,4066,3169,3671
"72383",1,0,3,1,1,1
"100503615",1,2,4,1,1,2
"16890",61,47,60,47,33,50
"654804",6,2,3,3,5,2
"100862213",0,0,0,0,0,0
"232983",1,0,0,0,0,0
"26365",1,0,0,0,0,2
"26367",0,0,0,0,0,2
"100862240",0,0,0,0,0,0
"632778",1,0,0,0,1,0
"66349",248,195,226,224,224,234
"232984",6,14,6,9,6,3
"12039",1054,815,836,910,838,799
"27998",176,131,135,162,154,131
"320208",4,3,7,7,6,3
"232987",169,150,125,127,131,168
"21803",816,627,785,830,940,763
"52132",1577,1266,1349,1409,1460,1305
"100862251",242,198,235,247,222,182
"232989",2269,1832,2002,2152,1956,1949
"26362",4741,3293,3666,4113,3435,3568
"74134",3,0,1,2,0,0
"13088",0,0,0,0,0,0
"13089",0,0,0,0,0,0
"13094",0,0,0,0,0,0
"100312477",0,0,0,0,0,0
"13086",0,0,0,0,0,0
"330490",0,0,0,0,0,0
"243880",0,0,0,0,0,0
"233001",0,0,0,0,0,0
"171265",0,0,0,0,0,0
"243881",0,0,0,0,0,0
"13090",0,0,0,0,0,0
"13108",0,0,0,0,0,0
"13087",0,0,0,0,0,0
"233005",0,0,0,0,0,0
"13085",0,0,0,0,0,0
"13107",0,0,0,0,3,0
"384724",5,1,5,1,5,1
"112406",1338,1122,1144,1191,1115,1023
"19342",337,300,296,305,333,249
"100526505",0,1,3,0,2,0
"12587",5,5,4,4,2,4
"53607",718,582,709,633,671,587
"414069",143,101,99,99,92,85
"100316839",10,6,14,8,7,13
"233011",198,134,159,180,160,137
"100862260",0,0,0,0,0,0
"76889",301,245,283,283,323,266
"100503685",13,11,11,6,7,2
"18223",862,716,737,871,893,709
"108075",394,283,318,408,310,333
"192192",230,196,210,184,187,183
"80297",13,19,9,12,14,8
"233016",230,158,171,225,194,214
"170742",230,190,223,227,220,218
"55942",429,349,381,363,376,312
"19153",92,65,71,82,76,75
"233020",127,113,86,114,94,101
"18807",2349,1676,1930,1889,1903,1727
"66367",1619,1427,1404,1429,1441,1332
"11652",7059,5726,5652,6491,5977,5427
"73032",2,1,1,2,0,1
"269881",915,688,812,822,822,830
"112415",93,88,71,96,76,50
"22718",276,203,214,284,206,200
"100043229",0,0,0,0,0,0
"100862275",0,1,0,0,0,0
"71163",79,78,59,70,52,61
"22717",126,102,90,108,102,90
"545938",45,54,37,29,30,32
"73430",115,108,77,93,82,92
"100043771",32,23,21,28,12,8
"338354",154,151,137,163,148,121
"100043772",54,46,25,40,36,28
"23996",4029,3327,3344,3463,3414,3166
"215384",0,0,0,0,1,0
"319482",17,12,6,13,16,22
"14113",973,749,856,810,834,783
"13549",988,902,881,986,892,874
"386655",276,255,242,291,296,214
"434156",124,78,124,155,135,115
"280621",0,1,0,0,0,0
"13389",2,2,1,3,0,0
"66525",736,610,749,654,683,627
"20924",5475,4355,4305,4623,4025,3947
"20055",5229,3993,4237,4373,4672,3975
"100302567",5,4,5,2,3,2
"101497",1163,872,971,1040,818,700
"22695",1525,1100,1258,1160,1171,959
"67224",440,367,414,405,419,346
"54624",1531,1280,1402,1293,1315,1129
"233033",964,812,848,930,796,808
"63986",2,0,0,0,2,0
"80749",8,9,11,6,15,6
"70001",0,0,0,0,0,0
"330496",0,0,0,0,0,0
"338374",0,0,0,0,0,0
"68416",0,0,0,0,0,0
"233038",3,0,0,0,1,0
"70584",687,547,591,635,617,557
"101744",0,0,0,0,1,0
"233040",19,11,10,22,18,9
"50760",372,315,313,327,358,235
"24030",509,381,456,442,524,459
"71984",143,120,135,134,134,130
"624918",0,0,0,3,0,1
"18036",511,431,434,443,491,433
"64383",1861,1646,1651,1637,1588,1434
"100503790",6,12,10,2,4,4
"320435",3,7,6,10,4,4
"15388",4631,3624,4053,4082,4243,3784
"51798",1151,933,957,1056,1042,926
"16855",21,18,32,18,21,12
"100038382",1,0,1,0,1,1
"16858",0,2,4,2,3,2
"60594",7,0,4,2,1,2
"60595",7814,5962,6531,6928,6243,5754
"73830",2033,1641,1695,1651,1827,1692
"26411",17,12,13,15,9,8
"20190",35368,24578,20502,29566,16092,24178
"100316710",2,0,0,1,0,0
"233046",34,24,31,29,39,23
"73833",84,97,100,86,79,116
"101809",506,415,462,449,391,344
"243897",78,53,66,64,56,62
"57296",7381,6619,6574,6583,6566,6044
"320225",4,7,7,5,3,6
"52150",12,8,6,14,11,15
"77254",601,488,499,566,546,501
"72275",32,34,35,32,35,31
"20733",65,51,56,48,65,47
"68458",9,5,3,8,9,5
"29861",115,87,107,82,99,92
"74206",799,488,500,623,423,585
"114675",0,0,0,0,0,0
"243900",1,0,0,0,0,0
"76718",2,1,0,0,0,0
"74352",725,589,569,623,561,638
"100316711",9,4,0,1,2,0
"22693",249,249,229,276,258,233
"625349",2,0,0,0,0,0
"233056",478,404,366,409,401,392
"233057",36,29,24,33,22,25
"233058",116,100,83,89,81,85
"22689",352,266,282,287,249,234
"73729",201,158,186,166,138,107
"72723",221,152,147,178,142,168
"625421",84,80,74,85,70,73
"243905",6630,5202,4521,5869,4308,5023
"243906",152,106,126,125,88,76
"330502",138,116,117,116,119,122
"72556",100,82,83,82,82,77
"26466",1326,975,1024,1085,1040,1012
"233060",44,46,25,43,23,38
"26465",858,631,640,738,634,570
"330503",123,94,75,142,65,100
"12865",269,202,237,169,219,186
"12336",4042,3448,3492,3942,3855,3327
"66411",750,602,662,680,692,545
"69920",276,225,224,238,245,262
"381867",0,1,0,0,0,0
"233064",46,25,44,37,29,36
"76686",718,609,591,565,531,526
"233065",247,221,206,237,254,185
"233066",20,8,13,6,12,9
"68332",233,220,201,240,251,207
"233067",296,228,230,219,221,230
"22177",0,0,0,0,2,0
"23900",0,0,0,1,0,0
"243910",20,10,15,15,9,7
"11803",632,488,552,568,500,469
"243911",0,0,0,0,0,0
"54631",0,0,0,0,0,0
"445267",0,0,0,0,0,0
"56189",0,0,0,0,0,0
"100504207",1,0,0,0,0,0
"233071",69,39,56,54,41,33
"333193",51,45,61,44,35,56
"243912",911,702,849,777,759,818
"75660",402,332,365,365,362,286
"66340",577,501,535,542,540,454
"233073",426,396,379,385,357,318
"101883",27,31,26,26,29,15
"75410",1154,826,789,946,702,789
"58206",18,9,11,9,10,14
"109637",11,16,17,12,10,7
"110323",4885,4178,4064,4136,4323,3883
"14008",0,0,0,0,0,0
"68035",1345,1093,1246,1263,1185,1122
"71909",51,61,47,73,49,38
"74927",0,0,0,0,0,0
"69147",0,0,0,0,0,0
"233075",0,0,0,0,0,0
"11944",1,1,1,0,0,0
"69804",959,793,846,842,910,789
"791088",47,37,39,52,31,35
"14447",19,19,23,21,19,7
"282619",87,83,59,55,74,66
"73712",0,0,0,0,0,0
"64661",0,0,0,1,2,2
"233079",0,0,0,0,0,0
"233080",0,0,0,0,0,0
"233081",0,0,0,0,0,0
"12483",0,0,0,0,0,0
"17136",2,1,2,1,0,0
"66438",0,0,0,0,0,0
"84506",0,0,0,0,0,0
"100862373",0,0,0,0,0,0
"22282",1477,1301,1258,1456,1536,1368
"100043823",11,16,21,22,14,10
"54135",7,9,11,5,12,4
"76415",0,0,0,0,0,0
"18301",179,122,162,167,162,152
"57780",3,0,6,2,3,2
"56188",701,624,634,664,660,631
"243914",12,8,6,13,9,9
"17178",0,0,0,0,0,0
"15451",9,2,5,9,7,2
"20266",1591,1299,1444,1370,1508,1264
"52857",1057,802,1052,959,854,868
"100038516",1,1,1,0,0,2
"57426",0,0,0,0,0,0
"381970",0,0,0,0,0,0
"100043326",0,0,0,0,0,0
"384585",0,0,0,0,0,0
"100503242",0,0,0,0,0,0
"100043836",0,0,0,0,0,0
"626305",0,0,0,0,0,0
"100862361",0,0,0,0,0,0
"384594",0,0,0,0,0,0
"624584",0,0,0,0,0,0
"100043355",0,0,0,0,0,0
"100043842",0,0,0,0,0,0
"668379",0,0,0,0,0,0
"668381",0,0,0,0,0,0
"384589",0,0,0,0,0,0
"100861685",0,0,0,0,0,0
"270499",0,0,0,0,0,0
"624439",0,0,0,0,0,0
"100043376",0,0,0,0,0,0
"668411",0,0,0,0,0,0
"668526",0,0,0,0,0,0
"100043388",0,0,0,0,0,0
"546954",0,0,0,0,0,0
"100043856",0,0,0,0,0,0
"545947",0,0,0,0,0,0
"434676",0,0,0,0,0,0
"494519",0,0,0,0,0,0
"545948",0,0,0,0,0,0
"626970",0,0,0,0,0,0
"353109",0,0,0,0,0,0
"233090",0,0,0,0,0,0
"100043860",0,0,0,0,0,0
"110187",0,0,0,0,0,0
"233099",0,0,0,0,0,0
"11354",0,0,0,0,0,0
"100043868",0,0,0,0,2,1
"101543",329,241,264,282,298,260
"50995",1347,1039,1010,1073,1105,1042
"68079",281,244,253,274,275,206
"14751",20222,17570,19145,18845,17873,17481
"100126229",12,5,8,6,8,3
"233103",465,374,300,415,301,356
"100861829",0,0,1,0,0,0
"67070",1925,1617,1524,1760,1596,1438
"233107",181,133,163,198,164,163
"68947",9,7,8,4,9,9
"18624",690,510,506,581,605,509
"12611",613,438,471,532,457,433
"12606",51,31,32,44,54,32
"53896",1,1,0,2,0,1
"435965",154,132,141,173,156,140
"384605",2,1,0,0,0,0
"67471",297,248,224,274,211,207
"52428",21,7,12,12,9,14
"101831",79,67,59,58,54,66
"72140",252,247,213,245,226,206
"30962",0,0,0,0,0,0
"71981",0,0,0,0,0,0
"110959",232,182,184,238,221,210
"243923",3,1,2,1,3,3
"245886",559,488,430,506,406,426
"56330",778,668,717,745,910,623
"233115",625,446,475,457,431,385
"668501",704,561,544,714,469,579
"100861838",1,1,0,1,0,0
"78547",0,1,0,1,1,0
"100043872",524,408,375,398,503,355
"243931",227,154,221,146,181,205
"243937",7,5,2,3,2,1
"67641",0,0,0,0,0,0
"19777",661,542,539,590,582,487
"12447",251,207,223,190,187,196
"72244",510,451,475,414,413,383
"72287",215,175,157,168,187,143
"66161",461,381,408,399,429,347
"627975",0,0,0,0,0,0
"625594",0,0,0,0,0,0
"434171",0,0,0,0,0,0
"100043467",0,0,0,0,0,0
"546957",0,0,0,0,0,0
"100861663",0,0,0,0,0,0
"100861861",0,0,0,0,0,0
"100861679",0,0,0,0,0,0
"100861686",0,0,0,0,0,0
"100861694",0,0,0,0,0,0
"100861705",0,0,0,0,0,0
"628058",0,0,0,0,0,0
"100038967",0,0,0,0,0,0
"620018",0,0,0,0,0,0
"100038914",0,0,0,0,0,0
"668618",0,0,0,0,0,0
"330513",0,0,0,0,0,0
"434168",0,0,0,0,0,0
"233147",27,28,22,32,20,27
"70227",77,52,46,71,46,44
"628161",32,47,31,33,35,29
"71029",0,0,0,0,0,0
"320210",1,5,1,1,2,2
"58188",58,49,47,65,78,39
"243944",0,2,0,0,0,0
"233164",0,0,0,0,0,0
"627987",0,0,0,0,0,0
"100039269",0,0,0,0,0,0
"628304",0,0,0,0,0,0
"434172",0,0,0,0,0,0
"233168",369,258,288,325,273,290
"269902",0,1,1,0,2,1
"101835",90,69,89,69,64,52
"628359",0,0,0,0,0,0
"668572",334,244,213,245,192,190
"67607",147,120,121,102,129,104
"75835",0,0,0,0,0,0
"628422",0,0,0,0,0,0
"628444",0,0,0,0,0,0
"434175",1,0,1,2,1,0
"637898",0,0,0,0,0,0
"637873",0,0,0,0,0,0
"628490",0,0,0,0,0,0
"71162",0,0,0,0,0,0
"434178",172,143,147,173,158,180
"637776",3,4,4,1,1,1
"208111",46,19,19,26,23,26
"434179",84,50,59,63,63,68
"546964",0,0,0,0,0,0
"100039706",0,0,0,0,0,1
"435975",0,0,0,0,0,0
"100045125",0,0,0,0,0,0
"668612",0,0,0,0,0,0
"100039589",2,0,0,0,0,1
"668620",0,0,0,0,1,0
"100170401",0,0,0,0,0,0
"69930",407,274,326,352,312,258
"233186",3,2,1,2,0,2
"243958",45,21,41,29,28,36
"233187",0,0,0,0,0,0
"72310",0,0,0,0,0,0
"74276",0,0,0,3,1,0
"110826",1693,1332,1290,1499,1568,1352
"75690",47,47,34,53,43,41
"210094",65,42,71,53,40,41
"74054",0,0,0,0,1,0
"12489",1,1,3,4,1,1
"210104",51,37,49,46,56,37
"210105",312,230,213,262,219,197
"74400",0,0,0,0,0,0
"72431",0,0,0,0,0,0
"83382",1,0,0,1,0,1
"233189",74,83,72,75,78,112
"317653",0,0,0,0,0,0
"626834",0,0,0,0,0,0
"100504720",28,15,20,23,19,19
"69511",5,3,1,3,2,7
"56538",26,7,17,14,14,5
"69540",41,39,51,45,42,38
"101533",1,1,0,3,1,1
"259277",3,2,3,2,6,1
"23993",0,0,0,0,0,0
"19144",0,0,0,0,0,0
"68668",0,0,0,0,0,0
"56640",0,0,0,0,0,0
"317652",0,0,0,1,1,0
"16604",0,0,0,0,0,0
"16624",1,1,1,2,1,0
"16623",0,0,0,0,0,0
"13648",0,1,0,0,0,0
"16613",0,0,0,0,0,0
"16618",4,7,8,2,2,7
"16619",0,0,0,0,0,0
"16616",0,0,0,0,0,0
"13646",0,0,0,0,0,0
"16615",0,0,0,0,0,0
"16617",0,0,0,0,0,0
"18050",0,0,0,0,0,0
"18048",0,0,0,0,0,0
"16622",0,0,0,0,1,0
"16612",0,0,0,0,0,0
"70004",11,9,7,12,10,5
"668661",476,384,421,410,383,382
"100217434",2,2,0,3,1,0
"100217433",0,1,0,0,0,0
"100503991",1,2,0,1,1,0
"20256",12,6,8,13,5,8
"243961",55,57,58,45,52,47
"69349",4,0,0,2,2,1
"20981",16,7,13,8,16,6
"272381",4,6,4,4,2,0
"68352",0,0,1,1,0,0
"66124",748,618,747,826,755,630
"69683",942,741,887,906,927,871
"75538",11,12,14,19,14,8
"233199",1072,947,1221,1004,957,1201
"272382",0,2,4,3,1,3
"18971",165,139,128,137,153,148
"22260",1128,982,992,987,1024,879
"16541",3,0,1,2,6,0
"16504",477,405,479,418,363,329
"71960",273,226,191,254,183,198
"69578",0,1,0,0,1,1
"75510",0,0,0,0,0,0
"243963",7,7,3,1,9,6
"101568",375,306,314,307,357,329
"107503",2552,1996,2210,2410,2329,2124
"100328588",4,6,1,5,4,3
"18226",1215,1035,1022,1112,1035,1020
"14204",4,3,3,5,5,6
"233204",658,508,558,560,539,479
"67605",1930,1649,1975,1993,2141,1761
"735269",13,6,11,12,8,5
"59047",595,466,459,507,568,454
"84113",2279,1777,1917,1972,2108,1865
"75613",1851,1533,1677,1737,1709,1454
"70300",208,158,175,144,167,137
"11771",4103,3290,3467,3781,3393,3352
"22116",2,1,2,0,0,1
"78070",384,233,341,337,304,288
"15469",4705,3750,3861,3956,4072,3681
"100502630",40,36,44,55,33,35
"75736",103,72,101,94,101,75
"54131",888,810,887,839,880,732
"233208",3714,2856,3169,3281,2893,2940
"20130",627,506,592,585,653,533
"233210",1371,984,987,1183,936,982
"65116",172,132,127,167,179,130
"66394",633,556,550,574,557,508
"52377",740,504,674,671,663,623
"14132",611,437,481,485,482,438
"387168",0,0,0,0,0,0
"27207",5518,4500,4420,4816,4761,4186
"27212",0,0,1,0,0,0
"100861642",0,0,0,0,0,0
"22121",6668,5470,5324,5594,5956,4470
"27211",0,1,0,0,0,0
"27210",1,0,0,0,0,2
"27208",0,0,1,0,3,2
"100628629",0,0,0,0,0,0
"27209",0,3,1,2,0,1
"14256",9,12,19,10,17,10
"69748",234,168,173,196,194,180
"68845",303,228,241,285,250,241
"72961",112,85,97,68,76,83
"210541",0,0,0,0,0,0
"114640",1,0,0,0,0,0
"384619",8,5,10,7,5,2
"50722",5,1,1,2,3,1
"21677",1672,1313,1389,1526,1369,1328
"12493",6,3,3,7,2,2
"381884",0,0,1,0,0,0
"76713",1,0,0,0,0,0
"68667",647,478,605,534,457,399
"15464",20014,15990,16619,15856,15358,15268
"76787",137,107,117,126,140,108
"50994",2,3,2,3,3,1
"22342",21,16,16,18,13,10
"20637",4364,3036,4395,3655,3467,2763
"16495",358,294,357,280,319,320
"78405",42,39,42,42,42,37
"100862214",2,1,1,3,2,4
"16866",4,0,1,0,2,1
"20174",797,605,662,653,723,666
"14936",9777,7944,8678,8344,7497,7914
"100861649",35,22,18,22,16,9
"14325",6269,4494,4665,5894,5976,4805
"12028",1445,1132,1231,1294,1528,1229
"71755",126,113,103,134,93,106
"18220",3013,2340,2480,2747,2492,2411
"56734",3,4,4,1,6,2
"17872",1095,895,871,1006,966,807
"69217",61,39,54,39,42,42
"66065",9,4,4,2,3,4
"71661",7,7,13,8,3,8
"12036",785,678,655,672,700,584
"56636",187,122,152,192,145,132
"14343",5,5,11,11,6,4
"73456",0,0,0,0,0,0
"69903",58,55,66,53,69,53
"100126243",72,42,52,59,43,45
"74490",1722,1301,1566,1374,1298,1111
"14344",74,60,87,73,43,51
"56546",4,0,6,1,4,5
"243967",15,12,21,6,13,17
"12348",14,8,19,11,19,14
"13170",231,205,283,260,244,249
"56632",728,547,597,632,599,562
"19899",7136,5821,6064,6405,6428,5662
"73813",5,2,3,1,1,2
"69363",0,0,1,0,0,0
"54200",12,11,19,8,11,21
"545963",0,0,0,0,0,0
"381983",21,13,30,16,16,11
"19158",845,693,757,743,817,693
"211480",2,0,3,0,0,3
"101612",499,439,417,493,482,432
"100502828",1,0,2,3,5,1
"14814",18,11,10,15,11,10
"68137",1955,1435,1646,1538,1564,1459
"58867",5,1,1,1,0,3
"70209",346,278,320,348,358,317
"13732",675,532,520,530,522,472
"211535",37,41,45,41,39,28
"27421",0,0,1,0,0,0
"211548",5221,4143,4093,4709,4220,4214
"16514",544,431,499,468,479,464
"20927",150,89,95,94,92,91
"72088",1,3,0,4,2,3
"18419",535,431,430,519,403,360
"17927",9403,8107,8604,8515,8466,7240
"16502",567,415,476,566,468,480
"27414",91,91,84,68,96,95
"21990",59,41,48,38,30,25
"78935",189,189,158,188,186,193
"20210",125,88,116,151,134,68
"20211",0,0,0,0,0,0
"20208",0,0,0,0,2,0
"20209",1,1,0,0,0,0
"246694",441,328,308,316,350,316
"14884",1472,1126,1117,1462,1253,1093
"384622",0,0,0,1,0,0
"16828",23778,21016,22540,22177,22264,20407
"16833",2,0,0,0,0,2
"22088",1702,1352,1448,1536,1463,1324
"54122",300,241,207,284,255,226
"97402",0,1,1,0,0,0
"629141",1,0,0,1,0,0
"101685",1031,749,692,892,725,714
"67893",232,194,246,193,203,187
"19259",12,9,6,4,6,3
"381886",0,0,0,0,0,0
"668725",0,0,0,0,0,0
"233221",0,0,0,0,0,0
"668727",0,0,0,0,0,0
"235712",0,0,0,0,0,0
"233222",0,0,0,0,0,0
"235854",0,0,0,0,0,0
"404242",0,0,0,0,0,0
"404239",0,0,0,0,0,0
"233230",0,0,0,0,0,0
"620137",0,0,0,0,0,0
"404240",0,0,0,0,0,0
"233231",0,0,0,0,1,0
"243978",0,0,0,0,0,0
"243979",0,0,0,0,0,0
"404238",0,1,0,0,0,0
"243983",450,358,376,431,334,363
"13009",3465,3175,3497,3333,3516,4011
"108961",399,360,372,391,342,392
"100040465",1,3,1,2,6,4
"78286",9042,6577,5380,7540,4622,6599
"13172",0,0,0,0,0,0
"53415",221,175,188,192,200,180
"71974",596,459,489,518,477,456
"104245",0,0,0,0,1,0
"338352",8,5,3,12,4,12
"73515",1,0,0,0,0,0
"243996",0,0,0,0,0,0
"668779",2,3,1,2,5,2
"233246",9289,7200,6360,7865,5708,7417
"140919",1,1,1,2,1,0
"100040608",47,41,54,44,36,53
"14453",77,79,71,63,73,54
"75744",206,149,164,190,182,154
"100503036",0,0,0,0,0,0
"100503091",0,0,0,0,0,0
"233271",3,3,1,2,4,1
"233274",0,0,0,0,0,0
"233276",261,191,209,258,215,218
"100861735",0,0,0,0,0,0
"20430",2386,1726,1688,1954,1549,1764
"93790",448,368,353,391,369,351
"320845",28,22,14,18,25,21
"233280",125,78,81,135,96,93
"15204",2151,1545,1204,1874,1010,1616
"100861750",0,0,0,0,0,0
"18431",0,0,0,1,0,0
"14407",1,0,0,1,1,1
"791383",0,0,0,0,0,0
"110886",3,0,0,2,2,0
"14402",9,4,6,8,5,5
"11982",54,34,47,32,44,27
"22215",1781,1222,988,1445,1027,1202
"613263",3,2,1,3,3,2
"330544",586,427,457,508,454,415
"16353",5,11,5,8,5,5
"64243",0,0,0,0,0,0
"100862301",27,35,31,35,6,15
"64245",0,0,0,0,0,0
"64244",0,0,0,0,0,0
"52480",272,250,305,213,214,144
"100217429",11,13,5,8,7,9
"84704",0,0,0,0,0,0
"20646",103,87,79,74,60,87
"664849",124,107,139,158,123,98
"27493",0,1,0,0,0,0
"319752",4,3,4,5,3,9
"100526544",0,0,0,0,0,0
"100526531",0,0,0,0,0,0
"319893",12,0,6,7,1,7
"100526543",0,0,0,0,0,0
"100526541",0,0,0,0,0,0
"100526558",0,1,0,0,0,0
"100526506",0,0,0,0,0,0
"723931",0,0,0,0,0,0
"100041293",5,3,3,1,4,0
"100124439",0,0,0,0,0,0
"320026",36,28,38,16,21,19
"100526507",0,0,0,0,0,0
"100526527",0,0,0,0,0,0
"17984",558,435,464,511,504,411
"27385",4,0,1,1,0,1
"22652",27,24,39,44,49,42
"27412",66,42,52,56,64,42
"11441",25,10,13,31,13,25
"170711",193,189,203,110,135,155
"50794",1257,948,1043,1136,1066,1012
"381994",1,0,0,0,0,1
"17364",0,0,1,1,1,0
"387207",0,0,0,0,0,0
"233315",607,483,433,573,458,470
"330554",209,160,148,207,145,186
"67973",709,599,603,626,656,608
"73724",200,167,142,165,173,148
"11784",50,47,36,50,47,34
"70638",182,137,156,166,140,144
"66647",837,755,829,809,891,754
"21872",2753,2071,1836,2651,1733,1998
"665234",0,0,0,0,0,0
"272396",839,715,659,773,695,701
"68634",216,163,166,163,189,164
"100038420",2,0,0,0,0,0
"100503969",1,0,4,1,0,0
"18553",30,24,31,26,17,16
"68981",400,272,329,323,359,308
"109815",478,398,432,428,439,393
"100861796",2,1,0,0,0,0
"269941",401,298,340,405,378,424
"233328",1900,1483,1413,1663,1263,1444
"56847",21,14,12,22,16,21
"117589",603,443,438,506,454,411
"72635",237,188,167,207,179,194
"545975",4,0,7,2,2,5
"233332",17,11,14,14,17,14
"75099",347,285,286,273,296,298
"17258",7696,5875,4632,7241,4665,5422
"67867",518,397,396,437,430,389
"67009",363,286,274,313,256,242
"233335",260,188,197,249,161,198
"73904",21,12,11,12,21,12
"16001",2081,1374,1409,1812,1423,1544
"78444",21,14,17,30,30,20
"100504026",3,0,1,1,0,0
"434197",35,18,25,38,34,27
"71244",0,0,0,0,0,0
"384639",0,0,0,0,0,0
"66412",141,111,118,167,132,92
"73796",0,0,0,0,0,0
"11819",471,374,412,394,431,370
"434198",5,2,13,5,2,3
"100038563",0,0,0,0,0,0
"244049",7,9,8,4,5,1
"100042880",736,639,646,686,757,599
"625243",1,0,2,4,2,0
"100504141",0,0,0,0,0,0
"100505025",13,3,9,6,9,9
"319783",47,36,32,37,41,23
"244058",2392,1811,1867,2106,1823,1925
"244059",1406,1001,904,1241,878,898
"69170",127,100,117,105,132,86
"665610",1,1,2,2,2,3
"244061",0,0,0,0,0,1
"100038347",115,105,78,129,109,87
"100579147",0,0,0,0,0,0
"100861851",0,0,0,0,0,0
"20450",7452,5861,5533,5771,4593,5345
"108116",2723,2279,2187,2592,2122,2205
"100504215",1,0,0,0,0,0
"64176",74,52,54,70,50,63
"68954",2,3,2,0,0,2
"75547",5508,4028,3046,4635,2872,3913
"100504230",34,26,25,27,29,13
"207952",223,190,186,211,176,188
"244071",7,1,3,4,1,1
"18213",2,2,1,1,0,1
"791275",0,0,0,0,1,0
"414121",3,6,1,1,1,2
"67308",300,232,239,272,289,254
"67994",355,293,294,311,330,288
"76375",171,149,149,151,163,146
"723884",0,0,0,0,0,0
"68048",1974,1527,1533,1857,1654,1443
"57444",51,51,66,57,64,50
"100504648",0,0,0,0,0,0
"11595",3,0,0,0,2,0
"67666",3,2,4,7,4,1
"17304",2131,1641,1973,2029,1856,1787
"54608",857,585,505,684,545,521
"19771",0,0,1,2,2,1
"208836",30,18,18,19,14,23
"18975",1065,863,879,1033,827,891
"100038478",0,0,1,0,3,1
"101694",0,1,0,1,0,0
"723968",0,0,0,0,0,0
"56315",0,0,0,0,0,0
"77011",4,0,2,1,2,2
"16576",70,55,57,72,55,41
"103968",0,0,0,0,0,1
"100861920",0,0,0,4,1,2
"18631",2,5,6,2,5,3
"626359",2,2,3,1,3,1
"17292",0,0,0,1,0,0
"17293",0,1,1,2,0,0
"16790",39,26,34,44,46,41
"11778",1007,886,789,976,885,734
"71339",11,4,5,8,3,9
"70420",77,61,70,73,84,70
"209225",456,329,361,408,338,380
"100859962",1,0,1,1,3,0
"269951",1595,1311,1326,1501,1440,1255
"100316758",0,0,0,0,0,0
"20352",201,161,206,190,226,159
"23991",376,288,292,340,324,310
"269952",135,67,85,97,87,82
"269954",10,7,5,13,7,9
"83485",639,459,522,520,546,496
"233405",276,234,249,265,238,188
"233406",77,69,62,64,56,45
"269955",179,130,145,134,170,131
"101869",837,668,737,774,659,600
"68695",104,76,87,88,70,61
"140481",4354,3397,3225,3814,2972,3358
"14159",94,67,82,85,85,60
"18550",4373,3311,3641,3628,3457,3529
"12144",93,63,67,90,57,71
"70461",388,331,361,377,311,340
"100504375",21,14,12,10,15,11
"29875",3182,2275,2133,3052,2057,2390
"22691",138,89,83,100,116,106
"71968",260,212,226,232,214,191
"68039",7,6,11,8,19,11
"56529",707,534,634,598,650,485
"233410",1097,789,816,893,744,767
"116904",9993,8508,8256,9067,7469,8190
"434203",17,9,10,12,6,4
"623286",41,20,24,39,21,31
"18584",80,60,37,53,44,59
"20068",5118,4009,4085,4349,4508,3905
"12877",676,541,631,643,597,487
"11775",12,10,6,12,9,6
"210321",0,0,0,0,0,0
"100504421",104,63,99,87,96,76
"100316717",17,19,21,19,13,12
"244091",1477,1291,996,1340,1046,1152
"434204",193,172,187,187,203,184
"26557",275,209,181,235,205,205
"67148",884,691,767,844,744,679
"67290",269,203,204,238,250,197
"83962",4728,3907,3598,4441,3802,3537
"107769",1519,1277,1194,1320,1175,1189
"29877",113,81,78,76,81,62
"12173",15,11,9,7,8,13
"434205",2,0,1,1,0,3
"20408",12,5,14,13,9,8
"269959",14,15,8,17,6,21
"330577",10,7,7,4,6,7
"101592",753,603,599,669,634,562
"77800",0,0,0,1,0,0
"619808",1,0,0,0,0,0
"108797",265,164,180,216,207,177
"71285",1,0,0,0,0,0
"330578",0,0,0,0,0,0
"100038384",0,1,0,0,0,1
"233424",5,7,4,10,9,6
"170460",87,77,110,93,79,100
"16170",12,8,15,14,5,12
"100504131",54,46,29,44,66,40
"666170",663,513,510,579,588,501
"75556",0,4,2,0,0,0
"73079",0,0,0,0,0,0
"80889",375,347,363,408,422,373
"67943",1215,965,1012,1113,1053,949
"80982",1726,1360,983,1713,1148,1280
"70178",1190,924,1064,1071,1066,933
"11864",189,153,155,178,139,129
"100039239",66,22,30,52,23,56
"14085",209,136,132,151,148,163
"65098",1739,1466,1578,1446,1485,1288
"72495",10,2,6,10,10,4
"620480",2,2,8,2,2,3
"258410",0,0,0,0,0,0
"258411",0,0,0,0,0,0
"100009609",0,0,0,0,0,0
"233437",0,0,0,0,0,0
"620672",0,0,0,0,0,0
"620697",0,0,0,0,0,0
"330581",0,0,0,0,0,0
"670940",0,0,0,0,0,0
"233445",0,0,0,0,0,0
"244114",0,0,0,0,0,0
"620928",0,0,0,0,0,0
"546980",0,0,0,0,0,0
"546981",0,0,0,0,0,0
"675969",0,0,0,0,0,0
"258222",0,0,0,0,0,0
"258196",0,0,0,0,0,0
"258614",0,0,0,0,0,0
"258610",0,0,0,0,0,0
"258609",0,0,0,0,0,0
"258089",0,0,0,0,0,0
"258612",0,0,0,0,0,0
"257958",0,0,0,0,0,0
"257929",0,0,0,0,0,0
"257905",0,0,0,0,0,0
"258611",0,0,0,0,0,0
"258850",0,0,0,0,0,0
"257904",0,0,0,0,0,0
"257906",0,0,0,0,0,0
"258613",0,0,0,0,0,0
"53320",1,1,0,5,0,2
"546983",0,0,0,0,0,0
"637896",2,0,0,0,0,0
"621430",7,1,7,5,6,0
"50490",106,79,60,77,52,63
"22173",0,0,0,0,0,0
"108071",3,4,4,4,2,0
"13032",198,139,135,179,174,174
"72433",24,20,14,31,25,18
"72759",534,394,355,424,427,401
"14366",81,45,66,55,48,59
"101521",0,0,0,0,2,0
"76453",5406,4353,4467,4933,4524,4735
"109264",203,207,212,190,186,205
"70884",3,0,0,0,0,0
"67669",338,294,346,299,317,279
"13626",613,481,521,460,473,419
"319711",2,0,0,0,2,0
"78329",10,14,8,10,11,16
"233489",1587,1192,980,1288,977,983
"100862054",0,0,0,0,0,0
"75338",17,10,8,12,11,15
"83671",2118,1633,1484,1865,1600,1405
"70054",5,4,3,8,2,2
"233490",557,435,542,568,525,413
"66271",735,639,577,592,616,588
"68472",306,239,223,244,211,196
"100862134",3,0,1,2,3,0
"23859",466,397,312,364,260,318
"66365",443,360,373,355,376,377
"73845",57,34,27,34,27,46
"74737",782,511,544,709,575,572
"666737",28,24,15,19,19,20
"75985",54,52,61,58,40,44
"74041",123,59,66,81,63,76
"72461",181,108,139,158,183,132
"100502918",8,16,9,17,14,11
"58238",13,9,5,18,23,9
"100040298",147,105,107,125,157,114
"791297",0,0,0,0,0,0
"23966",203,142,85,181,105,143
"735284",0,0,0,0,0,0
"670727",0,0,0,0,0,0
"791381",7,1,2,1,0,0
"244141",792,746,728,714,673,663
"14389",1372,1151,957,1130,949,988
"244144",134,83,126,120,107,91
"622320",142,124,125,118,104,95
"381903",209,147,147,177,150,148
"68197",1354,1024,1180,1106,1253,1111
"21835",145,113,152,109,134,127
"233529",4,5,5,4,1,3
"101861",1067,856,831,965,826,873
"66273",1927,1569,1631,1744,1779,1517
"233532",1106,817,754,945,729,849
"12729",1278,915,932,1124,1065,934
"791341",0,0,0,1,0,1
"66333",27,27,19,18,31,32
"18479",1442,1054,1041,1160,981,947
"233537",18,10,11,15,19,10
"17921",431,334,324,382,257,280
"12337",252,175,169,200,185,152
"18378",8,8,5,19,3,8
"330599",12,13,9,10,9,16
"272411",1,0,0,0,0,0
"66190",155,84,112,114,97,95
"244152",257,232,238,323,289,249
"14918",0,0,0,0,0,0
"434215",1017,689,809,1054,874,875
"233544",0,0,0,0,0,0
"233545",574,474,455,577,459,447
"72981",1306,1104,1029,1365,1131,1152
"100503364",1,0,0,0,1,0
"22411",64,75,69,70,78,66
"78610",962,832,758,713,715,736
"67800",397,339,334,427,409,415
"233549",2,8,4,3,2,2
"17760",407,329,403,442,365,339
"12406",9158,6400,7211,8239,7343,6693
"100861604",0,0,0,0,0,0
"233552",110,64,88,86,73,67
"72184",0,1,0,6,0,0
"27050",10500,8196,8192,8785,9023,7867
"449631",4,1,4,3,2,2
"449630",0,0,0,1,0,1
"109689",119,89,82,90,75,77
"723840",0,0,0,0,0,0
"100503386",32,23,27,30,21,25
"101488",4,0,2,2,4,0
"259066",0,0,0,0,0,0
"258353",0,0,0,0,0,0
"442845",0,0,0,1,0,0
"50877",62,67,68,76,48,64
"66624",1792,1453,1490,1475,1512,1291
"446101",10,11,17,20,14,9
"108937",455,303,321,365,316,300
"69121",3,1,0,0,0,0
"67967",217,136,142,183,158,151
"67164",40,19,30,30,36,32
"57442",0,0,0,0,0,0
"70974",220,166,146,177,138,128
"14777",0,0,0,0,0,0
"320452",57,35,51,44,52,42
"72590",1733,1487,1609,1621,1573,1471
"277939",631,522,439,577,441,504
"22229",17,17,19,19,15,12
"22228",1086,848,994,1080,1011,935
"69387",12,6,3,4,8,4
"68185",115,77,80,97,96,94
"402747",20,10,20,17,6,14
"52443",433,423,367,396,404,377
"19346",3591,2749,2789,3213,2970,2932
"27276",47,43,57,36,43,45
"319604",2411,1747,1617,1844,1453,1726
"320100",385,333,422,328,351,306
"207212",4636,3694,3646,4057,3257,3736
"100526508",0,0,0,0,0,0
"233571",8,5,15,10,10,4
"18442",535,427,415,473,401,357
"207278",534,434,443,503,386,466
"73683",233,172,259,198,195,148
"56018",505,488,440,489,468,452
"69710",619,461,516,555,484,464
"207728",1179,904,889,1063,943,944
"387157",0,0,0,0,0,0
"100503552",0,1,4,0,2,0
"11871",0,0,0,0,0,0
"11872",0,0,0,0,0,0
"20480",979,851,747,834,782,766
"11859",2,1,1,1,0,0
"16332",26322,21639,22453,23445,20228,20586
"14276",21,14,17,17,13,13
"14275",137,103,144,118,119,123
"75430",140,122,126,140,159,146
"791260",24,28,21,33,26,18
"66508",1583,1416,1397,1473,1503,1382
"69358",74,51,51,70,54,56
"101706",2830,2175,2079,2459,1916,2070
"16068",25,9,17,28,12,18
"75212",479,392,364,406,373,403
"22064",80,62,80,77,72,59
"11875",463,374,429,339,391,358
"11870",3073,2555,2842,2768,2857,2435
"504186",56,51,57,47,55,49
"269966",1376,977,853,1150,723,942
"233575",501,436,434,444,449,405
"56212",731,561,613,690,662,599
"20866",6235,5062,5108,5533,4835,5278
"20133",672,570,573,590,544,498
"257947",2,0,2,2,0,1
"257926",0,1,0,0,1,2
"258837",0,3,3,3,0,1
"667284",1,1,0,0,0,1
"259083",0,0,0,0,0,0
"259105",0,0,0,0,0,0
"20821",24,19,21,16,22,29
"259108",0,0,0,0,0,0
"258750",0,0,0,0,0,0
"259106",0,0,1,0,0,0
"233578",0,0,0,0,0,0
"258322",0,0,0,0,0,0
"259107",0,0,0,0,0,0
"258749",0,0,0,0,0,0
"101700",115,93,91,102,105,92
"258358",0,0,0,0,0,0
"259097",0,0,0,0,0,0
"18332",0,0,0,0,0,0
"259116",0,0,0,0,0,0
"170639",0,0,0,0,0,0
"259117",0,0,0,0,0,0
"259096",0,0,0,0,0,0
"258356",0,0,0,0,0,0
"258168",0,0,0,0,0,0
"259095",0,0,0,0,0,0
"259092",0,0,0,0,0,0
"259114",0,0,0,0,0,0
"259089",0,0,0,0,0,0
"259093",0,0,0,0,0,0
"258357",0,0,0,0,0,0
"259118",0,1,0,0,0,0
"258248",0,0,0,0,0,0
"259113",0,0,0,0,0,0
"259119",0,0,0,0,0,0
"259055",0,0,0,0,0,0
"258752",0,0,0,0,0,0
"259056",0,0,0,0,0,0
"259091",0,0,0,0,0,0
"259115",0,0,0,0,0,0
"259054",0,0,0,0,0,0
"258139",0,0,0,0,0,0
"404317",0,0,0,0,0,0
"258378",0,0,0,0,0,0
"258246",0,0,0,0,0,0
"667882",0,1,0,0,1,0
"384701",0,0,0,0,0,0
"100041187",0,0,0,0,0,0
"258135",0,0,0,0,0,0
"257975",0,0,0,0,0,0
"258726",0,0,0,0,0,0
"259048",0,0,0,0,0,0
"258311",0,0,0,0,0,0
"259073",0,0,0,0,0,0
"13532",0,1,0,0,4,1
"258156",0,0,0,0,0,0
"259098",0,0,0,0,0,0
"546989",0,0,0,0,0,0
"258751",0,0,0,0,0,0
"259086",0,0,0,0,0,0
"259085",0,0,0,0,0,0
"258722",0,0,0,0,0,0
"545985",0,0,0,0,0,0
"259104",0,0,0,0,0,0
"259084",0,0,0,0,0,0
"259103",0,0,0,0,0,0
"258838",0,0,0,0,0,0
"259049",0,0,0,0,0,0
"259080",0,0,0,0,0,0
"258808",0,0,0,0,0,0
"259087",0,0,0,0,0,0
"259126",0,0,0,0,0,0
"258189",0,0,0,0,0,0
"436002",0,0,0,0,0,0
"259159",0,0,0,0,0,0
"258818",0,0,0,0,0,0
"259102",0,0,0,0,0,0
"18370",0,0,0,0,0,0
"18369",0,0,0,0,0,0
"18368",0,0,0,0,0,0
"15129",0,0,0,0,0,0
"100503605",0,0,0,0,0,0
"100503686",0,0,0,0,0,0
"436003",0,0,0,0,0,0
"15132",0,0,0,0,0,0
"15135",0,0,0,0,0,0
"18367",0,0,0,0,0,0
"100503724",24,13,17,13,10,18
"18366",0,0,0,0,0,0
"18365",0,0,0,0,0,0
"258961",0,0,0,0,0,0
"259123",0,0,0,0,0,0
"258351",0,0,0,0,0,0
"259122",0,0,0,0,0,0
"259124",0,0,0,0,0,0
"259088",0,0,0,0,0,0
"258819",0,0,0,0,0,0
"259075",0,0,0,0,0,0
"258326",0,0,0,0,0,0
"259081",0,0,0,0,0,0
"259125",0,0,0,0,0,0
"258247",0,0,0,0,0,0
"259058",0,0,0,0,0,0
"70980",0,0,0,0,0,0
"244178",0,0,0,0,0,0
"244179",0,0,0,0,0,0
"244180",0,1,0,0,0,0
"258746",0,0,0,0,0,0
"259057",0,0,0,0,0,0
"94088",7,4,6,3,2,5
"94094",5,12,11,11,6,24
"667823",1,6,6,3,2,5
"76681",32,31,24,41,32,31
"622070",0,0,0,2,0,0
"434218",1,1,2,1,0,0
"319236",64,69,62,94,52,56
"244183",0,0,1,0,0,0
"434219",0,0,0,0,0,0
"20128",28,21,12,19,5,23
"209387",12,5,2,9,2,16
"625321",0,0,0,0,0,0
"258809",0,0,0,0,0,0
"259050",0,0,0,0,0,0
"57250",0,0,0,0,0,0
"258377",0,0,0,0,0,0
"258817",0,0,0,0,0,0
"259078",0,0,0,0,0,0
"258309",0,0,0,0,0,0
"259051",0,0,0,0,0,0
"259052",0,0,0,0,0,0
"258743",0,0,0,0,0,0
"257914",0,0,0,0,0,0
"625530",0,0,0,0,0,0
"233637",1,1,2,1,1,1
"100503865",0,0,2,0,3,0
"381944",1,0,0,0,0,0
"13531",1,0,0,0,0,0
"258810",0,0,0,0,0,0
"259100",0,0,0,0,0,0
"259062",0,0,0,0,0,0
"259061",0,0,0,0,0,0
"259045",0,0,0,0,0,0
"384703",0,0,0,0,0,0
"257910",0,0,0,0,0,0
"258755",0,0,0,0,0,0
"258147",0,0,0,0,0,0
"259099",0,0,0,0,0,0
"258355",0,0,0,0,0,0
"258753",0,0,0,0,0,0
"259046",0,0,0,0,0,0
"404318",0,0,0,0,0,0
"259047",0,0,0,0,0,0
"244187",0,0,0,0,0,0
"258160",0,0,0,0,0,0
"259072",0,0,0,0,0,0
"668035",0,0,0,0,0,0
"259161",0,0,0,0,0,0
"258745",0,0,0,0,0,0
"56860",0,0,0,0,0,0
"259063",0,0,0,0,0,0
"258352",0,0,0,0,0,0
"74349",470,354,382,434,348,377
"100503879",0,0,0,0,0,0
"233649",1,1,1,0,0,0
"244189",10,13,15,16,17,12
"12426",1,0,1,0,0,0
"109042",148,131,160,161,172,150
"20597",923,831,910,910,881,971
"100861751",0,0,0,0,0,0
"11785",1347,1196,1021,1285,1213,1176
"15458",3,2,4,1,2,2
"55992",685,526,591,629,577,521
"76932",689,527,576,557,473,512
"14356",390,330,325,383,352,352
"101867",590,485,513,542,548,496
"16202",4655,3918,4125,4031,3956,3846
"24075",467,386,389,398,489,383
"12751",2499,1957,1952,2293,1945,1867
"233651",203,179,142,167,121,170
"27397",1215,1026,978,1073,1025,997
"77700",7,11,8,7,9,13
"626055",0,0,0,0,0,0
"100042856",224,169,113,231,78,313
"100417829",6,2,2,1,1,4
"668108",9,8,11,8,0,20
"74558",224,170,109,239,82,316
"100417831",7,2,3,1,1,4
"668128",0,1,0,0,0,0
"209380",0,0,0,0,0,0
"668139",3,4,0,1,0,1
"434223",0,0,0,0,0,0
"258445",0,0,0,0,0,0
"258444",0,0,0,0,0,0
"258591",0,0,0,0,0,0
"258592",0,0,0,0,0,0
"258595",0,0,0,0,0,0
"258180",0,0,0,0,0,0
"258593",0,0,0,0,0,0
"66786",0,0,0,0,0,0
"258590",0,0,0,0,0,0
"258589",0,0,0,0,0,0
"257902",0,0,0,0,0,0
"259034",0,0,0,0,0,0
"258350",0,0,0,0,0,0
"194433",0,0,0,0,0,0
"258173",0,0,0,0,0,0
"258594",0,0,0,0,0,0
"233670",0,0,0,0,0,0
"259037",0,0,0,0,0,0
"18317",0,0,0,0,0,0
"259036",0,0,0,0,0,0
"259035",0,0,0,0,0,0
"18314",0,0,0,0,0,0
"384732",0,0,0,0,0,0
"258776",0,0,0,0,0,0
"258597",0,0,0,0,0,0
"76858",0,0,0,0,0,0
"76572",0,0,0,0,0,0
"60510",3,2,1,0,0,0
"244198",0,0,0,0,0,0
"19024",810,751,651,788,659,626
"76679",0,0,0,0,0,0
"320635",135,104,118,125,109,86
"244199",0,0,0,0,0,1
"257919",0,0,0,0,0,0
"258418",0,0,0,0,0,0
"258417",0,0,0,0,0,0
"626674",0,0,0,0,0,0
"258770",0,0,0,0,0,0
"258771",0,0,0,0,0,0
"258488",0,0,0,0,0,0
"258926",0,0,0,0,0,0
"258928",0,0,0,0,0,0
"258729",0,0,0,0,0,0
"257891",0,0,0,0,0,0
"56861",0,0,0,0,0,0
"258927",0,0,0,0,0,0
"100043059",12,2,4,3,4,9
"258728",0,0,0,0,0,0
"258730",0,0,0,0,0,0
"258492",0,0,0,0,0,0
"258041",0,0,0,0,0,0
"258489",0,0,0,0,0,0
"258042",0,0,0,0,0,0
"258727",0,0,0,0,0,0
"258491",0,0,0,0,0,0
"258731",0,0,0,0,0,0
"258490",0,0,0,0,0,0
"258307",0,0,0,0,0,0
"258732",0,0,0,0,0,0
"258361",0,0,0,0,0,0
"258733",0,0,0,0,0,0
"258304",0,0,0,0,0,0
"258734",0,0,0,0,0,0
"259143",0,0,0,0,0,0
"258163",0,0,0,0,0,0
"258215",0,0,0,0,0,0
"258738",0,0,0,0,0,0
"258769",0,0,0,0,0,0
"258369",0,0,0,0,0,0
"258308",0,0,0,0,0,0
"258719",0,0,0,0,0,0
"258718",0,0,0,0,0,0
"258721",0,0,0,0,0,0
"258720",0,0,0,0,0,0
"258136",0,0,0,0,0,0
"258303",0,0,0,0,0,0
"277935",0,0,0,0,0,0
"244202",0,1,1,4,2,0
"66085",2230,1835,1945,2233,2294,1927
"22141",2,3,7,10,7,2
"320360",30,18,24,12,19,17
"109594",1,4,5,2,0,1
"117229",19,14,19,23,6,14
"74293",2,2,3,3,7,1
"330627",39,24,34,37,28,18
"26451",8379,6635,6637,7098,7653,6248
"100302499",12,3,12,7,4,3
"76954",1627,1116,1324,1318,1244,1117
"57373",1140,1006,936,881,910,853
"57355",710,566,667,606,635,483
"56787",5,4,4,6,5,3
"56786",1014,822,850,949,936,826
"78593",15,20,30,16,9,13
"56788",16,8,12,11,16,15
"19347",3224,2583,2410,2784,2272,2493
"233724",1333,980,1080,1144,1082,949
"69781",1,0,0,1,0,0
"233726",5854,4822,4115,5139,4109,4280
"100379145",0,3,2,3,2,4
"767812",17,12,14,17,9,17
"20841",439,374,320,339,341,319
"22390",88,56,73,53,71,76
"20947",341,215,227,273,232,261
"319934",910,649,667,781,625,638
"11535",203,112,171,113,207,154
"100861673",0,0,1,0,0,0
"11717",903,692,662,785,713,652
"67150",190,151,137,178,129,151
"114332",7,3,8,3,3,3
"17540",176,136,114,150,130,136
"100504184",1,0,0,0,0,0
"22083",1067,876,896,952,810,864
"13690",32439,26216,24282,28921,24254,24506
"75479",13,11,11,20,20,13
"233733",673,504,559,626,547,556
"74996",9624,7637,6826,8318,6535,7505
"50781",73,76,68,70,57,59
"320878",5096,4073,3789,4252,3480,3758
"100504195",9,4,10,9,8,4
"57342",2746,2172,2132,2529,2165,2110
"69625",37,37,38,45,42,42
"21676",9874,7582,6294,8168,5786,6824
"78748",15,15,17,11,15,8
"75239",1,1,0,0,0,0
"11865",623,437,421,571,436,437
"68815",460,371,342,422,366,342
"19226",0,0,0,0,0,0
"67420",950,639,628,817,631,649
"233744",106,80,100,107,63,56
"66922",2823,2292,2111,2369,2301,2109
"70349",2763,2090,1966,2263,1960,1887
"26440",2158,1689,1807,1775,1830,1591
"71045",0,0,0,0,0,0
"18576",68,50,38,61,40,48
"244209",2,1,6,5,2,4
"12310",13,17,25,16,5,6
"116903",1,0,0,0,2,2
"233752",28,40,41,32,40,39
"627967",0,0,0,0,0,0
"101786",0,0,0,0,0,0
"20679",666,523,391,622,375,465
"69350",0,0,0,0,0,1
"56372",1430,1104,1066,1204,1311,1027
"233765",750,689,584,685,512,643
"68052",4094,3365,3245,3684,3732,3165
"100302592",5,2,5,3,3,2
"100861687",16,9,9,8,5,5
"18704",979,639,604,848,553,674
"53322",361,239,264,278,253,241
"233781",29,24,7,23,13,13
"267019",4810,3723,3456,3809,3905,3318
"54208",496,312,357,404,447,305
"233789",2861,2038,1506,2388,1195,1854
"67745",1,0,1,0,1,0
"110058",140,81,100,118,112,121
"319622",2137,1351,1414,2148,1659,1594
"12850",484,360,411,432,434,368
"209760",225,161,208,184,172,234
"74424",0,0,0,0,1,1
"56209",1377,1207,1330,1405,1338,1286
"101565",175,96,125,131,123,114
"71517",1317,986,930,1170,1060,971
"66356",1208,856,957,991,881,813
"434232",31,23,26,16,29,27
"64297",3577,2995,3106,2900,2662,2752
"209776",0,0,0,0,0,0
"67133",0,0,0,0,0,0
"22242",0,0,0,0,0,0
"71830",0,0,0,0,0,0
"272428",0,0,0,0,0,0
"233799",0,0,0,0,0,0
"100503901",1,0,0,0,0,0
"117147",0,0,0,0,0,0
"233801",0,0,0,1,0,0
"233802",620,556,516,660,620,530
"434233",527,355,491,479,545,431
"100503918",0,0,0,0,0,0
"20216",1,0,0,1,4,3
"71151",82,53,57,57,50,59
"434234",17,12,7,13,6,9
"233805",774,570,548,637,553,552
"73919",82,87,85,97,74,75
"381917",4,1,3,4,5,1
"233806",322,232,279,274,290,248
"22787",10,6,7,7,15,9
"72074",0,0,0,0,0,0
"12971",510,458,416,499,528,389
"67928",2,2,5,2,3,2
"320631",0,0,0,0,0,0
"233810",0,0,0,0,0,0
"78552",2,0,2,0,1,0
"637957",0,0,0,0,0,0
"67003",5661,4601,4597,4821,4605,4428
"67983",2,1,3,2,5,0
"100504389",55,50,50,47,41,37
"233812",427,342,370,404,312,294
"233813",2,4,3,4,4,1
"436008",0,0,2,1,0,0
"13631",166,112,103,152,141,135
"26939",368,275,309,364,306,274
"12585",487,375,432,417,390,372
"74466",5,1,0,1,4,0
"668548",40,31,41,31,32,39
"59052",554,488,505,616,598,492
"80719",5,0,3,1,0,0
"246190",36,28,42,37,29,22
"195646",0,0,0,0,0,0
"75793",1,0,0,0,0,0
"76179",1336,1000,910,1156,845,1005
"20278",2,1,1,2,0,0
"20277",2,7,3,1,3,8
"233824",871,695,661,715,703,656
"100861771",0,0,0,0,0,2
"74105",4944,4027,4036,4745,4199,4170
"67417",192,161,169,173,188,163
"28018",1132,895,906,914,986,904
"70316",1270,1238,1404,1526,1585,1303
"233826",18,10,15,13,9,14
"59288",933,696,732,803,763,781
"18817",9,13,22,11,19,15
"26918",0,0,0,0,0,0
"70261",0,0,1,0,0,0
"18751",91,69,87,116,61,59
"54376",1,0,0,0,0,0
"73951",69,62,67,78,129,91
"19647",1679,1260,1370,1503,1244,1209
"233833",1638,1224,1031,1373,1064,1136
"100504584",0,0,0,0,0,0
"233836",2,0,1,0,0,0
"70497",517,373,472,469,418,427
"30949",423,364,366,431,442,351
"11833",0,0,2,0,1,0
"210162",23,32,14,32,19,14
"628779",3,4,2,6,6,4
"791408",0,0,0,0,0,0
"73076",0,0,0,0,0,0
"71208",0,0,0,0,0,0
"75861",0,0,0,0,0,0
"77035",81,61,57,77,74,45
"67711",346,232,248,261,295,230
"16190",826,565,715,759,771,682
"60504",74,60,56,42,59,47
"233863",4681,3509,3202,3938,2874,3418
"233865",408,323,306,381,274,284
"269994",5,5,1,3,4,0
"74204",1294,919,1143,1136,917,796
"104175",1334,1097,1223,1254,1143,1165
"16797",2,1,3,3,3,0
"73658",757,563,622,670,669,560
"18020",116,103,83,116,107,93
"12478",0,0,0,0,0,0
"70314",256,222,217,219,229,197
"11937",99918,80857,85063,84097,72547,76386
"20399",3348,2831,2892,2934,2962,2477
"100861803",190,120,159,141,123,128
"233870",3250,2720,2777,2828,2772,2505
"233871",2799,2086,2758,2561,2434,1929
"56347",7341,5958,5975,6477,5823,5711
"12752",103,87,81,101,78,68
"171504",94,48,60,91,60,66
"246779",0,0,0,1,1,1
"56312",332,260,337,348,310,280
"100504712",7,8,11,11,7,6
"75565",164,158,164,130,175,145
"20887",4,1,4,2,4,4
"75764",120,87,115,95,117,104
"66162",331,286,245,286,348,283
"12721",3,2,3,0,3,4
"26417",806,730,695,747,802,679
"68616",8,12,5,11,10,7
"66090",592,522,639,583,716,490
"21389",11,9,13,10,16,9
"56420",952,760,879,876,968,763
"11674",110447,94164,97156,97901,95489,88530
"100503974",27,15,14,16,14,17
"68952",20,17,19,20,24,10
"78118",0,0,0,0,0,0
"13446",53,48,42,33,53,33
"233875",309,251,321,275,310,276
"233876",332,229,277,274,222,221
"381921",1948,1506,1534,1620,1342,1442
"68742",84,72,84,89,72,61
"233877",88,70,76,99,86,64
"233879",5,5,2,0,2,2
"233878",15,13,17,19,5,7
"381922",1,3,4,2,1,2
"52858",1623,1413,1484,1533,1503,1305
"78388",2321,1890,1938,2040,2018,1853
"67278",381,321,346,321,375,344
"100861830",0,0,0,0,1,0
"69017",9,9,12,16,10,14
"17188",1356,1077,1272,1280,1381,1153
"110033",31,19,29,32,21,15
"69036",0,0,0,0,0,0
"101602",113,86,79,96,73,82
"100502618",0,0,0,0,0,0
"67375",0,2,0,0,0,0
"20737",5,3,3,5,5,4
"70233",1428,1163,1263,1291,1245,1125
"68449",2631,2224,2311,2169,2130,2102
"17907",136923,113165,108376,114705,117321,104757
"54204",108,65,97,60,54,47
"100043580",9,8,14,5,11,10
"233887",389,319,320,327,324,294
"244216",146,134,188,180,274,171
"66422",159,145,132,163,177,127
"20768",866,753,797,859,830,797
"100502641",0,1,0,0,0,0
"16408",10,8,3,3,7,10
"233890",604,483,572,568,553,530
"269997",147,106,103,130,105,103
"78921",106,109,99,93,94,107
"101604",78,67,91,73,69,78
"233893",89,73,66,74,75,70
"69234",73,52,78,46,59,44
"71131",45,40,39,40,49,40
"654803",95,58,45,69,64,55
"233895",606,435,508,507,504,472
"14123",1135,874,1068,1101,990,836
"629159",30,13,29,26,26,23
"100043597",3724,2787,2339,2879,2158,2588
"100217442",7,4,0,2,0,4
"68961",182,149,164,170,138,128
"233899",85,74,81,69,74,45
"233900",1918,1468,1561,1715,1510,1433
"68232",5,9,12,8,11,4
"320683",576,403,466,492,406,445
"12055",276,253,215,268,274,231
"791073",0,0,0,0,0,0
"13019",44,47,46,46,43,47
"244218",7,1,5,3,5,0
"233902",239,187,197,197,228,158
"269999",183,140,170,188,188,164
"233904",1673,1269,1319,1334,1098,1137
"101502",154,119,142,145,136,128
"56216",12,11,13,9,8,11
"20909",1838,1414,1604,1539,1585,1341
"244219",285,257,269,261,242,215
"233905",864,643,523,713,538,635
"330657",45,28,43,24,22,23
"27973",203,157,203,154,179,161
"12041",1270,1031,1113,1101,1060,1082
"67773",395,298,345,322,320,302
"76560",1,0,0,1,0,0
"77613",125,90,83,99,98,74
"100861900",120,74,100,95,83,38
"233908",2673,1952,2274,2086,2247,1909
"319527",8,9,10,14,6,2
"66824",75,79,99,96,117,100
"434246",29530,24431,26444,26103,26757,25145
"16409",116,76,87,107,80,89
"16411",3,0,1,1,2,3
"100502816",0,3,0,3,2,1
"381924",12,23,27,23,16,10
"70973",0,0,0,0,0,0
"12862",2223,1783,1922,1908,2049,1930
"100043133",164,114,138,141,111,124
"233912",335,246,272,328,326,275
"21804",410,282,407,384,380,291
"246787",2,1,0,0,0,0
"233913",78,58,74,85,79,71
"100526559",0,0,0,0,0,0
"67865",35,18,28,21,31,29
"21843",1302,975,1027,1037,1066,892
"29810",3575,2951,2994,3192,2886,2894
"101490",287,182,211,241,226,206
"210711",583,472,490,513,468,394
"207352",2327,1765,1733,1947,1649,1747
"381925",0,0,0,0,0,0
"207425",645,494,389,565,483,415
"100043150",0,0,0,0,0,0
"14183",10,9,8,9,7,8
"11907",1619,1197,1093,1283,1115,1196
"67872",318,250,302,339,330,260
"57752",3882,3078,3179,3749,3205,3173
"114660",0,0,1,0,0,0
"330660",0,0,3,0,0,5
"100628579",0,2,4,4,10,19
"434249",0,2,5,3,1,7
"101476",934,725,833,804,745,742
"56213",761,491,707,625,632,598
"12945",0,0,1,0,0,1
"233918",0,0,0,0,0,0
"69495",0,0,0,0,0,0
"71395",0,3,2,3,10,3
"16433",0,2,3,1,3,1
"100502889",0,0,0,0,0,0
"69318",1,1,3,3,1,0
"68223",0,0,1,0,0,0
"68277",348,315,328,300,311,285
"214580",177,142,129,144,143,110
"67143",744,621,531,668,572,547
"66885",1456,1170,1012,1231,1044,1014
"15373",0,0,0,0,0,0
"15372",0,0,0,0,0,0
"12237",1096,928,944,992,939,910
"233919",1,0,1,0,0,0
"55987",1,2,2,0,0,1
"77590",820,644,545,675,558,514
"100502937",0,2,1,0,2,2
"100043682",11,12,13,20,8,14
"18242",1475,1130,1201,1170,1193,1180
"20231",0,0,0,0,0,0
"76429",56,56,65,60,60,67
"77938",2805,2221,2140,2580,2203,1860
"72096",112,88,122,124,127,105
"109359",1431,1274,1110,1296,1173,1052
"76683",0,0,0,1,0,0
"360216",1014,789,850,946,841,782
"13017",492,310,369,418,381,310
"74970",0,0,0,0,0,1
"73808",0,0,0,0,0,0
"214764",674,536,467,554,483,456
"214766",0,0,1,0,1,0
"22276",538,401,383,428,440,375
"66165",1160,847,920,929,914,857
"101437",1036,886,824,941,831,880
"100043695",3,3,1,5,0,0
"66930",3,6,4,5,3,2
"11489",269,168,158,236,167,213
"100503026",0,0,0,1,0,1
"71007",2,2,4,0,2,1
"330662",561,370,294,510,372,420
"627214",10,7,6,14,9,10
"74314",0,0,0,1,0,0
"100043254",0,0,0,1,0,0
"78807",0,0,0,0,0,0
"270004",0,0,0,0,0,0
"212070",0,0,0,0,1,0
"19267",120,109,104,102,100,91
"100316818",0,0,0,0,0,0
"67765",0,1,1,2,3,1
"17345",35,25,14,33,11,10
"319551",0,0,0,0,0,0
"77383",0,0,0,0,0,0
"100038399",0,0,0,0,0,0
"330664",0,0,0,0,0,0
"621677",0,0,0,0,0,0
"17314",187,144,136,154,182,119
"13593",209,120,148,145,126,119
"100038555",1,0,0,0,0,0
"77252",42,27,40,37,38,28
"30926",2973,2324,2300,2559,2456,2137
"70571",2,1,2,0,1,0
"69546",201,147,185,206,176,150
"52432",630,537,495,583,569,521
"12176",1608,1543,1943,1678,1694,1567
"74004",3,2,3,2,4,0
"26757",8,11,16,14,15,9
"57740",7,3,10,11,10,15
"76612",125,96,104,118,111,109
"101631",109,93,103,109,124,91
"212111",1637,1370,1357,1476,1326,1404
"14912",0,0,1,0,0,2
"212124",0,0,0,0,0,0
"52389",54,49,36,55,38,40
"76484",8,5,2,2,3,1
"22286",0,1,0,0,0,2
"100503791",26,20,27,14,14,26
"387198",0,0,0,1,0,0
"381933",0,1,2,2,1,1
"11501",28,26,43,19,27,19
"74237",641,478,502,573,528,467
"69752",119,107,121,97,128,112
"17703",1,1,2,0,0,0
"68566",3,1,0,2,0,2
"22264",1,0,2,1,1,0
"69064",39,32,34,37,41,26
"93747",777,616,643,735,722,625
"212503",65,48,50,64,77,36
"212508",262,202,218,213,221,231
"212518",8,2,1,1,1,0
"258954",0,0,0,0,0,0
"258511",0,0,0,0,0,0
"258055",0,0,0,0,0,0
"244233",0,1,0,0,0,0
"244234",0,1,0,0,0,0
"622335",0,0,0,0,0,1
"258958",0,0,0,0,0,0
"257939",0,0,0,0,0,0
"18361",0,0,0,0,0,0
"258512",0,0,0,0,0,0
"258955",0,0,0,0,0,0
"259028",0,0,0,0,0,0
"258056",0,0,0,0,0,0
"258956",0,0,0,0,0,0
"258513",0,0,1,0,0,0
"258201",0,1,0,0,0,0
"18345",0,0,0,0,0,0
"18362",0,0,0,0,0,0
"258962",0,0,0,0,0,0
"258963",0,0,0,0,0,0
"18344",0,0,0,0,0,0
"258964",0,0,0,0,0,0
"13106",0,0,0,0,0,0
"74075",0,0,1,0,0,0
"407812",21,9,9,17,17,8
"76974",3,1,0,1,0,0
"78520",0,1,0,0,2,0
"338417",0,1,0,0,0,1
"69287",5,4,0,4,1,0
"54399",384,304,326,356,388,310
"101489",2558,2192,2237,2162,2107,2079
"64384",249,190,220,217,238,214
"23997",3540,2828,2872,2892,2978,2620
"12869",834,695,754,733,808,682
"212965",0,1,0,1,0,0
"101613",0,0,0,0,0,0
"212974",230,176,201,239,217,189
"73835",0,4,1,1,2,0
"80876",943,775,823,848,852,728
"68713",0,1,1,1,1,2
"66141",661,525,553,565,571,588
"213002",4,0,0,0,0,3
"330671",1,3,2,2,2,3
"56460",2,4,8,3,8,7
"24058",2,2,3,1,0,1
"71345",1,0,0,0,0,0
"27388",592,432,482,471,407,444
"107702",3254,2676,2655,2759,2893,2615
"15461",2563,2213,2262,2424,2569,2241
"70552",55,41,21,42,44,30
"72000",10,9,5,10,5,4
"66985",1329,1200,1125,1211,1169,1087
"387206",2,0,0,0,2,2
"101471",1713,1307,1342,1494,1331,1299
"54123",43,53,24,46,33,69
"72040",7,3,1,2,1,1
"20287",1,3,2,3,6,1
"13491",0,0,3,0,0,0
"54006",209,175,168,168,172,160
"71448",221,132,183,163,152,151
"98845",46,28,40,38,46,45
"320871",0,0,0,0,1,0
"21351",2400,1960,1983,2303,2246,2109
"213350",197,159,133,182,174,129
"100862193",0,0,0,0,0,0
"57754",7,3,7,4,4,5
"68267",319,222,353,355,314,242
"57913",95,72,68,71,85,78
"67186",4472,3491,3716,3775,4148,3632
"100217419",5,5,2,7,6,0
"66853",1674,1303,1443,1460,1409,1355
"213573",78,67,70,58,77,55
"12476",3267,2560,2603,2805,2799,2587
"66491",1201,1080,920,1010,1097,988
"64540",420,297,309,384,355,307
"68038",643,516,521,611,603,441
"11772",2260,1799,1827,1937,1725,1874
"100036523",3,2,2,3,6,0
"353328",3,0,4,5,10,4
"100862174",0,0,0,1,0,0
"17831",2,1,1,2,2,3
"17833",8,11,4,4,4,8
"74180",2,2,2,1,2,1
"54473",2623,2126,2000,2317,2138,1975
"75770",7,12,5,7,1,4
"100526509",0,0,0,0,0,0
"101513",686,617,576,586,613,560
"18218",881,761,952,809,803,856
"100039728",0,0,0,0,0,0
"668763",1,0,0,0,1,0
"100043617",0,0,0,0,0,0
"71623",0,0,0,0,0,0
"100039757",0,0,0,0,0,0
"77215",0,0,0,0,0,0
"114666",0,0,0,0,0,0
"100043627",0,0,0,0,0,0
"100038419",3,1,2,4,2,3
"50774",0,0,0,0,0,0
"50775",0,0,0,0,0,0
"320802",29,41,35,40,37,39
"13033",27023,21184,22417,24260,23186,21173
"55925",42,37,64,33,33,35
"21953",16660,14117,15497,14541,15680,14263
"16985",3467,2917,3180,3150,3090,2620
"677289",584,354,529,489,423,291
"21957",83237,69393,73739,71709,77367,68052
"19935",550,446,491,448,470,401
"330677",416,335,383,415,313,252
"14955",396114,340122,330851,361750,360411,305619
"735280",0,0,0,0,0,0
"16002",80274,62674,62216,68764,65239,55133
"723874",18,5,13,11,6,7
"111975",61,39,52,54,61,38
"16334",3,2,4,1,0,1
"624121",0,0,0,0,0,0
"21823",0,1,1,0,0,0
"17173",0,0,0,0,3,0
"27027",59,43,45,30,52,44
"97423",43,36,39,55,58,41
"12520",8680,6717,7168,7453,7038,6701
"56844",2112,1680,2011,1710,1967,1659
"56843",0,2,0,0,0,0
"16535",26,24,14,30,30,17
"63830",170,121,196,110,110,94
"71153",0,0,0,0,1,0
"12577",5206,4122,4576,4866,4811,4370
"18400",6,4,4,10,4,8
"22113",0,0,0,0,1,0
"17955",4716,3660,3731,4152,3921,3734
"27267",1900,1555,1485,1591,1556,1385
"244237",43,22,35,33,22,32
"79202",829,589,595,583,529,525
"79201",2297,1795,1927,1839,1767,1716
"79196",2169,1701,1775,1991,1757,1720
"381974",0,0,0,0,0,0
"244238",143,115,101,110,118,121
"78914",80,75,77,99,74,60
"13360",2507,1932,2179,2289,2153,1940
"100526562",0,0,0,0,0,0
"210274",24,13,15,24,19,15
"13043",6631,4956,5288,5935,5290,4939
"233977",818,677,720,821,659,650
"100038412",5,2,4,4,0,2
"14082",155,127,128,154,160,131
"101772",41,41,41,35,42,36
"791284",0,0,0,0,0,0
"14174",1,1,0,0,0,0
"14175",1,2,0,2,0,0
"14170",0,0,0,0,0,0
"100568459",0,1,1,0,0,2
"72284",372,368,342,298,393,316
"12443",3062,2128,2232,2832,2303,2208
"100040049",0,2,4,1,3,1
"233979",253,141,176,206,155,136
"211577",84,77,55,70,73,63
"211578",1,4,4,3,2,4
"100039479",0,0,0,0,0,0
"100039499",0,0,0,0,0,0
"16337",1783,1330,1197,1555,1035,1437
"319493",0,0,0,0,0,0
"102098",604,565,508,544,519,511
"69129",121,81,86,95,114,94
"76406",2,0,6,1,0,2
"140482",426,353,425,382,456,406
"94178",565,419,553,506,526,433
"50767",628,462,489,451,399,459
"546049",56,49,49,71,74,49
"69697",13,13,8,24,8,10
"67439",555,474,491,510,502,472
"100503890",121,95,87,96,97,88
"18545",2,5,0,1,3,0
"20911",103,85,100,82,81,75
"57264",0,0,0,0,0,0
"69189",0,0,0,0,0,0
"100503924",1,0,1,0,0,2
"66682",803,705,656,740,703,615
"14128",1,0,0,0,0,0
"75863",0,0,0,1,0,0
"170786",0,0,0,0,0,0
"170780",0,0,0,0,0,0
"170779",0,0,0,0,0,0
"69165",0,0,0,0,0,0
"170776",3,0,2,0,1,0
"69142",0,0,0,0,0,0
"70192",0,0,0,0,0,0
"78899",0,0,1,0,1,0
"213027",227,177,157,201,135,182
"100503956",318,257,281,300,234,224
"73072",17,11,16,16,13,10
"72267",8,7,11,3,6,8
"26400",1474,1235,1246,1361,1235,1138
"100044509",16,12,17,17,16,4
"102209",456,372,394,373,402,371
"330695",196,140,148,153,213,154
"21856",1178,941,999,1084,1043,930
"15568",1284,972,1071,1117,1148,1118
"20300",91,58,67,87,73,58
"67260",210,141,184,166,149,150
"233987",128,124,115,133,125,110
"100862276",0,0,0,0,0,0
"20419",6,5,6,5,3,1
"622568",0,0,0,1,0,0
"669393",1,1,0,1,2,0
"20494",0,0,0,0,0,0
"320406",1,1,4,3,1,0
"13642",408,285,295,356,369,305
"66719",0,0,0,0,0,0
"234023",1074,806,1071,993,1002,827
"71249",0,1,0,0,0,0
"270028",0,1,2,0,1,1
"319583",511,355,342,373,348,329
"68904",619,456,479,600,460,496
"24099",14,6,7,3,8,8
"244281",5,3,7,6,4,3
"320014",0,0,0,0,0,0
"71624",1,0,0,0,3,0
"665306",4,0,5,3,2,2
"384783",87,54,59,96,60,75
"619321",0,1,1,1,0,0
"12826",13983,9049,9844,12601,9533,10438
"12827",9513,6419,6762,8606,6443,6832
"19332",13,15,14,15,10,17
"100504175",1,0,0,0,0,0
"102132",9,8,7,4,2,6
"69225",755,559,565,618,672,530
"71941",327,255,244,285,269,270
"26356",603,460,476,515,540,511
"102334",4063,3089,3290,3533,3237,2789
"76413",11,10,3,5,6,1
"665271",7,0,0,0,2,0
"624710",12,9,5,15,5,6
"54126",1707,1388,1343,1574,1309,1290
"75528",1,0,0,0,0,0
"619290",0,0,0,0,0,0
"434280",0,0,1,1,0,1
"434279",0,0,0,0,0,0
"20664",0,1,0,0,0,0
"78634",0,0,0,0,0,0
"259279",467,312,349,375,324,334
"100038554",0,0,0,0,0,0
"50770",2322,1779,1522,2127,1372,1846
"100504249",0,0,0,1,0,1
"100862362",0,0,0,0,0,0
"17207",194,145,153,202,179,164
"14068",0,4,2,3,2,0
"14058",0,0,0,0,0,0
"66901",34,21,24,30,19,33
"234069",381,272,297,377,276,288
"99375",4875,3968,3994,4310,3865,3755
"16783",15468,12555,12269,13758,12434,11984
"66790",334,319,314,315,309,242
"100316713",13,14,9,13,7,8
"78335",178,124,176,130,122,131
"234072",1199,1100,1111,1111,1072,1143
"102323",1079,932,801,832,851,786
"234076",1619,1287,1265,1461,1349,1389
"21781",1567,1234,1269,1356,1128,1267
"11945",0,0,0,1,0,0
"24013",3,1,0,1,0,0
"272465",1,1,0,0,0,1
"14456",2071,1486,1670,1864,1939,1585
"66501",0,0,2,5,2,2
"19414",1150,941,961,1067,892,872
"403185",0,0,0,0,0,0
"69957",1327,1059,1139,1197,1123,1046
"67031",328,272,303,337,356,261
"231201",0,0,0,0,1,0
"101994",638,554,464,604,485,484
"66423",314,251,270,243,302,214
"66822",514,359,406,385,406,347
"72148",245,206,200,189,217,165
"234086",234,180,199,216,193,175
"244310",18,24,15,15,6,9
"26889",435,330,360,372,345,313
"100862377",0,0,0,2,0,0
"234094",545,406,410,486,377,431
"74901",105,108,119,98,81,72
"434285",9,4,7,4,6,8
"17930",31164,24794,20862,27177,20448,23845
"94109",33,23,23,29,17,22
"100526464",0,0,0,0,0,0
"244329",205,184,161,167,149,157
"11601",11,4,8,10,8,10
"52123",748,571,627,570,640,599
"319581",0,2,1,2,0,1
"360217",0,0,0,0,0,0
"353320",0,0,0,0,0,0
"360212",0,0,0,0,0,0
"360214",0,0,0,0,0,0
"77674",0,0,0,0,0,0
"360211",0,0,0,0,0,0
"546038",0,0,0,0,0,0
"78128",0,0,0,0,0,0
"244332",0,0,0,0,0,0
"56519",0,0,0,0,0,0
"654452",0,0,0,0,0,0
"116746",0,0,0,0,0,0
"574081",0,0,0,0,0,0
"81007",0,0,0,0,0,0
"27358",0,0,0,0,0,0
"654456",0,0,0,0,0,0
"244334",0,0,0,0,0,0
"246080",0,0,0,0,0,0
"626415",5,1,10,4,4,2
"100861725",22,8,32,17,19,16
"547150",837,589,697,757,651,523
"100040599",1,0,3,3,2,3
"381598",575,401,367,457,337,374
"100861745",6,4,2,5,3,3
"100861634",229,143,162,186,149,149
"100861653",641,476,422,529,376,395
"100861668",6,1,2,2,4,6
"654455",0,0,0,0,0,0
"654453",0,0,0,0,0,0
"100041654",0,1,0,0,0,0
"574083",0,0,0,0,0,0
"503556",0,0,0,0,0,0
"66298",0,0,0,0,0,0
"497114",0,0,0,0,0,0
"100041688",0,0,0,0,0,0
"13236",0,0,0,0,0,0
"634825",0,0,0,0,0,0
"100038927",0,0,0,0,0,0
"382059",0,0,0,0,0,0
"13226",0,0,0,0,0,0
"100041759",0,0,0,0,0,0
"100041787",0,0,0,0,0,0
"13237",0,0,0,0,0,0
"13239",0,0,0,0,0,0
"100041811",0,0,0,0,0,0
"13218",0,0,0,0,0,0
"100294660",0,0,0,0,0,0
"100505096",0,0,0,0,0,0
"100862126",0,0,0,0,0,0
"665927",0,0,0,0,0,0
"68009",0,0,0,0,0,0
"100041890",0,0,0,0,0,0
"100041895",0,0,0,0,0,0
"626682",0,0,0,0,0,0
"665956",0,0,0,0,0,0
"626708",0,0,0,0,0,0
"23855",0,0,0,0,0,0
"100041952",0,0,0,0,0,0
"727720",0,0,0,0,0,0
"382000",0,0,0,1,0,0
"503491",0,0,0,0,0,0
"13214",0,0,1,0,1,0
"387334",0,0,0,0,0,0
"13215",0,0,0,0,0,0
"246085",0,0,0,0,0,0
"246079",0,0,0,0,0,0
"246081",0,0,0,0,0,0
"246082",0,0,0,0,0,0
"246084",0,0,0,0,0,0
"246083",0,0,0,0,0,0
"97476",0,0,0,0,0,0
"67929",0,0,0,0,0,0
"11979",7,7,7,2,5,0
"207958",274,211,208,238,192,203
"330721",0,0,0,1,0,0
"23954",37,22,29,34,27,23
"80986",82,75,61,69,42,64
"70160",864,640,656,727,681,613
"56229",17,18,20,11,15,16
"234129",0,0,1,0,0,0
"18408",270,153,226,201,223,180
"69108",7,1,0,2,2,4
"57312",590,487,517,556,547,476
"102032",197,143,148,175,163,187
"20516",3843,3267,3347,3526,3315,3474
"100502938",46,28,40,39,34,16
"22335",2721,2153,2349,2457,2403,2152
"234130",0,0,0,0,0,0
"18970",686,590,582,659,564,526
"68074",31,17,26,19,26,13
"16150",1058,844,857,850,747,755
"18791",450,268,369,300,291,310
"64933",273,175,218,254,195,215
"244349",1425,1011,787,1190,759,1008
"11733",9628,7971,8231,8225,8279,7684
"723876",6,15,7,8,6,3
"100526510",0,0,0,0,0,0
"74561",0,1,0,2,0,0
"102247",2005,1627,1683,1748,1665,1639
"109145",313,243,208,229,247,234
"57437",1292,943,1090,1144,1170,1062
"20377",11,4,15,20,6,8
"320158",9,7,9,20,13,5
"208924",0,0,0,0,0,0
"69068",131,103,127,138,96,80
"209176",0,0,0,1,1,1
"15930",1,0,0,0,0,0
"13524",0,0,2,1,0,0
"11497",1,0,0,0,2,0
"11499",5,0,1,3,2,5
"353188",6,4,7,4,5,3
"11502",3510,2519,2522,2849,2268,2486
"69742",765,593,617,638,660,528
"330723",0,2,1,2,1,1
"83436",929,745,761,818,718,775
"320165",1400,1065,1056,1185,1067,1038
"74489",1,2,1,1,0,0
"14182",3623,2621,2984,3360,3122,2719
"270035",121,96,96,91,98,107
"234135",1106,764,754,870,709,744
"71910",276,224,245,252,277,241
"72108",474,390,381,403,367,343
"100503003",0,3,2,1,3,2
"67384",234,154,183,193,179,169
"67207",166,142,168,150,171,141
"100503027",2,1,0,1,0,0
"20845",83,44,45,52,47,32
"23808",1157,966,928,1104,1039,959
"16532",9,1,3,5,6,4
"52120",621,425,411,530,482,474
"74653",610,464,526,563,504,563
"14272",1235,1011,1001,1041,1138,959
"320191",1994,1259,1066,1725,1092,1307
"77733",770,554,508,634,497,500
"73754",181,166,165,170,179,171
"72316",2,1,2,2,2,3
"353310",1688,1391,1619,1775,1655,1489
"244373",1162,819,817,1002,823,856
"114863",1093,961,950,1017,985,924
"78560",277,223,247,267,196,191
"66653",257,223,205,233,216,220
"75767",290,210,227,260,205,212
"71082",2,0,0,0,0,0
"76615",0,1,0,1,4,0
"11556",2,0,3,2,1,4
"13685",889,676,836,938,920,783
"732482",0,0,2,0,0,0
"541463",0,0,0,0,0,0
"108043",0,0,0,0,0,0
"11440",0,1,0,0,0,0
"70952",0,0,0,0,0,0
"382003",0,0,0,0,1,0
"666422",0,0,0,0,0,0
"210801",2,9,2,4,5,2
"71314",0,0,0,0,0,0
"66959",3,1,4,1,2,4
"100316666",0,0,0,0,0,0
"68867",689,513,589,678,616,535
"100217422",1,0,0,0,0,0
"234138",337,261,300,307,286,303
"67920",760,536,565,671,587,545
"171167",172,94,109,123,120,131
"74517",0,0,1,1,1,0
"211323",61,54,34,67,45,35
"666589",18,4,4,8,9,8
"546052",24,20,34,29,33,22
"100042715",0,0,0,0,0,0
"22427",131,82,83,106,68,86
"75029",129,111,83,115,103,109
"319688",2,0,1,2,1,4
"628431",0,0,0,0,0,0
"104271",14,9,2,9,5,6
"19053",640,520,599,606,619,529
"108159",158,103,94,141,124,118
"14782",515,391,439,463,428,415
"100504592",0,0,0,0,1,0
"68153",402,328,336,369,386,336
"72632",1,2,0,1,0,1
"19663",120,73,86,98,100,95
"22428",764,613,631,727,705,590
"234155",2,5,1,2,1,0
"68192",868,744,765,863,695,705
"67887",2898,2336,2471,2479,2597,2336
"234159",0,0,0,0,0,1
"330734",0,3,1,1,1,0
"319520",532,446,341,500,457,447
"100861989",155,99,140,144,134,118
"21951",1466,974,787,1326,793,994
"244416",157,126,135,117,127,125
"100504696",1,1,0,0,2,1
"67276",324,256,267,290,265,256
"100504714",16,16,18,14,14,13
"52065",1497,1267,1246,1360,1254,1321
"100502846",34,29,26,30,29,22
"71908",0,1,6,1,2,3
"330737",0,1,1,2,3,1
"671641",289,225,220,246,287,238
"244418",388,314,284,390,326,337
"244421",258,182,193,249,213,177
"319582",0,0,0,0,0,0
"50768",310,220,171,216,194,201
"100502599",0,0,0,0,0,0
"621080",48,28,40,22,41,26
"244431",0,0,0,0,0,1
"723860",0,0,0,0,0,0
"80286",569,398,414,485,524,443
"621335",0,0,0,0,0,0
"20288",3,2,1,0,4,1
"80857",0,0,0,0,0,0
"78506",142,95,93,108,99,97
"70546",13,17,12,25,13,22
"18983",895,737,796,804,759,753
"52348",1141,850,851,1049,915,866
"54384",34,23,29,21,32,23
"100039179",0,0,0,0,0,0
"13526",0,0,0,0,0,0
"23793",0,0,0,0,0,0
"384806",0,0,0,0,0,0
"546055",0,0,0,0,0,0
"11988",514,411,345,494,320,384
"68797",56,40,55,44,54,32
"102103",142,79,67,107,98,104
"78849",0,0,0,0,0,0
"234199",1,2,2,1,2,0
"18536",2271,1615,1385,1898,1233,1535
"11886",3325,2350,2475,2878,2555,2471
"14300",603,429,444,505,517,415
"69966",0,0,0,0,0,0
"244448",0,0,0,0,0,0
"622117",0,0,0,0,0,0
"22702",0,0,0,0,0,0
"382007",0,0,0,0,0,0
"13525",0,0,0,0,0,0
"384813",0,0,0,0,0,0
"252866",0,0,0,0,0,0
"384814",0,0,0,0,0,0
"14107",4641,2998,2191,3787,2028,3372
"100039673",2,0,2,3,1,1
"434310",0,0,1,0,0,0
"17773",2,0,2,5,5,3
"622523",0,0,0,0,0,0
"109821",0,0,0,0,0,0
"16621",0,1,0,0,1,0
"102294",70,51,67,86,57,44
"212326",287,239,224,265,237,227
"142980",47,47,43,42,45,47
"100503309",0,0,1,0,1,1
"234214",4627,3527,3363,4008,2872,3378
"100861925",3,5,3,1,1,0
"319940",45,26,45,28,11,19
"53318",15251,13058,13516,12993,12771,12701
"212392",4,3,6,6,4,3
"69479",26,16,21,30,35,23
"192169",772,640,642,661,665,667
"654824",68,45,93,69,83,77
"67620",76,75,46,58,52,42
"102141",232,182,212,230,183,173
"66756",465,360,342,451,384,339
"11739",14902,12272,12718,12867,13488,12349
"234219",0,0,0,0,0,0
"14081",1930,1637,1443,1519,1405,1469
"71876",5,7,6,8,8,1
"408022",132,67,103,109,91,98
"12367",523,410,356,380,376,342
"100503498",3,1,2,4,1,1
"16363",249,195,214,259,210,228
"320981",5,6,6,11,8,5
"71069",810,548,440,666,479,520
"320714",1108,915,849,999,862,845
"192174",639,464,524,599,552,547
"667422",10,6,8,10,16,12
"69260",196,158,149,190,169,145
"70925",247,188,207,216,208,173
"100039801",1,0,3,1,0,0
"75677",3,4,3,3,4,1
"52357",1068,762,699,841,662,751
"320685",107,85,92,87,82,84
"23965",460,359,289,409,297,364
"100503519",0,0,0,0,1,1
"75359",0,0,0,0,0,0
"100039954",0,0,0,0,0,0
"100040220",660,506,594,565,642,478
"11593",659,438,474,547,544,463
"234258",2,2,1,1,1,0
"22341",293,212,209,246,250,222
"76687",1948,1485,1478,1712,1501,1485
"76294",5088,4274,4182,4183,3938,3716
"69281",2,0,2,1,0,0
"244484",9,7,11,8,9,10
"234267",13,11,7,13,11,3
"100040382",1,2,0,0,0,0
"100040392",1,0,2,1,0,0
"546212",2,1,3,1,0,0
"100862163",1,1,0,2,0,0
"547103",6,3,5,3,0,2
"100862197",0,0,0,0,0,0
"100862211",3,3,9,0,0,0
"100862226",0,2,0,0,0,0
"100862234",4,1,2,2,0,0
"100862253",1,2,1,0,1,0
"100862263",3,8,2,0,0,3
"100862272",4,8,3,0,1,4
"100862298",0,0,0,0,0,0
"100862312",0,0,0,0,0,0
"100862322",0,0,0,0,0,0
"100862327",0,0,0,0,0,0
"382364",1,0,0,1,0,0
"664876",0,0,0,0,0,0
"244486",0,0,0,0,0,0
"110304",0,0,0,1,0,0
"15446",23,20,12,19,13,9
"382010",175,110,135,153,129,123
"50753",395,424,365,380,384,362
"15111",1,0,2,1,2,4
"20284",0,0,0,0,0,0
"60406",434,343,443,371,455,349
"100862010",1,0,0,0,0,0
"97165",59,40,45,43,48,36
"108150",143,105,105,105,93,76
"100502593",0,0,0,0,0,0
"100502619",2,2,3,0,3,3
"270049",2,0,2,2,1,1
"100040711",0,0,1,0,0,0
"100271928",0,0,0,0,0,0
"234290",0,0,0,1,0,0
"330776",1,0,0,0,0,0
"23923",1,1,2,2,1,0
"71306",3488,2852,2530,2879,2235,2567
"72612",232,158,212,203,199,157
"12725",930,700,726,846,621,720
"320383",1,1,1,1,2,4
"18004",407,289,254,305,265,290
"59009",684,566,532,632,517,572
"69279",0,0,1,0,0,0
"100502680",8,10,8,7,7,6
"234309",210,175,175,188,201,164
"72333",14500,11271,9157,13020,9155,10193
"75111",392,314,257,356,337,242
"234311",40,29,14,36,15,35
"26359",0,0,2,0,1,0
"72902",5,4,9,1,2,7
"244495",0,0,0,0,0,0
"21892",204,105,103,148,106,110
"735270",0,0,0,0,0,0
"12876",2399,1803,2068,2232,2170,1875
"66234",1777,1226,1333,1524,1440,1412
"77113",451,348,341,447,412,395
"73067",254,190,227,287,283,220
"333307",2,0,0,0,2,2
"234329",0,0,0,0,0,0
"260296",0,0,0,0,0,0
"100038489",0,2,1,0,0,0
"407795",0,0,0,0,0,0
"72925",6,7,5,11,5,5
"100503651",0,0,0,0,0,0
"66282",272,226,202,222,232,218
"74419",0,1,0,0,0,0
"18168",0,0,1,1,0,1
"18166",28,20,19,33,23,22
"234344",204,154,192,241,209,207
"17960",0,0,0,0,0,0
"17961",34,18,33,25,24,23
"17962",0,2,2,0,0,2
"234353",662,504,378,572,360,459
"72281",103,89,65,116,82,87
"234356",391,229,262,320,257,304
"73609",2,2,0,1,2,0
"70885",346,351,299,340,319,304
"16956",382,292,268,216,244,179
"100861638",0,0,0,0,2,1
"110877",26,14,15,22,21,19
"11966",1553,1304,1108,1528,1245,1185
"100861650",0,0,0,0,0,0
"211134",187,142,152,177,139,118
"234358",196,123,142,144,159,119
"211135",6,6,1,10,6,7
"378466",176,133,104,142,100,134
"670593",0,0,0,0,0,0
"665578",0,0,0,0,0,0
"234362",156,141,155,158,131,120
"636741",39,28,18,30,27,30
"66869",339,270,315,331,289,261
"620419",63,48,72,57,59,66
"330788",290,222,251,261,236,252
"170759",1116,849,902,947,937,832
"78816",363,268,284,282,247,242
"53978",50,27,34,53,44,29
"80720",34,27,28,25,28,14
"68709",487,460,583,396,453,384
"234365",35,37,38,37,51,34
"67184",2953,2525,2565,2580,3037,2505
"83984",13,16,15,14,6,5
"234366",2093,1768,1671,1928,1715,1607
"665649",253,277,263,315,290,288
"74549",1527,1181,1205,1246,1110,959
"70616",753,587,547,615,548,595
"107770",8,5,9,6,5,6
"100861688",0,0,0,0,0,0
"330790",123,101,86,106,70,87
"13004",2,2,2,1,2,0
"19727",152,105,157,134,105,112
"75692",16,12,24,15,24,9
"72368",381,283,291,358,300,296
"17259",4,0,3,0,1,2
"234371",2331,1915,1900,1869,1829,1700
"73095",182,143,139,122,136,112
"76813",298,283,294,292,301,261
"234373",1136,935,941,986,858,851
"100503831",0,0,0,2,0,0
"26558",539,391,426,448,478,422
"234374",564,487,491,535,476,418
"59042",2037,1745,1902,1882,1876,1677
"14559",0,0,0,0,0,0
"93898",0,0,0,0,0,0
"19704",1806,1406,1436,1599,1500,1365
"12845",17,9,15,24,14,4
"382056",737,608,587,688,662,587
"234378",686,588,604,576,566,505
"67937",10,5,5,4,5,5
"12931",491,320,474,445,439,387
"66462",641,586,646,629,743,575
"22186",6759,5696,5874,6064,6684,5956
"75620",441,453,413,456,454,393
"14232",3049,2566,2763,2756,2936,2534
"13716",418,315,368,340,356,308
"71780",2223,1975,2250,1789,2076,1885
"76900",435,420,486,501,533,426
"211228",0,1,0,0,0,0
"23886",138,123,102,154,164,115
"66522",1060,844,819,862,800,807
"50783",613,460,487,518,588,459
"16478",1508,1342,1620,1759,2125,1596
"637079",1,5,1,0,3,1
"100502950",0,0,0,0,0,0
"110385",1,7,1,0,0,2
"19339",822,725,771,750,747,723
"234384",229,169,199,239,271,221
"65972",238,191,215,263,278,218
"18709",1651,1359,1419,1642,1352,1353
"72093",99,84,87,125,114,84
"546071",948,730,809,794,803,710
"16161",1,2,5,6,7,3
"70807",74,50,61,49,50,54
"84036",71,59,58,86,80,88
"442796",0,0,0,0,0,0
"234388",1510,1173,1359,1320,1380,1225
"114479",9,8,13,8,14,18
"76808",6934,5592,5694,6220,6608,5802
"104370",4,1,5,2,2,0
"270058",1593,1156,1299,1401,1264,1201
"100316777",0,0,0,0,0,0
"665828",17,14,15,17,18,7
"69419",0,0,0,0,0,0
"100042057",0,0,0,0,0,0
"76478",507,411,394,495,471,503
"17925",1932,1239,1355,1699,1274,1231
"67023",1213,1004,1000,1021,1203,959
"77090",74,70,66,85,82,59
"13864",657,577,722,807,881,677
"234395",2,0,2,4,1,1
"68251",1229,1074,1062,1087,1089,1064
"234396",2,4,0,1,0,6
"64296",666,493,506,561,550,502
"94065",320,261,284,307,303,265
"66498",1682,1338,1314,1540,1544,1300
"382014",868,670,789,759,766,735
"70359",214,176,237,227,219,181
"84094",9,4,12,12,9,4
"665928",0,0,0,2,0,0
"69550",186,155,199,180,159,217
"73711",323,232,320,316,317,293
"434325",1,0,3,1,2,3
"234404",0,0,0,0,0,0
"26457",274,179,262,216,243,184
"100861736",12,15,13,12,18,15
"66171",193,157,193,195,174,172
"100861739",4,3,8,6,4,5
"100037278",26,16,29,34,26,18
"234407",2313,1826,1931,2118,2014,1940
"382018",75,72,80,85,87,65
"16453",31,27,33,22,27,28
"16336",0,0,0,0,0,0
"72297",25,21,13,28,32,21
"74015",5,6,6,2,1,4
"236193",58,32,33,56,47,55
"382019",61,32,44,40,36,50
"170938",731,599,555,611,644,588
"234413",49,38,55,58,39,41
"72054",0,0,0,1,0,0
"404315",0,0,0,0,0,0
"258532",0,0,0,0,0,0
"258335",0,0,0,0,0,0
"326618",2950,1952,2281,2481,2237,2082
"17274",613,470,475,553,530,515
"100861754",0,1,0,0,0,0
"209488",1,0,1,0,1,0
"234421",0,0,0,1,0,1
"67922",708,526,545,634,626,514
"11767",857,637,741,800,674,693
"16598",138,73,146,128,128,95
"13859",899,680,783,886,735,695
"73316",42,43,37,52,34,41
"72254",129,110,129,133,122,113
"27967",1787,1379,1439,1513,1306,1332
"270066",1502,1258,1197,1186,1130,1100
"100503374",28,12,16,14,15,19
"70625",191,137,174,175,158,148
"66818",2380,1943,1747,1927,1809,1753
"74166",12232,10205,10432,10331,9973,9503
"319555",118,67,70,89,67,65
"20467",2006,1565,1648,1740,1755,1550
"14065",25,23,26,16,16,9
"16795",1988,1534,1539,1842,1529,1697
"100628574",0,0,0,0,0,0
"71597",0,0,0,1,0,0
"70823",297,214,231,233,232,215
"21968",1432,1169,1212,1473,1314,1284
"15368",2303,1689,1724,2720,2622,2252
"17218",71,48,55,53,34,62
"75141",1,4,4,5,0,4
"666211",22,13,11,13,14,16
"71831",0,0,0,0,0,0
"100039211",0,3,2,1,2,1
"110784",181,167,141,149,110,159
"100503998",0,0,0,0,0,0
"78514",2034,1678,1739,1900,1738,1632
"70345",9,5,5,15,15,9
"102182",209,178,163,195,210,182
"234463",852,647,662,771,652,663
"67357",0,0,0,0,0,0
"13617",153,150,124,171,141,139
"73301",0,0,0,0,0,0
"18997",0,0,0,0,0,1
"100039422",18,13,16,29,28,18
"19656",736,600,665,695,660,606
"76775",153,82,107,96,96,81
"78651",531,387,445,452,450,422
"622675",415,299,334,430,361,342
"67687",0,0,0,0,1,0
"109136",150,118,143,132,133,114
"234479",9,5,8,15,4,4
"17125",727,591,611,719,667,640
"73945",3621,2628,2476,3068,2517,2687
"24015",3535,2788,2710,2969,2608,2765
"68999",231,196,144,205,153,166
"100504383",0,0,0,0,0,0
"15245",2,1,0,1,1,0
"14934",0,0,0,0,0,0
"74709",0,0,0,0,0,0
"333315",0,0,0,3,0,0
"93762",1777,1409,1415,1479,1501,1356
"14388",464,329,349,398,336,386
"100504605",0,0,0,0,0,0
"74841",1055,778,737,892,714,825
"234515",2545,1997,1432,2158,1308,1756
"16168",56,52,35,43,36,37
"30932",680,547,553,650,631,483
"330812",175,111,102,165,136,112
"71310",181,128,114,143,119,127
"22227",0,0,0,0,0,0
"244548",360,266,263,313,273,260
"67555",0,0,0,0,0,0
"12745",2,1,0,2,0,0
"56367",897,729,732,870,776,687
"258267",0,0,0,0,0,0
"66916",1895,1687,1670,1737,1837,1519
"106529",9416,7683,7697,8373,8389,7654
"81489",742,532,546,604,605,495
"67903",1096,870,890,916,1058,851
"19216",1249,1022,1028,1044,1010,886
"320795",1900,1541,1299,1667,1238,1331
"68278",1291,1110,1129,1064,1052,1059
"26364",2676,1946,2141,2351,2004,2005
"330814",980,683,865,785,761,782
"100126034",7,6,8,11,10,2
"66929",161,131,115,137,135,117
"18747",10777,8806,8827,9593,9465,9393
"100862267",0,0,0,0,0,0
"666704",366,285,386,350,402,357
"73453",11,8,18,11,12,5
"70134",48,48,33,47,52,33
"100316677",0,0,0,0,0,0
"74337",442,298,302,350,333,277
"50931",5,3,1,4,2,4
"212108",0,0,0,3,0,0
"100038416",34,15,25,22,25,26
"442802",33,21,15,22,21,12
"19724",277,195,230,243,237,199
"735271",0,1,0,0,0,0
"212123",341,265,288,312,289,280
"244550",17,11,17,32,15,10
"212139",1025,801,768,819,737,760
"74666",5,5,14,7,5,11
"244551",2,2,9,4,2,1
"100049549",0,0,2,0,0,0
"723819",0,0,0,0,0,0
"387216",8,13,10,11,8,4
"387220",7,4,6,2,10,4
"723960",19,9,17,17,18,9
"100526528",0,0,0,0,0,0
"212168",830,645,636,692,626,630
"101966",1843,1456,1549,1616,1691,1474
"67873",251,205,231,251,262,192
"67736",206,201,210,203,224,187
"12286",238,196,212,202,203,216
"15936",2097,1686,1932,1940,1919,1487
"66830",2600,2178,2157,2282,2055,2100
"212528",843,633,768,766,766,661
"17095",1,7,8,2,5,3
"18032",3404,2767,2936,2984,2639,2970
"619292",2,1,4,3,3,1
"23863",145,135,132,126,166,124
"100503665",1,0,0,0,1,0
"102060",633,562,604,652,733,595
"19358",1748,1478,1506,1541,1564,1441
"12317",8206,6072,6310,7172,6103,5647
"73619",2,1,4,1,1,1
"66590",1214,1036,962,1052,1040,878
"71846",19,9,14,11,16,11
"270076",388,335,367,339,344,290
"16596",4,4,1,3,2,6
"13423",308,223,249,230,255,184
"56527",93,54,93,89,81,54
"100503676",10,9,13,15,7,10
"234542",13,15,11,6,9,9
"69724",231,203,204,191,198,181
"21672",3542,2812,2921,3129,3172,2757
"16477",3140,2672,3187,3102,3166,2560
"170833",322,232,293,262,277,223
"212989",1,0,0,0,0,0
"56495",1152,907,872,931,909,823
"68544",1044,917,1142,1186,1313,1038
"212999",1568,1019,1138,1288,1115,1083
"320466",13,3,11,10,7,7
"68628",244,166,193,190,205,177
"436049",0,1,5,1,6,3
"330817",366,268,302,316,301,259
"67836",457,417,418,440,423,397
"414077",632,517,500,555,584,545
"17159",681,532,562,635,577,535
"244556",28,14,15,16,28,18
"624855",0,0,0,0,0,0
"258858",0,0,0,0,0,0
"65114",3514,2680,2652,3077,2643,2512
"56452",132,88,92,103,88,80
"213435",26,26,20,27,26,22
"66714",453,378,421,418,386,404
"108682",1200,986,908,1117,1051,910
"56445",5862,4542,4731,5109,4733,4384
"74513",42,23,25,45,31,42
"71927",1461,1065,1145,1250,1167,1145
"102093",2540,2081,1940,2280,1726,1987
"244562",0,0,0,0,0,0
"66887",1816,1454,1512,1579,1514,1459
"20437",291,259,218,243,249,225
"666945",1,6,9,2,10,5
"80750",1241,980,844,1021,800,969
"100038706",0,0,0,3,0,0
"100503751",0,0,0,0,0,0
"12404",2,1,1,2,1,3
"100040294",9,5,11,4,7,10
"330820",0,0,0,0,0,0
"94187",34,26,28,32,22,26
"382030",776,594,590,639,599,516
"234549",1217,1050,1015,1059,1077,995
"77265",6,6,7,9,16,2
"214627",903,650,632,800,634,638
"100503817",0,0,0,1,1,0
"11513",1402,1068,1100,1092,997,1071
"26992",2179,1923,1795,1895,1908,1789
"93960",36,32,19,36,29,30
"71607",4,0,1,2,8,1
"100862404",0,0,0,0,0,0
"257632",92,61,80,78,62,57
"74256",2145,1742,1657,1822,1471,1603
"58198",2,2,3,1,3,5
"100041089",0,0,0,0,0,1
"625801",0,0,0,0,0,0
"244579",4,4,4,2,1,3
"100503868",0,0,0,0,0,0
"109151",521,363,353,443,268,376
"19651",840,628,643,746,605,674
"14339",1027,866,886,838,826,864
"244585",369,313,247,334,239,275
"26383",3647,2909,2896,3136,2748,2801
"320798",1,0,1,0,3,0
"16373",568,463,512,574,560,403
"71296",75,72,94,87,90,82
"54352",151,121,145,165,165,124
"64379",0,0,0,0,0,1
"17390",1434,885,983,1214,1060,888
"270084",11,13,7,8,8,7
"69543",0,0,3,0,0,0
"20538",0,0,1,0,0,0
"244595",5,4,6,1,10,4
"382044",0,0,0,0,0,0
"13884",0,0,0,0,0,0
"104158",4,0,1,6,1,0
"13897",0,0,0,0,0,0
"234564",6,0,6,4,6,4
"12623",1,1,1,4,1,2
"75704",1,0,0,0,0,0
"67935",0,0,0,0,0,0
"14681",374,346,339,353,285,333
"75809",0,0,0,0,0,0
"23802",3135,2523,2438,2814,2401,2529
"100861639",0,0,0,0,0,0
"68219",220,166,174,203,177,221
"100861643",0,0,0,0,0,0
"270086",1038,844,763,898,728,798
"67378",205,175,145,152,138,140
"17752",0,0,0,1,0,0
"17751",35,34,35,38,45,26
"17750",473,341,402,743,807,639
"17748",743,539,611,1044,1206,986
"71805",1438,1102,1166,1113,1073,992
"723956",0,0,0,0,0,0
"20497",3,4,1,1,0,1
"64209",3217,2664,2819,2731,2783,2456
"320377",0,0,0,0,0,0
"434341",22,20,23,21,17,23
"234577",994,857,894,844,895,862
"102122",847,618,613,668,684,663
"67610",471,367,322,384,324,356
"107566",1735,1429,1417,1498,1582,1477
"67801",5,2,3,6,0,4
"20299",3,0,0,0,0,0
"20312",234,182,180,165,166,180
"100861664",0,0,0,0,0,0
"20295",10,3,1,2,0,0
"109006",419,373,338,412,350,352
"67914",1887,1714,1634,1770,1706,1692
"20021",916,842,840,901,823,721
"114255",110,88,90,106,112,106
"234582",360,251,292,316,351,248
"382045",2,1,2,2,0,0
"14766",583,455,547,521,476,507
"54672",2,8,4,2,0,0
"330830",1,0,1,1,0,0
"74187",678,555,507,540,510,509
"16582",1309,1061,1078,1048,1051,954
"333329",37,28,24,38,20,36
"73407",3,1,0,0,0,0
"79233",567,426,467,517,444,435
"101985",323,254,273,293,301,270
"17388",2485,1914,1850,2381,1892,1967
"14894",338,237,294,301,300,300
"13000",1170,867,851,934,922,799
"244608",0,0,2,5,2,0
"70993",0,0,0,0,1,1
"78833",91,88,72,68,62,63
"234593",16696,14336,16263,12484,13109,13827
"66083",269,256,297,262,222,231
"234594",2271,1806,1498,2078,1412,1577
"319960",21,14,14,20,5,12
"100041953",507,421,444,461,464,402
"234595",423,330,328,328,343,301
"14719",6814,5733,5708,5860,5403,5565
"100499527",0,0,0,0,0,0
"12564",0,0,0,0,0,1
"234624",0,0,0,0,0,0
"100042069",351,262,303,349,320,292
"100504084",491,323,382,377,427,399
"12552",1712,1130,1329,1624,1203,1244
"100504119",3,0,0,0,0,0
"71058",0,0,0,0,0,0
"12562",7,6,4,7,5,10
"100861701",0,0,0,3,0,1
"65115",76,74,81,56,75,83
"57813",214,145,160,171,179,156
"75458",28,21,27,36,33,30
"320206",32,13,22,20,11,18
"73381",0,0,0,0,0,0
"100504164",0,0,0,0,0,0
"75502",0,0,0,0,0,2
"68119",431,271,332,378,360,345
"97487",525,397,344,535,364,415
"234663",4640,3567,3556,3839,3398,3287
"320022",31,15,16,17,24,16
"234664",1025,854,817,909,910,756
"12354",20,21,22,14,21,29
"628007",0,0,0,0,0,0
"382051",190,143,136,156,163,144
"12556",5,5,4,4,6,4
"56437",1478,1393,1503,1467,1861,1428
"68523",558,531,555,532,607,516
"102022",0,0,0,0,0,0
"442809",0,0,0,0,0,0
"234669",6,7,4,0,2,4
"234671",59,45,60,37,57,29
"667754",82,53,74,51,85,50
"234673",37,21,10,19,38,24
"71903",0,0,1,1,0,2
"72361",45,21,31,51,31,37
"436059",0,0,0,0,0,0
"382053",0,0,0,0,0,0
"13909",1,0,2,0,0,1
"234677",0,0,1,4,3,0
"12400",3153,2355,2520,2749,2548,2227
"234678",438,412,386,453,429,350
"97440",73,60,63,89,93,57
"71609",143,103,118,131,126,105
"50788",83,72,70,59,81,76
"26386",216,171,204,198,215,160
"78688",907,741,764,873,822,716
"74356",151,108,117,120,113,94
"277978",136,105,106,138,126,104
"100504307",27,15,25,24,25,21
"104394",1190,995,1045,1073,1059,937
"234683",100,88,85,83,93,49
"723841",0,0,0,0,0,0
"234684",30,20,25,22,23,11
"66320",345,260,290,268,328,237
"234686",456,324,418,349,302,292
"277973",124,85,99,98,116,74
"102075",24,16,38,20,22,6
"279499",1,0,2,0,0,2
"270091",0,0,0,3,0,0
"67971",908,708,789,857,901,778
"70796",258,212,252,216,238,194
"15484",19,10,22,13,13,9
"11972",1439,1102,1135,1289,1283,1132
"11604",14,7,12,5,9,7
"667846",103,82,98,105,92,98
"75687",3281,2664,2524,2868,2272,2286
"100316712",0,0,0,0,0,0
"546100",20,14,11,20,16,15
"13018",1149,886,871,993,874,787
"234695",20,18,14,17,16,10
"497652",214,174,192,205,231,190
"56513",153,113,176,124,150,121
"102124",93,83,87,65,100,71
"71046",3,1,2,2,2,0
"70575",156,108,112,127,156,131
"74334",1774,1384,1368,1495,1286,1240
"72236",1,6,2,1,1,2
"320394",190,139,149,171,163,129
"59016",554,470,533,533,555,526
"68051",587,436,497,461,544,368
"100504368",5,10,6,7,5,1
"234699",1816,1422,1411,1502,1339,1369
"234700",2,0,2,1,2,6
"244631",513,348,432,507,468,430
"109660",6,5,5,6,3,1
"19171",280,218,202,246,272,252
"16816",15,11,20,15,15,7
"20498",2141,1544,1828,1889,1724,1647
"71854",0,0,0,0,0,0
"319446",0,1,0,1,0,1
"71986",349,305,323,320,319,318
"66369",405,303,328,346,342,312
"18021",1347,1036,996,1145,928,940
"77411",8,6,8,18,13,13
"69771",5,2,9,0,3,3
"192654",115,82,111,110,102,113
"100861797",0,0,0,1,2,0
"330836",751,533,575,615,495,542
"66432",333,269,335,304,314,255
"214572",716,626,623,662,648,577
"58994",21,14,12,13,16,13
"100038487",0,1,0,0,0,0
"68163",3,0,3,3,2,2
"22751",148,121,140,126,116,133
"330837",0,0,0,0,0,0
"12560",5,3,3,5,1,6
"68692",0,2,0,0,0,1
"12550",3,5,5,6,6,5
"100504495",0,0,0,0,0,0
"272538",310,245,234,249,230,197
"15118",17,8,15,8,15,6
"214987",1499,1113,1171,1356,1188,1122
"21771",1232,1051,1066,1084,999,973
"20650",350,255,214,262,216,237
"116733",1298,1073,1076,1153,1113,1114
"68023",561,398,502,520,490,517
"97484",581,475,547,530,559,518
"66164",595,497,532,519,581,562
"66269",0,0,2,0,0,0
"21750",596,554,509,575,531,494
"667847",183,160,155,186,191,175
"66427",4174,3212,3168,3424,3181,3058
"54446",2508,1672,1405,1973,1022,1557
"18104",541,370,350,552,480,449
"67619",522,484,454,483,476,414
"66894",763,582,588,624,617,562
"387158",2,1,1,1,0,0
"17463",4213,3597,3691,3629,3708,3246
"109215",2,0,0,0,3,0
"11906",797,513,487,658,576,600
"100526511",0,0,0,0,0,1
"628686",0,0,0,0,0,0
"384864",94,69,52,74,67,77
"56523",0,1,1,0,0,0
"64340",1534,1264,1183,1353,1214,1080
"234723",106,74,92,100,131,105
"15439",11,5,3,6,4,3
"56749",275,260,229,228,220,167
"244646",21,16,27,18,16,15
"71955",1120,770,895,819,813,824
"75871",202,191,195,219,201,169
"52335",925,711,573,757,591,662
"11765",1947,1444,1408,1762,1343,1407
"100217432",0,2,0,2,1,0
"244650",119,97,94,107,93,79
"73608",4,2,4,0,2,2
"234724",0,0,0,0,0,0
"26887",2,0,0,1,3,1
"234725",143,139,127,147,114,114
"12308",2,1,0,0,0,0
"234728",233,176,152,186,167,152
"244653",42,42,35,33,30,22
"100861869",0,0,0,0,0,0
"234729",1004,719,704,754,743,661
"244654",11155,9236,9316,9499,8499,8216
"76527",122,95,100,107,87,90
"101943",2265,1751,1807,2040,1684,1794
"100217465",1,0,0,0,0,0
"102339",3216,2600,2650,2923,2555,2748
"234730",198,140,190,155,163,133
"20444",1613,1267,1170,1380,1081,1284
"13680",1022,780,783,934,834,807
"234733",729,625,561,677,566,589
"100628592",0,0,0,1,0,1
"234734",4606,3789,3630,4337,3819,3878
"72544",332,230,252,292,305,220
"353287",2,2,6,1,2,2
"319518",642,495,293,544,282,433
"434350",107,71,65,61,46,72
"20340",3483,2769,2644,3257,2408,2898
"100504655",1,0,1,0,0,0
"234736",323,258,259,288,232,262
"547023",73,129,78,65,101,111
"74568",171,116,132,208,160,147
"338521",1,2,1,1,1,2
"319481",619,469,511,519,453,493
"170737",1154,911,1073,1091,1105,994
"52815",34,27,26,21,24,18
"22640",158,157,132,137,127,109
"66473",316,266,330,221,278,228
"100861890",1,0,0,0,0,0
"12927",2318,1828,1707,1975,1827,1631
"23837",839,667,687,745,776,593
"66817",51,42,24,34,29,27
"56773",0,0,1,3,1,1
"234740",128,112,107,124,97,102
"93739",1359,1058,1027,1049,1102,972
"30947",75,64,71,58,69,60
"85305",2945,2476,2431,2829,2636,2437
"57321",635,538,519,580,515,520
"627828",1987,1491,1595,1682,1871,1506
"170571",3,4,1,1,3,3
"791378",0,0,0,0,0,0
"270096",287,208,218,235,229,221
"668110",0,1,0,1,0,0
"208936",4,1,2,2,1,1
"67528",213,172,165,161,158,152
"270097",17,21,10,16,13,4
"71122",0,0,0,0,1,0
"100504738",0,0,0,0,0,0
"403395",26,14,30,40,31,20
"80707",168,146,143,180,144,111
"17132",516,372,402,378,349,340
"75465",11,8,13,6,6,11
"75796",767,579,568,659,587,561
"78213",0,0,0,0,0,0
"66531",231,181,192,191,177,200
"72155",33,20,27,23,36,19
"234776",906,784,642,764,709,761
"69528",58,56,38,46,39,26
"68133",1126,958,998,1133,1017,947
"76645",3,2,4,0,2,3
"63857",26,16,15,13,15,4
"209239",458,370,213,377,214,343
"100504395",401,259,237,296,232,225
"74440",2318,1870,1900,2150,2063,1885
"234779",329,266,282,333,262,250
"74032",21,18,13,24,28,15
"15486",1,0,0,0,0,3
"68533",257,226,217,217,235,183
"100504406",0,1,0,0,1,4
"12554",6306,5375,5220,5886,4639,5351
"68196",3045,2388,2362,2481,2698,2356
"56690",478,374,436,406,441,401
"71839",495,446,503,474,433,349
"117148",6,2,1,3,1,4
"234788",1,0,0,0,0,0
"56453",1854,1258,1388,1553,1354,1341
"72552",455,333,302,330,319,275
"68270",1,0,2,3,0,0
"21341",208,189,190,200,229,185
"628061",66,53,59,78,84,46
"75773",0,0,0,0,0,0
"66733",0,0,0,0,0,0
"67866",214,196,193,214,178,187
"69047",0,0,0,1,0,0
"74347",224,224,193,211,188,188
"72042",380,306,336,312,395,284
"234796",43,47,41,47,42,49
"22224",1085,943,878,1057,980,881
"78892",5,6,6,5,3,2
"102193",780,620,675,678,689,665
"234797",1885,1602,1458,1536,1297,1533
"436062",1,1,1,2,0,2
"382034",1558,1093,959,1473,989,1114
"272551",16,17,26,17,18,16
"100038388",5,7,4,7,7,5
"68918",8,9,17,4,17,14
"18117",436,361,393,409,386,379
"12857",9406,7768,7623,7365,7809,6909
"15900",4,4,3,2,6,2
"100503115",0,0,0,0,0,1
"68790",1,0,0,2,0,0
"15227",7,1,9,5,11,2
"234814",398,294,313,278,328,258
"14234",120,103,140,154,151,138
"14241",38,48,59,53,64,50
"76405",0,0,1,0,0,0
"72259",0,0,0,0,0,0
"76454",1224,1107,1193,1083,1059,1010
"67443",2870,2342,2405,2580,2624,2276
"142682",1270,975,877,1068,847,845
"57340",5,5,12,9,14,9
"234825",660,504,557,590,536,463
"100504526",86,55,84,75,67,47
"20539",4850,3850,3946,4648,4313,3990
"407789",7,4,5,7,2,0
"12352",0,0,0,1,1,0
"53325",494,316,367,339,404,338
"195209",536,344,307,471,299,348
"22761",891,713,734,802,770,758
"170732",1,1,0,0,1,2
"76014",1911,1657,1563,1738,1602,1572
"234836",0,0,1,2,0,1
"13057",151,91,126,107,142,110
"192156",1250,926,1001,1130,1150,1035
"100689703",197,134,140,124,147,138
"319574",2,2,3,1,2,3
"30927",164,125,198,164,150,118
"68718",824,714,735,716,788,629
"66965",356,255,287,294,313,290
"234839",5657,4197,3836,4952,3486,4308
"67177",51,48,61,74,65,41
"11821",660,629,618,648,710,558
"50917",1104,994,1042,1050,884,962
"59005",549,452,470,387,475,401
"382035",275,235,304,211,201,166
"12398",1416,1130,1354,1263,1134,1093
"319463",0,0,0,0,0,0
"382036",0,0,0,0,0,0
"257633",253,241,238,257,212,206
"12555",8980,7185,7421,8195,7354,7077
"77087",4161,3130,3039,3585,2868,2893
"100503178",135,123,159,161,135,126
"234847",2130,1651,1705,1743,1774,1684
"100861897",2,0,0,0,2,1
"270106",1992,2383,2789,3727,3530,2812
"100302565",0,1,0,2,0,0
"102278",17,11,17,14,11,11
"57429",0,2,1,1,0,2
"13479",842,663,680,684,709,669
"234852",2347,1913,1864,2049,2151,1917
"320869",21,16,19,20,16,20
"234854",431,322,372,345,373,283
"78779",34,14,39,25,21,21
"71186",21,20,20,12,17,16
"72325",557,460,473,464,417,413
"57247",364,325,345,364,359,298
"14087",49,40,24,20,31,30
"234857",264,232,241,206,213,176
"66855",6558,5257,5476,5911,5618,5398
"17199",2,0,5,4,2,4
"22152",510,446,449,525,462,454
"23854",1146,995,965,1125,943,986
"114896",1083,857,819,980,899,776
"72185",355,251,256,247,265,216
"104346",429,337,392,417,364,337
"100861471",0,0,0,0,0,0
"100861472",0,0,0,0,0,0
"100861473",0,0,0,0,0,0
"100861474",0,0,0,0,0,0
"100861475",0,0,0,0,0,0
"100861477",0,0,1,0,0,0
"100861478",0,0,0,0,0,0
"100861479",0,0,0,0,0,0
"100861480",0,0,0,0,0,0
"100861481",0,0,0,0,0,0
"100861482",0,0,0,0,0,0
"100861483",0,0,0,0,1,0
"100861484",0,0,0,0,1,0
"100861486",0,0,1,0,0,0
"100861487",0,0,0,0,0,0
"100861488",0,0,0,0,0,0
"100861489",0,0,0,0,0,0
"100861490",0,0,0,0,0,0
"19804",0,0,0,0,0,0
"100861491",0,0,0,0,0,0
"100861492",0,0,0,0,0,0
"100861493",0,0,1,0,0,0
"100861494",0,0,0,0,0,0
"100861495",0,0,1,0,0,0
"100861496",0,0,1,0,0,0
"100861497",1,0,2,0,0,0
"100861498",0,0,0,0,0,0
"100861499",0,0,0,1,0,0
"100861500",0,0,0,0,1,0
"100861501",0,0,0,0,1,0
"100861502",0,0,0,0,1,0
"100861503",0,0,0,0,0,0
"100503230",21,21,15,17,10,10
"69581",264,237,183,252,199,214
"234863",0,1,0,0,0,0
"19341",417,296,332,369,369,354
"100043296",3,3,3,1,0,4
"73420",87,76,61,95,68,51
"11459",255687,231153,239695,231129,227405,227765
"234865",986,758,785,860,705,706
"56199",782,706,615,670,688,609
"100861938",0,0,0,0,0,0
"102162",450,322,259,328,295,299
"100316819",0,0,1,0,0,0
"382038",571,410,358,525,443,422
"108148",2662,2143,2217,2326,2271,2179
"69062",0,0,0,0,0,0
"209966",28,23,24,27,38,29
"76332",509,444,457,544,430,456
"11606",34,35,25,33,40,25
"73647",5,8,9,3,2,3
"69551",3287,2647,2767,3156,3011,2764
"234875",1720,1301,1302,1459,1176,1332
"68865",56,59,69,55,44,43
"69627",5,2,8,3,2,4
"330863",9,8,7,5,2,2
"66523",1309,1041,1026,1161,1150,1047
"14712",3235,2556,2578,2809,2495,2361
"102058",490,379,357,393,391,373
"244666",334,268,272,344,236,297
"112405",1300,1109,1295,1368,1315,1213
"53424",1947,1541,1724,1720,1933,1558
"244667",31,24,17,44,31,23
"244668",1824,1494,1402,1768,1393,1433
"75930",0,0,0,0,0,0
"74393",26,24,24,40,29,29
"66566",221,216,210,239,265,207
"270109",9,6,6,4,0,4
"234878",1,0,5,0,0,2
"16525",1,1,0,2,0,0
"210027",7,6,5,7,4,6
"67892",249,186,221,201,215,179
"212728",184,155,132,177,103,152
"100861955",2,0,2,3,1,1
"270110",741,558,677,705,806,561
"414091",7,1,8,5,4,4
"67952",1656,1275,1277,1644,1588,1289
"52202",410,320,367,368,338,365
"93742",2593,2097,1811,2167,1788,1904
"628847",0,0,0,0,0,0
"18186",763,499,531,629,538,509
"100316680",0,0,0,0,0,0
"16412",28922,22073,22841,25216,22190,23224
"100042659",0,1,0,0,0,1
"74703",0,0,0,0,0,0
"75453",1,2,0,0,0,0
"72139",189,143,173,144,134,127
"100862012",29,33,25,32,30,26
"100628572",0,0,0,0,0,0
"114673",0,0,0,0,0,0
"67667",264,198,157,198,157,164
"244672",584,482,522,489,457,495
"234889",61,40,32,43,34,26
"67618",598,507,458,512,472,464
"69149",79,69,78,91,76,80
"78100",1714,1346,1445,1383,1380,1279
"14802",12,5,9,2,3,13
"12362",11,7,19,16,6,17
"12363",76,49,43,66,46,40
"12364",229,138,170,158,148,166
"71785",345,266,281,259,261,238
"71829",0,0,1,0,0,1
"110350",222,150,109,181,121,161
"76863",1027,786,866,903,935,807
"17386",24,24,11,38,32,22
"17381",44,52,27,39,42,22
"83996",0,0,2,1,3,1
"17392",278,220,235,282,327,289
"83995",0,0,0,0,0,1
"17384",114,89,93,103,130,85
"17394",4,3,2,1,1,3
"234911",0,0,1,1,0,0
"30800",0,0,0,0,0,0
"17393",0,0,0,0,1,0
"71929",2126,1761,1723,1756,1748,1502
"11797",454,346,348,373,340,320
"11796",99,89,95,99,92,84
"22601",2805,2209,2291,2453,2068,2173
"234912",44,37,35,50,58,40
"234915",37,30,21,31,25,24
"76669",0,0,0,0,0,0
"100316772",0,0,0,0,0,0
"22068",1,1,3,3,3,2
"18667",27,32,23,25,12,17
"791396",8,3,4,5,2,2
"71544",645,442,445,530,398,464
"100579151",0,0,0,0,0,0
"244682",0,0,0,0,0,0
"78219",0,0,0,0,0,0
"77532",216,185,192,208,155,175
"66396",105,93,91,108,67,82
"270118",231,175,145,181,159,157
"18689",2,0,1,0,1,1
"77116",813,593,603,648,573,564
"74360",280,231,207,234,224,193
"72826",296,205,221,231,197,173
"75747",358,235,150,293,178,284
"71946",946,764,796,988,843,808
"244694",1,2,0,0,2,0
"66070",1780,1492,1557,1623,1759,1442
"75723",11601,9431,8107,10031,7212,8229
"330890",12,4,6,6,6,8
"14345",55,55,44,42,46,26
"69325",8,7,3,5,4,6
"56503",219,195,178,206,208,191
"17535",319,229,208,297,220,239
"14608",1,0,0,0,0,2
"64931",2,0,0,0,1,0
"55991",494,450,468,561,558,493
"244698",1746,1300,1197,1343,969,1176
"69137",3,6,5,5,3,7
"234959",580,497,453,529,453,513
"70984",481,347,349,397,380,331
"75316",588,435,469,440,503,385
"319675",267,178,173,240,156,196
"100216535",0,1,2,0,1,0
"170748",119,84,104,100,108,94
"234964",0,0,0,0,0,0
"78025",0,0,0,0,0,0
"234967",118,110,79,105,60,88
"244701",0,0,0,0,0,0
"270120",6,3,0,3,3,3
"66917",2079,1661,1653,1878,1643,1507
"72560",104,59,93,125,85,102
"546118",0,0,0,0,0,0
"234988",0,0,0,0,2,0
"72230",69,36,35,34,23,35
"73503",0,0,0,0,0,0
"73732",0,0,0,0,0,0
"18322",0,0,0,0,0,0
"258598",0,0,0,0,0,0
"259070",0,0,0,0,0,0
"258559",0,0,0,0,0,0
"258075",0,0,0,0,0,0
"258074",0,0,0,0,0,0
"257872",0,0,0,0,0,0
"258557",0,0,0,0,0,0
"258558",0,0,0,0,0,0
"258560",0,0,0,0,0,0
"258249",0,0,0,0,0,0
"258279",0,0,0,0,0,0
"258518",0,0,0,0,0,0
"258520",0,0,0,0,0,0
"258516",0,0,0,0,0,0
"258907",0,0,0,0,0,0
"258908",0,0,0,0,0,0
"258515",0,0,0,0,0,0
"258517",0,0,0,0,0,0
"244713",483,358,386,470,357,403
"624341",1,2,5,2,3,0
"257963",0,0,0,0,1,0
"18358",0,0,0,0,0,0
"258519",0,0,0,0,0,0
"258521",0,0,0,0,0,0
"258555",0,0,0,0,0,0
"258336",0,0,0,0,0,0
"258551",0,0,0,0,0,0
"257898",0,0,0,0,0,0
"258552",0,0,0,0,0,0
"258550",0,0,0,0,0,0
"57251",0,0,0,0,0,0
"258905",0,0,0,0,0,0
"258553",0,0,0,0,0,0
"258822",0,0,0,0,0,0
"258554",0,0,0,0,0,0
"18315",2,0,2,0,1,0
"434377",114,77,86,99,87,80
"22688",364,246,261,279,252,242
"235028",253,187,185,218,185,179
"77519",903,623,623,744,578,626
"244721",91,56,65,57,74,57
"66662",20,11,14,15,17,12
"30843",110,75,100,96,74,86
"66177",821,744,775,791,821,737
"23988",1216,1008,1008,1104,1092,901
"244723",33,36,29,29,22,19
"53867",3476,2141,2686,3204,2828,2683
"235033",0,0,1,0,0,0
"319278",4,9,14,6,9,6
"70726",33,33,40,51,55,31
"235036",481,345,436,445,485,354
"53356",2225,1748,1932,1987,2061,1787
"13433",978,748,717,799,646,679
"14739",229,169,169,213,189,172
"66163",678,561,613,625,610,581
"15894",32,15,31,34,19,32
"78369",10,9,19,11,12,4
"100503553",2,0,0,0,0,0
"15898",13,7,11,7,7,5
"100316681",0,0,0,0,1,0
"100009600",1,5,7,2,6,0
"68165",348,340,276,321,407,338
"71766",971,768,854,869,748,725
"54721",597,489,580,529,484,434
"12539",4323,3510,3599,3823,4045,3450
"18577",186,161,186,147,163,156
"100503569",7,7,11,12,6,3
"50868",803,657,710,704,696,613
"94226",6,4,5,3,10,5
"235040",457,424,418,399,402,366
"215194",536,429,458,447,423,403
"12581",471,415,439,331,405,392
"11768",1,0,0,0,0,2
"68682",6619,5221,5576,5357,5022,4649
"16201",1455,1070,1120,1321,1241,1087
"330902",4,2,3,4,2,2
"60507",188,155,170,154,157,150
"13430",3654,2834,2922,3278,2835,2690
"387194",1,0,2,2,1,0
"17083",361,285,389,337,301,299
"382062",8,12,5,12,6,6
"59035",1230,1031,942,1027,929,943
"74766",320,250,234,293,238,270
"69773",1818,1565,1615,1617,1644,1492
"666043",0,0,0,0,1,0
"100316714",0,0,0,0,0,0
"20586",5784,4391,4356,5214,4294,4531
"16835",5003,3870,3618,4534,3746,4031
"67629",58,53,45,54,57,44
"235041",3301,2490,2499,3010,2548,2397
"319899",882,627,696,615,547,579
"624219",2,1,2,4,0,0
"100503623",1,0,0,0,0,0
"19340",193,149,153,151,131,171
"235043",247,213,206,236,231,188
"67119",58,65,49,55,40,53
"235044",514,443,443,479,493,451
"66962",91,85,83,92,76,70
"13857",68,51,53,52,54,44
"71746",282,228,241,239,254,232
"77609",16,18,14,21,12,12
"19089",1934,1505,1694,1836,1776,1561
"15571",33,35,33,36,26,28
"319601",115,104,133,125,133,89
"100503652",12,11,18,13,17,12
"26940",546,471,481,504,518,455
"625409",0,0,1,1,2,0
"12797",0,2,8,1,5,2
"66126",471,351,388,374,437,305
"11433",13,5,3,3,2,2
"66268",207,173,198,214,200,201
"619310",0,0,0,0,0,0
"69862",0,0,0,0,0,0
"235047",174,109,114,158,94,107
"235048",36,18,19,28,21,19
"235050",163,141,143,159,125,119
"625603",0,0,0,0,0,0
"68743",37,44,32,37,30,28
"68283",8,14,13,5,6,7
"55934",293,266,286,292,317,255
"319845",151,133,124,141,108,108
"73230",158,126,114,146,105,136
"319239",1,1,1,1,0,0
"244745",1610,1224,1221,1473,1330,1282
"320752",0,0,0,0,0,0
"235067",0,0,0,0,0,0
"57246",4,3,1,2,4,0
"80517",1131,884,921,909,940,930
"235072",4060,3036,3144,3286,3262,2859
"67484",476,440,385,395,397,423
"76898",0,4,3,3,1,1
"244757",2,0,3,1,0,0
"70893",0,0,0,0,0,0
"382064",0,0,0,0,0,0
"66948",504,422,425,445,455,412
"77862",270,199,200,257,226,217
"69091",1150,975,885,1103,922,1030
"78658",219,166,163,160,163,145
"83964",1914,1354,1596,1574,1504,1293
"235086",142,96,67,108,55,78
"102623",176,137,177,130,129,143
"75469",1,0,0,0,0,0
"330908",23,7,7,13,11,6
"235106",6,1,1,3,1,1
"102607",1493,1126,1149,1367,1158,1168
"235130",18,18,34,21,27,21
"30806",2,0,3,3,3,5
"235132",387,265,332,333,304,307
"100503725",0,0,0,0,0,0
"19143",25,11,30,18,19,21
"11804",3208,2576,2632,3053,2611,2573
"100503764",79,71,52,58,60,57
"638580",0,0,0,0,0,0
"382066",96,80,63,108,63,72
"235134",527,364,403,446,364,354
"235135",0,0,0,0,0,0
"12023",37,18,23,55,63,37
"330914",1157,806,729,1133,647,796
"16521",2,0,0,0,0,1
"56379",0,0,1,0,0,0
"100862152",0,0,0,0,0,0
"14247",14,10,8,11,14,10
"23871",493,326,364,490,404,358
"100862175",1590,1257,1247,1263,1416,1152
"77119",0,0,0,0,0,0
"67703",8,4,6,3,6,8
"442804",0,1,4,4,1,1
"20443",219,145,191,182,170,146
"78934",18,14,26,21,13,12
"69305",314,286,290,282,314,250
"117149",237,187,180,227,216,222
"235169",562,426,534,526,447,466
"67398",3974,3093,3192,3531,3224,3164
"109229",363,328,312,312,319,257
"71989",187,151,149,166,164,121
"71133",1,0,1,3,4,0
"434394",0,0,0,1,1,0
"57810",13487,10361,8453,11695,8082,9659
"382069",9,9,12,6,16,5
"30959",58,43,43,53,51,42
"67049",403,294,303,356,314,281
"76832",78,66,65,62,63,72
"56872",1,0,0,1,0,0
"100312956",0,0,0,0,0,0
"330921",5,2,0,2,4,2
"100312987",1,1,3,1,3,2
"100312949",0,0,0,0,0,0
"100312986",0,0,0,0,0,0
"68171",0,0,0,0,0,0
"77080",0,0,0,0,0,0
"100041605",0,0,0,0,0,0
"546123",0,0,0,0,0,0
"100041618",0,0,0,0,0,0
"639025",0,0,0,0,0,0
"671003",0,0,0,0,0,0
"434396",0,0,0,0,0,0
"100312948",0,0,0,0,0,0
"235973",0,1,0,1,0,0
"75567",0,0,0,0,0,0
"11451",2,0,0,0,0,1
"12649",43,18,25,21,24,19
"16430",2394,1742,1923,2074,2006,1860
"13663",1875,1429,1529,1614,1558,1368
"235180",311,221,247,262,245,241
"208076",536,423,444,537,437,508
"66279",89,84,70,66,97,73
"56857",266,251,221,253,228,196
"100042561",132,95,90,120,140,109
"245902",21,17,11,18,9,14
"72927",3,1,1,1,0,0
"74144",0,0,0,0,0,0
"19649",5,1,5,6,7,3
"235184",74,42,68,62,68,50
"69524",0,1,0,2,1,0
"57276",0,0,1,0,0,0
"64011",4,6,4,7,3,2
"20686",14,17,13,19,17,5
"22619",86,80,63,77,75,61
"21376",1048,841,942,1021,880,883
"208098",0,0,0,0,0,0
"80706",0,0,0,0,0,0
"406176",0,0,0,0,0,0
"258882",0,0,0,0,0,0
"258744",0,1,0,0,0,0
"258883",0,0,0,0,0,0
"258412",1,0,0,1,0,0
"258310",0,0,0,0,0,0
"258794",0,0,0,0,0,0
"258413",0,0,0,0,1,0
"258414",1,0,0,0,0,0
"257996",0,0,0,0,0,0
"257885",0,0,0,0,0,0
"258415",0,0,0,0,0,0
"258416",0,0,0,0,0,0
"258475",0,0,0,0,0,0
"258474",0,0,0,0,0,0
"258471",0,0,0,0,0,0
"258333",0,0,0,0,0,0
"258868",0,0,0,0,0,0
"258802",0,0,0,0,0,0
"258875",0,0,0,0,0,0
"18323",0,0,0,0,0,0
"258871",0,0,0,0,0,0
"404312",0,0,0,0,0,0
"404313",0,0,0,0,0,0
"258869",0,0,0,0,0,0
"258028",0,0,0,0,0,0
"258798",0,0,0,0,0,0
"258797",0,0,0,0,0,0
"258800",0,0,0,0,0,0
"258799",0,0,0,0,0,0
"258801",0,0,0,0,0,0
"258872",0,0,0,0,0,0
"258873",0,0,0,0,0,0
"258807",0,0,0,0,0,0
"258806",0,0,0,0,0,0
"258225",0,0,0,0,0,0
"258782",0,0,0,0,0,0
"258781",0,0,0,0,0,0
"258780",0,0,0,0,0,0
"258183",0,0,0,0,0,0
"258372",0,0,0,0,0,0
"258432",0,0,0,0,0,0
"67776",398,283,241,332,309,323
"258783",3,0,3,0,0,1
"258778",0,0,0,0,0,0
"258777",0,0,0,0,0,0
"258812",0,0,0,0,0,0
"404322",0,0,0,0,0,0
"18324",0,0,0,0,0,0
"258811",0,0,0,0,0,0
"258269",0,0,0,0,0,0
"258433",0,0,0,0,0,0
"258434",0,0,0,0,0,0
"258741",0,0,0,0,0,0
"258742",0,0,0,0,0,0
"100503486",0,0,0,0,0,0
"258431",0,0,0,0,0,0
"258430",0,0,0,0,0,0
"258826",0,0,0,0,0,0
"258323",0,0,0,0,0,0
"258500",0,0,0,0,0,0
"257959",0,0,0,0,0,0
"258499",0,0,0,0,0,0
"257924",0,0,0,0,0,0
"257912",0,0,0,0,0,0
"258046",0,0,0,0,0,0
"235248",0,0,0,0,0,0
"258328",0,0,0,0,0,0
"258242",0,0,0,0,0,0
"18343",0,0,0,0,0,0
"258740",0,0,0,0,0,0
"258327",0,0,0,0,0,0
"258501",0,0,0,0,0,0
"244810",760,763,657,787,665,680
"258498",0,0,0,0,0,0
"258276",0,0,0,0,0,0
"258497",0,0,0,0,0,0
"258087",0,0,0,0,0,0
"235256",0,0,0,0,0,0
"258165",0,0,0,0,0,0
"258602",0,0,0,0,0,0
"258086",0,0,0,0,0,0
"258605",0,0,0,0,0,0
"258823",0,0,0,0,0,0
"258604",0,0,0,0,0,0
"258607",0,0,0,0,0,0
"258603",0,0,0,0,0,0
"258606",0,0,0,0,0,0
"259111",0,0,0,0,0,1
"258825",0,0,0,0,0,0
"258364",1,0,0,2,0,0
"259109",0,0,0,0,0,0
"259112",0,0,0,0,0,0
"259110",0,0,0,0,0,0
"258283",0,0,0,0,0,0
"72224",0,0,0,0,0,1
"258853",0,0,0,0,0,0
"258824",0,0,0,0,0,0
"258601",0,0,0,0,0,0
"258854",1,0,0,0,0,0
"75667",0,0,0,0,0,0
"258608",0,0,0,0,0,0
"80902",120,94,81,87,111,87
"235281",948,729,692,818,705,713
"235283",981,785,637,720,551,687
"73558",0,0,0,0,0,0
"100503925",0,1,0,1,0,2
"71566",150,84,87,146,106,118
"100862227",0,0,0,0,0,0
"15481",51994,43323,40372,43627,40245,38541
"108637",1,0,1,0,2,0
"100302593",2,0,5,3,4,1
"100302594",4,3,4,3,5,3
"244813",0,0,0,2,0,0
"70989",1,0,0,1,0,0
"54698",10,4,15,23,9,11
"72828",423,320,302,376,329,331
"78500",0,2,0,0,0,0
"73144",6,12,2,9,6,9
"100504017",66,35,52,47,27,38
"723892",0,0,0,0,0,0
"723965",0,0,0,0,0,0
"100042464",556,439,612,491,450,316
"387236",0,2,0,1,0,0
"20660",23,16,21,31,24,23
"78194",1,0,0,1,0,0
"235293",1182,889,859,1009,941,898
"100038649",0,1,3,0,0,0
"21683",11,9,7,7,6,7
"272589",1648,1347,1257,1358,1296,1231
"110637",5,2,5,1,2,5
"69632",4062,3046,2393,3288,2214,2923
"235300",97,49,62,88,83,58
"18988",4,1,1,3,4,0
"100862285",0,0,0,0,0,0
"102644",352,236,294,319,308,271
"235302",0,0,1,0,3,0
"72169",5,3,3,2,6,4
"58235",483,370,444,468,455,402
"100042548",0,0,0,0,0,0
"100038652",0,0,0,0,1,0
"21838",123,88,117,140,66,91
"53376",2785,2285,2499,2352,2372,2247
"235312",0,0,0,0,0,0
"259172",0,0,0,0,0,0
"213211",287,195,201,239,259,196
"100038560",22,18,17,15,14,20
"84004",484,347,455,399,334,329
"12402",329,243,150,322,132,229
"270150",0,0,0,1,0,0
"170761",2,2,0,1,2,3
"270151",248,235,193,225,201,208
"192663",5,5,6,3,4,7
"102423",147,128,83,127,86,91
"71764",429,395,424,444,394,414
"13478",448,344,361,400,379,379
"15270",167,152,188,183,199,175
"15288",302,269,233,273,300,256
"71732",1088,808,840,925,807,784
"100043172",12,7,8,6,7,7
"12282",4330,3545,3284,3840,3334,3468
"14385",404,282,338,335,317,301
"60409",542,430,454,474,574,433
"75617",5340,4464,4034,4659,4495,3958
"382073",214,164,225,186,200,175
"382074",0,0,0,1,0,0
"22269",0,3,1,0,3,1
"100504196",36,22,23,35,25,21
"80288",2285,1632,1681,1870,1553,1570
"12145",22,15,24,23,27,13
"13209",5182,3842,3677,4247,3624,3739
"58866",0,0,0,1,0,0
"102693",3481,2620,2765,3297,2795,2762
"100861831",40,27,25,26,34,24
"213827",3319,2546,2430,2988,2436,2554
"76568",506,368,374,358,377,314
"71687",51,39,59,53,65,33
"192653",1,1,2,3,4,1
"214162",1326,906,712,1056,585,892
"27425",3113,2598,2542,2523,2858,2429
"140630",1324,985,912,1174,925,990
"12502",8,10,12,12,6,8
"12500",0,0,0,0,0,0
"12501",3,3,4,5,7,3
"14012",0,0,1,0,1,0
"319742",106,73,72,79,71,88
"270152",3,0,0,0,2,1
"100038468",0,0,0,0,0,0
"72821",6,8,5,9,2,3
"399548",28,24,16,31,21,21
"214523",1,0,2,0,0,0
"100502755",0,0,0,0,0,0
"408059",0,0,0,0,0,1
"16154",0,0,1,0,0,0
"72229",0,0,0,0,0,0
"214531",12,14,10,13,15,9
"59095",12886,11808,11700,11599,12138,10715
"11936",7,7,4,5,5,3
"74602",0,0,0,0,0,0
"114873",29,22,29,39,39,20
"214552",567,411,402,455,340,360
"100502772",88,77,74,65,60,55
"23821",1366,1063,1059,1209,1015,1010
"235315",1446,1073,955,1233,881,1040
"18554",691,527,468,546,438,501
"21345",1047,742,1032,868,903,846
"214597",2359,1742,1831,2013,1802,1780
"100861852",0,1,0,0,0,0
"18475",1922,1486,1530,1674,1553,1466
"70661",1309,1075,1028,1086,904,972
"11806",0,1,0,0,0,0
"11814",0,0,0,0,0,0
"100502818",0,0,0,0,0,0
"11808",0,0,0,0,0,0
"66113",0,0,0,0,0,0
"22687",828,699,656,794,773,676
"215051",377,376,359,360,352,361
"74361",4,2,3,0,5,3
"73040",1,0,0,0,0,1
"215467",0,1,1,1,2,0
"54725",439,306,295,357,347,325
"100038460",2,3,0,0,1,3
"78252",1,2,0,1,0,1
"244853",108,108,107,107,78,94
"434401",5,4,2,1,4,3
"667933",0,0,0,0,0,0
"104444",1176,912,1003,1085,1132,939
"67010",428,303,337,350,310,281
"434402",18,24,28,25,34,22
"18113",314,206,213,225,240,223
"235320",8,7,4,6,2,4
"15561",0,1,0,0,0,0
"57014",0,0,0,0,0,0
"235323",4038,3206,3081,3608,2981,3165
"26951",433,369,399,375,344,310
"80893",3,2,3,2,4,0
"235327",0,0,0,0,0,0
"13489",0,0,0,0,1,0
"244859",13,1,6,5,3,1
"235330",243,169,213,197,232,204
"17967",40105,32294,33088,33125,28973,29925
"100036537",12,2,7,8,1,4
"69631",8,13,3,8,5,3
"76509",16,10,16,12,9,16
"19286",155,124,126,143,139,113
"170752",1,0,3,3,2,3
"66654",0,0,0,0,0,0
"16173",10,13,16,11,14,11
"100502907",0,0,1,0,0,0
"66925",1,0,0,0,3,0
"30057",734,570,575,673,659,495
"270156",360,270,267,316,302,257
"72614",28,34,29,21,35,14
"235339",4094,3417,3477,3870,3388,3410
"330938",46,34,31,39,32,34
"66952",15,13,21,22,34,13
"69253",2945,2745,2610,2543,2764,2477
"12955",13558,11621,11276,12556,11724,11239
"68721",199,189,142,163,172,128
"382137",100,74,66,84,73,74
"102580",330,255,273,293,290,266
"73699",381,259,298,338,269,251
"235344",243,203,145,229,142,166
"244864",314,221,231,319,264,234
"235345",18,19,17,17,15,6
"723932",0,0,1,0,0,1
"723849",1,0,0,0,0,0
"56057",0,0,0,0,0,0
"18985",9,18,19,11,13,9
"270157",78,57,58,55,68,54
"69809",1,2,1,2,0,0
"244867",340,274,201,355,226,286
"408028",0,0,0,0,0,1
"74072",0,0,0,0,0,0
"14148",121,115,132,136,188,111
"629557",4,7,11,8,5,4
"19684",3571,2774,2617,3130,2490,2600
"244871",379,262,210,309,221,323
"100502969",3,2,1,0,0,1
"330941",4,5,3,0,1,1
"382139",0,1,0,0,0,0
"77591",635,493,498,550,511,466
"74695",0,0,0,0,0,0
"320051",0,0,0,0,0,0
"68304",243,166,173,199,232,196
"75311",3,6,5,6,6,3
"11920",470,345,254,389,272,322
"244879",420,312,291,375,274,277
"110446",2646,2165,2116,2296,2154,1986
"75717",2543,1861,1855,1969,1826,1834
"270160",1,0,0,1,0,0
"72022",0,1,2,0,0,1
"66402",77,47,68,73,119,73
"100862116",0,0,0,0,0,0
"270162",3,2,0,4,1,6
"244882",4,1,1,2,1,0
"13075",1,0,0,0,0,0
"73567",3,1,0,0,0,0
"235379",12,9,18,10,13,11
"235380",542,404,271,452,284,317
"244885",22,21,22,25,32,23
"56506",137,133,131,114,158,133
"67834",5759,4895,4512,5190,4626,4759
"94180",64,41,48,56,55,46
"100039151",0,0,0,0,0,0
"58233",2560,2223,2226,2264,2155,2181
"66317",683,490,523,540,574,526
"12903",14,13,21,9,11,18
"64602",2051,1513,1389,1693,1341,1466
"235386",48,59,56,80,61,62
"246735",1,0,1,1,0,1
"26441",2428,1919,1955,2220,2136,1892
"110835",6,0,1,6,0,1
"110834",0,0,0,0,0,0
"108015",0,1,0,0,0,0
"109161",1098,962,896,962,882,857
"71999",858,659,661,729,740,649
"83961",7,10,10,2,10,9
"244886",0,3,2,1,0,3
"110842",2624,2102,2173,2124,2156,2040
"104360",17,8,12,13,15,9
"244891",294,237,220,243,220,208
"75258",0,0,0,0,1,0
"665005",0,0,0,0,0,0
"26611",2104,1631,1726,2043,1980,1688
"19200",865,653,669,721,674,636
"56434",4990,4039,4209,4222,4347,3983
"244895",2923,2046,1650,2639,1569,2014
"66867",782,604,711,698,623,615
"235402",456,404,439,482,405,381
"382075",48,70,44,48,46,55
"121021",724,585,584,785,588,621
"235406",237,174,194,214,219,180
"102462",354,268,365,355,392,326
"66069",202,182,189,218,212,212
"56294",458,287,346,397,351,332
"100038566",10,3,3,8,9,7
"20466",816,611,554,680,578,597
"72588",7,2,8,9,8,6
"76794",10,6,3,7,7,3
"73744",529,398,445,478,416,391
"72774",290,187,239,237,212,183
"66199",343,270,302,289,302,233
"67319",0,0,0,0,0,0
"541610",5,6,3,2,2,3
"74211",581,405,412,456,357,403
"73772",3,1,1,3,1,1
"66812",205,173,198,162,176,152
"56807",1028,785,900,888,842,753
"102614",5,3,6,6,8,6
"12858",2620,2364,2548,3024,2917,2596
"78323",419,317,337,403,422,356
"110119",2274,1926,2031,1945,1969,1899
"24044",1656,1295,1406,1496,1448,1324
"71742",654,493,554,539,599,431
"235415",29,17,19,31,26,30
"235416",160,137,94,142,113,111
"100861732",1,0,0,1,0,0
"12988",777,645,598,747,670,597
"13077",0,0,0,0,0,0
"13076",28,12,41,15,23,19
"353190",440,351,330,403,350,337
"102414",837,705,744,751,681,667
"56380",66,47,53,68,46,52
"69459",837,728,716,768,728,696
"20361",764,450,617,535,534,522
"13070",3,5,3,1,5,4
"382077",1,2,0,0,0,0
"330951",0,0,0,0,0,0
"20897",15,10,9,6,13,7
"26968",842,559,977,758,821,690
"320563",49,28,31,42,37,39
"665268",0,0,1,0,3,1
"18854",572,387,443,461,446,396
"69106",412,320,341,376,390,287
"16949",4337,3555,3978,3995,3874,3646
"74286",28,8,13,24,21,21
"73529",0,0,0,0,0,0
"74879",1,0,3,1,3,3
"319477",1199,955,954,1020,1017,1010
"102657",1152,948,959,1054,883,965
"20320",5022,3870,4248,4313,4039,3930
"73673",10,9,9,8,4,6
"330953",4,1,1,2,1,3
"18007",1646,1156,1215,1464,1113,1264
"665330",3,0,0,1,3,0
"72141",294,207,244,291,314,245
"102774",163,117,130,123,128,111
"23806",4423,3469,3389,3764,3142,3359
"621119",61,38,60,58,64,67
"100504377",0,1,0,0,0,0
"73893",34,52,34,43,41,51
"15211",2146,1683,1778,1902,1912,1613
"100504397",1,0,0,0,0,0
"76183",2,1,1,2,2,3
"67287",490,395,425,414,360,363
"18746",61585,51215,53964,53497,51854,51052
"71121",0,1,0,0,0,0
"546134",15,11,14,5,4,9
"71599",185,135,132,194,178,128
"270163",1126,830,578,987,539,820
"100504539",0,0,0,0,0,0
"100504522",0,0,0,0,0,0
"23958",0,0,0,0,0,0
"665389",0,0,0,0,0,0
"207596",31,9,10,23,12,12
"100504561",3,1,1,0,2,1
"102747",208,178,173,214,198,229
"320947",3,2,3,3,1,1
"67557",51,39,28,29,39,42
"100040447",0,0,1,1,0,0
"72565",1789,1500,1500,1559,1361,1523
"330956",0,1,0,0,0,0
"66785",0,0,0,0,0,0
"619328",0,0,0,0,0,0
"622037",2,0,1,0,0,0
"100038496",2,3,5,0,1,0
"21887",1716,1394,1495,1823,1700,1595
"56040",10209,8286,8328,9025,9891,8508
"71819",13,13,16,19,13,12
"74090",3,0,1,1,0,0
"93683",577,485,402,478,431,414
"100504658",0,0,0,0,0,0
"100628602",1,1,2,4,3,4
"330958",0,2,1,0,0,0
"66712",0,0,0,0,0,0
"100039897",0,0,0,0,0,0
"11737",877,759,825,797,857,711
"100504674",50,31,40,37,48,45
"235431",145,132,144,174,120,123
"319480",88,63,69,95,50,83
"14155",947,737,757,927,775,701
"76524",273,215,226,233,250,218
"677044",2,3,1,3,1,0
"75600",90,53,62,76,71,47
"56469",577,456,429,463,425,406
"207667",5,2,3,1,2,0
"23938",415,301,350,330,340,291
"69478",64,41,67,72,71,55
"78250",5,2,6,4,4,3
"66939",994,808,762,814,801,715
"17127",2018,1625,1349,1973,1608,1585
"17130",76,41,57,63,75,58
"73397",0,0,0,0,0,0
"68697",0,0,0,0,0,0
"76814",0,0,0,1,1,0
"235435",28,14,22,27,30,30
"68014",25,18,21,16,15,18
"67891",15062,12344,11731,13365,12787,11276
"100861862",6,6,1,1,3,2
"100217453",6,5,6,3,7,3
"330959",218,189,185,163,193,164
"26395",2540,2117,2119,2517,2388,2184
"93841",7,7,11,6,5,8
"66131",249,196,195,168,224,173
"213550",906,741,764,783,703,694
"214058",10,7,5,10,4,9
"53869",1230,979,1045,1133,1052,928
"102442",257,177,150,241,168,198
"214111",0,0,0,0,0,0
"69882",584,466,503,529,485,497
"57874",619,460,522,555,513,462
"74388",3833,3073,2603,3272,2550,2834
"56741",2499,1947,1907,2342,1792,2008
"19289",1,4,2,1,0,2
"97418",1,0,0,1,1,0
"214424",128,104,130,128,118,103
"214425",540,331,549,355,420,368
"270166",1312,990,1067,1199,1012,1046
"50996",277,232,212,237,250,241
"208080",11,2,8,3,1,11
"74492",37,26,38,29,32,15
"70784",54,47,53,57,70,43
"330962",0,0,0,0,0,0
"69606",169,136,154,137,170,122
"27965",915,729,737,771,776,673
"384945",0,0,1,0,1,1
"434410",0,0,0,3,0,0
"102595",508,348,382,425,424,397
"208084",4,4,2,3,1,2
"100041121",0,0,0,0,0,0
"71973",274,212,251,270,254,221
"18247",3073,2470,2569,2526,2544,2302
"214812",1155,865,832,1004,744,739
"56404",798,607,604,665,597,599
"68026",10,9,8,14,7,3
"214897",727,517,503,595,474,463
"19035",767,577,572,619,607,533
"382083",58,33,44,43,27,21
"56440",1755,1400,1485,1533,1501,1352
"68250",620,526,484,556,642,546
"13143",768,619,589,702,592,540
"235439",2991,2005,1568,2359,1294,1978
"74165",412,389,381,442,385,337
"235441",390,312,288,356,269,264
"76459",4,8,7,9,11,9
"208117",205,154,164,191,156,135
"100038381",1,0,1,0,2,0
"68318",63,53,53,48,34,45
"235442",405,317,270,352,289,256
"100502606",0,0,0,0,0,0
"67941",1245,846,824,963,1082,838
"80907",330,274,311,351,324,258
"22003",74347,62758,65772,65672,67718,64849
"100502636",12,13,13,5,12,9
"70549",3262,2425,2095,2816,2051,2511
"387185",0,0,0,0,0,0
"100861910",0,3,0,1,0,0
"75697",0,0,0,0,0,0
"244911",0,0,0,0,2,0
"320528",1270,821,544,1113,470,891
"434412",0,0,0,0,0,0
"74951",0,0,0,0,0,0
"19883",110,77,39,85,65,63
"100502669",3,13,8,8,6,5
"320440",3,3,3,1,3,0
"100502648",0,0,0,0,0,0
"93697",147,111,103,133,120,132
"12306",6465,5074,5397,6336,6103,5352
"100526560",1,0,1,0,0,0
"100502720",12,13,11,15,6,4
"64290",0,0,0,0,0,0
"319970",0,0,0,0,0,0
"12175",3572,2696,2752,2883,2809,2766
"235459",489,376,394,338,389,291
"72077",0,0,0,0,0,0
"76886",43,49,50,40,38,38
"71602",1276,957,1046,1133,935,1006
"12442",18,9,14,8,9,16
"93836",963,732,676,851,660,690
"66660",1913,1402,1568,1525,1460,1375
"235461",888,615,557,774,619,646
"11487",1397,963,961,1250,932,968
"100861959",0,0,0,0,0,0
"15450",0,0,0,0,0,0
"64008",0,5,0,0,0,0
"19378",109,68,91,60,85,76
"28015",4081,3562,3419,3829,3625,3355
"102371",1540,1080,1332,1363,1160,977
"68178",3934,2985,2620,3386,2661,2748
"21406",2076,1594,1485,1967,1431,1574
"665964",9,10,9,6,14,16
"235469",598,398,393,486,446,367
"100502819",0,0,2,0,2,1
"17427",49,42,39,36,41,36
"21778",128,95,114,122,94,92
"75115",3,2,0,3,0,5
"319758",1274,868,828,1022,770,864
"17999",24578,18988,16928,22318,16178,18420
"639396",17,16,10,19,6,14
"100861984",0,0,0,0,0,0
"235472",9,4,1,4,6,2
"72135",30,25,17,19,16,22
"67685",9,14,16,11,14,12
"546143",113,77,78,82,64,55
"72278",1612,1303,1327,1406,1247,1284
"55981",92,83,70,85,50,72
"66364",71,68,62,79,69,46
"11891",16,20,13,19,12,15
"66991",0,0,0,1,1,0
"225215",990,774,860,868,914,776
"436081",0,0,0,1,0,0
"208898",171,102,94,128,89,85
"546144",2,1,1,4,0,2
"100503019",0,0,0,0,0,0
"15379",2,0,1,0,1,1
"235493",776,563,509,623,467,523
"59046",1557,1330,1313,1469,1353,1294
"17918",1418,952,756,1315,742,936
"208943",2,7,3,2,4,3
"100503060",1,2,9,4,6,5
"14697",467,364,351,415,366,392
"12049",1,0,0,0,0,1
"50772",7140,5532,5282,6001,5141,5333
"71274",12,3,5,6,3,3
"235497",1519,1222,1291,1289,1271,1095
"666190",0,1,0,2,1,0
"50875",571,383,430,503,434,372
"50876",21,13,18,32,13,13
"70082",30,32,34,46,36,44
"20255",7,3,4,9,1,7
"12160",48,30,15,15,39,23
"208982",33,21,29,39,28,33
"404194",0,0,0,0,0,0
"387285",0,0,0,0,1,0
"208994",5,5,3,2,1,4
"26944",2,0,0,0,1,0
"100503078",0,0,0,0,0,0
"69642",764,675,680,696,664,695
"70487",0,0,0,1,2,0
"214345",265,227,197,221,218,209
"100503134",6,2,12,15,8,7
"244923",3089,2179,2785,2204,2714,2449
"14629",878,694,648,822,679,678
"68801",449,299,331,377,349,324
"14531",0,0,0,0,1,0
"71538",670,565,578,546,584,551
"56542",317,237,285,310,270,304
"19817",52,58,40,41,142,136
"320295",55,35,53,43,33,45
"14860",333,265,245,310,296,277
"14857",10,6,6,13,16,7
"100042295",11,8,6,17,15,6
"100042314",1,0,1,0,0,1
"18379",0,0,0,0,0,0
"382088",0,0,0,0,0,0
"14858",6,8,3,13,3,3
"434423",0,0,0,0,0,0
"67968",0,0,0,0,0,1
"100048658",0,2,0,0,0,0
"214763",20,13,14,24,16,17
"68291",386,359,337,328,327,313
"13627",85042,68779,68969,74992,72541,65244
"100503203",31,16,22,27,23,30
"235504",282,218,183,208,203,198
"235505",1022,782,775,1002,768,735
"100038575",0,1,1,1,0,5
"12816",1476,1102,952,1519,856,1144
"12866",4,1,1,2,5,6
"100862063",0,0,0,0,0,0
"69981",2231,1714,1647,2048,1629,1590
"100862068",0,0,0,0,0,0
"74633",316,246,296,263,273,237
"100503238",137,83,105,97,118,84
"70598",5015,3873,3076,4315,2800,3639
"215351",1964,1544,1407,1701,1363,1382
"17920",284,204,154,224,155,155
"63859",0,1,0,0,0,0
"15551",16,7,14,12,8,5
"319405",2,1,0,3,0,0
"75033",1,3,4,5,7,3
"65099",86,85,74,100,79,70
"83946",1003,639,536,796,512,706
"94353",228,218,205,234,197,149
"75782",122,83,94,97,66,78
"212531",110,79,89,77,81,84
"100039222",0,0,0,0,0,0
"83603",62,41,38,37,50,41
"22137",8,5,4,3,1,4
"12040",167,106,151,124,156,145
"75253",0,0,0,0,0,0
"212943",142,110,105,133,98,77
"108837",3027,2408,2168,2668,2119,2224
"442799",2,3,3,2,6,5
"21983",251,197,250,235,280,228
"70348",58,51,59,50,67,70
"320615",609,484,362,444,339,388
"109785",287,252,302,310,274,251
"69519",19,26,17,19,18,12
"17436",1333,999,1021,1179,1047,963
"319556",2,1,2,0,1,3
"244954",1,1,5,3,0,0
"20616",285,217,179,255,229,193
"382089",0,0,0,0,0,0
"266690",743,563,594,712,654,595
"666777",0,0,0,0,0,0
"244958",0,0,0,0,0,0
"382090",247,188,184,211,118,154
"76365",1021,793,821,874,779,711
"23959",35,23,21,19,30,25
"244962",628,510,465,502,452,474
"56403",3457,2531,2512,2965,2671,2422
"72655",263,225,257,242,284,206
"71640",147,118,127,136,139,113
"547109",5,7,5,7,5,1
"320692",36,29,19,18,7,21
"100039707",55,41,26,42,45,42
"100039674",2,4,0,0,1,2
"12047",0,0,0,1,0,0
"666731",3,5,1,2,0,1
"319673",26,17,22,30,24,18
"100039741",4,0,0,0,0,0
"12044",0,0,1,0,0,0
"666747",4,0,0,2,0,0
"319213",2,0,0,0,0,0
"12045",0,0,0,0,0,0
"107885",64,30,27,26,38,32
"209743",2,2,4,9,2,7
"66111",488,353,392,404,423,349
"330998",1,0,0,0,2,0
"387179",0,0,0,0,0,0
"74700",0,0,0,0,0,1
"19417",10,4,17,12,6,4
"13036",891,677,733,750,666,757
"21761",5940,4797,4968,5320,5256,4735
"108153",924,632,673,748,645,632
"67016",570,352,365,454,357,420
"434428",949,778,792,905,986,867
"22771",45,28,38,32,39,20
"22774",1,8,3,3,4,0
"100504689",0,0,1,1,0,1
"22038",128,74,80,126,93,87
"18828",38,25,37,44,32,34
"78459",1,0,0,0,0,0
"235527",74,75,68,79,62,64
"78575",49,37,46,39,37,41
"26432",2098,1470,1805,1807,1573,1590
"331003",0,1,0,0,1,0
"78349",0,0,0,1,0,0
"68861",2150,1697,1593,1858,1490,1508
"331004",467,332,348,436,314,329
"54371",388,278,339,340,334,298
"67958",990,715,720,858,707,657
"75552",4,2,2,2,1,1
"76477",15,12,12,19,21,16
"22063",24,13,17,19,13,21
"102502",1,0,5,2,0,4
"73410",1,0,0,3,1,0
"245000",215,176,130,216,135,159
"100504734",13,8,11,6,6,7
"24127",279,186,139,267,117,211
"235533",40,23,25,25,20,19
"211586",1321,1032,892,1178,895,921
"11933",2970,2299,2500,2408,2374,2240
"270185",40,28,15,32,25,25
"19823",2168,1769,1656,1836,1933,1574
"114713",354,218,290,255,219,209
"245007",1038,852,710,923,693,930
"319859",89,64,59,80,55,99
"319707",10,10,13,7,10,7
"235534",79,57,65,67,64,65
"211949",38,35,25,38,25,31
"100502670",5,1,2,4,5,4
"100502694",4,1,0,0,2,3
"192287",759,581,628,681,565,532
"78911",0,0,0,0,0,1
"64085",411,340,260,380,238,322
"74080",133,110,128,119,132,90
"19659",32,29,33,30,36,31
"100862273",0,0,0,0,0,0
"19660",0,0,0,0,0,0
"75881",8,2,3,4,2,4
"50797",5547,4250,4153,4994,4323,4170
"64655",715,586,542,586,606,555
"331011",0,0,0,0,0,0
"623166",0,0,0,0,0,0
"623186",0,0,0,0,0,0
"71979",0,0,0,0,0,0
"546157",0,0,0,0,0,0
"768252",6,3,2,9,8,4
"26927",18,11,15,8,15,9
"23873",158,101,125,144,177,124
"382097",3,3,2,2,2,6
"74769",804,723,680,735,606,769
"623459",0,0,0,0,0,0
"68121",64,67,60,71,63,46
"272636",1,1,2,1,0,1
"17532",203,143,134,163,176,126
"623534",0,0,0,0,0,2
"69797",0,0,0,0,0,0
"74125",1336,1039,977,1101,997,987
"83703",211,120,165,183,141,165
"333424",0,0,1,1,0,0
"72507",410,286,300,341,276,307
"56492",0,0,0,0,1,0
"20669",0,0,0,0,0,0
"108970",0,0,0,0,0,0
"213208",91,70,77,82,58,66
"17973",1114,882,835,938,824,825
"245020",77,50,49,67,60,49
"20842",989,731,647,752,568,648
"66904",941,791,815,871,833,752
"77853",604,472,475,548,466,513
"235542",3596,2914,2718,3262,2577,2876
"382099",0,1,2,0,1,3
"270190",106,78,71,88,87,57
"442798",0,0,0,1,1,0
"16716",853,668,670,832,734,717
"28135",502,410,448,431,478,367
"69010",522,377,375,422,508,401
"56332",2829,2090,2149,2696,2215,1975
"434510",0,0,2,0,0,0
"20187",2897,2419,2406,2600,2497,2239
"24059",55,47,49,92,53,44
"270192",156,118,131,128,104,100
"100862137",0,0,0,0,0,0
"20818",1691,1394,1385,1522,1390,1391
"22041",48,25,37,39,33,24
"71775",2,1,3,0,2,3
"235559",455,317,315,391,324,338
"321022",12888,10742,10185,10825,10430,10548
"100529079",21,22,44,26,13,20
"107993",9,2,10,11,5,4
"81907",28,25,21,23,32,20
"100862157",0,0,0,0,0,0
"319215",0,0,0,0,0,0
"100503358",0,0,0,0,0,0
"74025",66,43,57,59,67,54
"66663",1100,870,873,995,1030,904
"102632",689,553,529,573,524,481
"252837",6,6,3,3,4,3
"235567",2470,1832,1474,2242,1388,1883
"56318",635,368,397,505,456,513
"100316725",0,0,0,0,0,2
"74020",58,29,66,40,43,27
"94062",973,778,820,913,880,758
"75686",178,163,163,163,188,155
"73532",0,0,0,0,0,0
"208583",15,13,13,0,5,16
"66595",194,137,114,168,141,124
"235574",2446,1728,1762,1951,1723,1697
"100503387",1,0,0,0,1,1
"434434",1,0,1,0,0,0
"75669",526,402,364,503,334,396
"100503431",0,0,0,0,0,0
"245026",63,48,40,61,38,57
"665033",3,1,1,0,0,2
"68553",4,1,0,2,5,0
"235582",21,21,23,22,21,21
"387153",0,0,0,0,0,0
"77305",1201,965,964,1019,951,927
"387249",0,0,0,1,0,0
"67905",177,145,170,147,155,157
"23999",1609,1432,1495,1529,1510,1415
"81897",0,0,0,0,2,0
"11655",1887,1597,1540,1625,1581,1588
"70235",20,31,28,16,28,21
"235584",269,179,278,253,243,222
"19944",4796,3909,4165,4472,4756,4044
"109652",159,131,137,139,130,122
"68644",298,258,303,282,308,276
"76491",129,75,107,88,90,69
"59092",4410,3627,4057,4163,4148,3520
"436090",13,19,13,10,6,13
"235587",5523,4573,4574,4962,4522,4034
"27966",588,505,469,537,553,479
"74267",0,0,0,0,0,0
"75470",2,0,1,0,1,0
"68265",0,0,0,1,0,0
"67320",0,0,0,0,0,0
"100041096",0,0,0,0,0,0
"108068",0,0,1,1,0,1
"21767",982,755,824,880,880,758
"81000",912,722,632,757,554,645
"321006",1128,884,717,894,711,855
"109095",398,271,308,384,364,318
"74840",1793,1425,1372,1666,1642,1336
"100862194",0,0,2,1,2,2
"208869",83,57,48,81,58,48
"102626",976,711,739,812,831,699
"12700",9,9,15,13,8,11
"69536",130,101,123,135,144,116
"235599",48,37,36,41,37,37
"56808",64,47,72,40,36,68
"56395",781,666,762,723,641,640
"56368",141,110,124,106,108,91
"56032",388,264,298,258,264,240
"114602",6,11,7,6,9,6
"56289",769,541,623,622,771,600
"80385",513,409,362,449,444,403
"15587",617,497,564,558,551,539
"15586",218,195,187,166,205,178
"56441",674,537,625,595,609,503
"109685",11,12,18,12,22,13
"15983",436,337,379,357,376,341
"434436",104,87,94,87,94,78
"20347",1662,1382,1263,1606,1461,1358
"14678",5850,4824,4804,5318,5125,4844
"76257",14,13,11,10,10,16
"100862215",0,0,0,0,0,0
"14685",0,0,0,0,0,0
"100862235",0,0,2,0,0,0
"20350",131,135,172,134,135,148
"83486",1866,1493,1555,1610,1392,1211
"19654",1371,1010,1063,1151,1057,1003
"72825",299,225,267,233,196,204
"19882",6,7,9,9,11,5
"67722",0,0,0,0,0,0
"235604",7,3,9,8,8,5
"22036",19,4,14,8,9,11
"74153",17,10,17,10,20,16
"68176",25,16,24,21,22,18
"69398",7,4,2,2,0,3
"27399",1253,960,1006,1025,958,902
"331026",241,182,199,206,232,207
"84585",2021,1656,1705,1747,1596,1519
"320844",77,86,71,87,72,57
"15235",10,4,2,5,6,1
"235606",1354,1089,1131,1067,1156,1096
"12217",149,94,91,107,75,64
"13138",25225,21046,19054,22729,17098,19534
"66257",485,407,370,409,386,349
"434437",34,26,44,36,31,23
"102791",414,352,416,399,418,388
"11848",5404,4155,4522,4729,4722,4437
"14775",1273,1021,1009,1029,1044,927
"22258",3428,2710,2578,2858,2543,2546
"112418",24,23,14,15,11,19
"434438",2,0,1,0,0,0
"434439",0,0,0,0,0,0
"78267",209,172,200,199,163,135
"72454",641,513,552,558,564,522
"16779",6339,5090,5333,5465,4724,5145
"71472",5751,4561,4423,4769,4117,4160
"97541",2435,1995,2155,2084,1949,1947
"69232",1817,1469,1529,1658,1495,1630
"23918",1373,1121,1094,1208,1154,1106
"66706",332,294,295,289,336,351
"387186",3,1,3,3,1,4
"723864",13,5,7,6,9,5
"67789",415,339,353,381,341,309
"83669",786,561,607,680,583,589
"74443",14,3,14,9,11,13
"23807",2104,1687,1638,1703,1714,1515
"57279",870,729,726,806,796,705
"19087",2813,2273,1961,2362,2075,2155
"76500",408,306,293,318,340,275
"80987",293,226,248,248,218,213
"107934",112,94,98,107,82,90
"171429",174,188,170,185,172,149
"69384",0,0,0,0,0,0
"22273",7544,6473,6540,6439,6613,6169
"12836",873,499,794,592,549,434
"751536",1,0,0,0,0,0
"171530",5,2,10,6,4,4
"270198",184,146,165,161,163,104
"66940",633,514,544,566,549,537
"22040",113,102,95,84,89,99
"235610",349,260,256,286,296,257
"100862078",1,1,2,1,0,1
"66167",5,0,3,0,0,0
"66658",222,192,176,146,156,162
"665413",4,3,7,6,6,4
"235611",1167,841,852,954,732,901
"100503119",0,0,0,0,0,0
"320082",0,0,0,0,0,0
"211305",0,0,0,0,0,0
"434440",0,0,0,0,0,0
"50757",0,0,0,0,0,0
"668758",0,0,0,0,0,0
"382156",0,0,0,0,0,0
"320083",0,0,0,0,0,0
"235612",0,0,0,0,0,0
"635668",0,0,0,1,0,0
"382105",0,0,1,0,0,0
"382106",0,0,0,0,0,0
"546160",0,0,0,0,0,0
"546161",0,0,0,0,0,0
"382109",0,0,0,0,0,0
"76998",0,0,0,0,0,0
"78709",1,0,0,1,1,0
"378954",34,37,22,28,21,17
"54369",201,172,175,189,213,195
"12796",9,4,1,8,10,3
"12530",448,364,372,377,369,377
"17758",17732,13661,12794,15287,11211,13157
"100862290",0,0,0,0,0,0
"72831",1271,1019,1098,1078,1029,901
"100038739",20,13,33,15,20,19
"20588",3674,2849,2565,3135,2612,2769
"29873",14,10,5,15,13,11
"72341",79,71,67,74,73,71
"235623",1327,1010,1127,1211,1096,1110
"104831",2201,1662,1821,1865,1575,1578
"18054",0,1,0,0,0,0
"270201",763,659,655,671,588,633
"16578",32,17,19,17,28,35
"235626",1812,1397,1252,1546,1110,1381
"67169",397,293,294,346,358,337
"235627",292,219,245,229,221,175
"72654",556,449,448,460,526,474
"19228",39,30,24,31,36,30
"17897",8,14,7,10,15,18
"235628",0,0,0,0,0,0
"73336",0,0,0,2,0,0
"272643",0,0,0,0,0,0
"260408",1,2,0,0,0,0
"74306",8,6,7,12,10,3
"235631",1,0,0,0,0,0
"20776",13,5,14,13,5,18
"235633",332,240,366,309,291,233
"235634",0,0,0,0,0,0
"21667",0,0,0,0,0,0
"74249",371,266,308,324,321,275
"235636",1,0,1,2,1,0
"100038395",0,0,0,1,0,0
"17002",0,0,0,0,0,0
"100504625",0,0,0,0,0,0
"54199",9,6,6,9,8,5
"71268",2008,1584,1647,1491,1472,1432
"17350",387,279,322,333,296,248
"77781",2429,1670,1544,1978,1419,1735
"320429",4,7,4,7,4,2
"245038",5,6,1,7,7,0
"20840",12,6,7,10,8,10
"74100",7457,6100,5954,6459,5802,5512
"723815",0,0,0,0,0,0
"100504643",10,8,14,8,12,6
"620760",68,54,51,64,62,49
"100043801",0,0,1,0,0,0
"102688",0,0,0,2,0,1
"18571",4632,3616,3671,4172,3550,3439
"76499",1046,780,750,841,647,782
"22221",1839,1370,1512,1495,1412,1190
"72179",644,501,546,537,512,432
"382111",33,21,25,38,22,12
"77049",0,0,0,0,0,0
"12046",0,0,0,0,0,0
"75100",0,0,0,0,0,0
"75116",6,4,8,2,4,4
"56693",458,379,409,439,407,419
"100504715",217,133,155,203,135,153
"12091",636,418,530,535,470,441
"12773",1,0,1,0,2,1
"636931",27,19,17,18,14,9
"78893",938,736,741,803,689,722
"235661",3256,2659,2756,2824,2811,2597
"67213",512,376,395,440,372,331
"102545",354,260,268,317,332,302
"70031",15,15,10,10,18,16
"333433",1196,998,898,1081,959,965
"100043813",370,269,263,299,263,235
"74486",74,47,51,38,53,58
"100862039",2,2,3,4,5,2
"68292",2050,1628,1611,1901,1557,1661
"111186",0,0,0,1,2,0
"73856",0,0,0,0,0,0
"73748",48,41,28,29,30,37
"668829",125,82,99,105,121,99
"21813",2566,1827,1988,2133,1927,2029
"207181",925,626,663,664,620,599
"100502649",138,134,133,143,136,84
"100039681",2,1,2,0,0,3
"27215",970,735,740,828,736,720
"67899",207,167,200,206,195,194
"100502695",3,3,2,2,1,1
"71196",0,0,0,0,0,0
"13813",5,9,20,8,14,8
"54214",8417,6591,6202,6815,5247,5974
"104099",1335,1051,954,1248,913,1113
"100039768",28,20,20,30,23,26
"69274",93,60,70,80,62,54
"387218",0,0,0,0,0,0
"22351",5,6,4,9,9,7
"18799",301,233,216,282,305,214
"320256",4,7,6,7,11,6
"235674",8,38,24,22,20,35
"382113",1,0,0,1,1,0
"102570",1,0,0,0,7,0
"109280",5,7,4,6,7,4
"108737",1775,1421,1360,1466,1304,1296
"17874",169,161,159,125,141,142
"113868",1070,806,946,989,1049,908
"102448",21,19,18,28,13,19
"11481",30,44,29,34,30,26
"208194",182,137,135,152,140,113
"20271",6950,5207,4437,6256,4480,5100
"20264",176,135,109,149,114,112
"24046",3,7,6,3,2,3
"67561",737,574,534,667,508,544
"74498",465,428,393,475,456,451
"74052",4,5,1,4,1,0
"215418",480,405,452,386,383,381
"22437",13196,10941,9693,12089,8591,10523
"13051",2,5,5,2,2,1
"12776",0,0,0,0,0,0
"208638",199,164,181,183,172,159
"16785",14646,12219,11452,13428,13232,11387
"104433",2,0,7,1,2,1
"546166",2,2,0,1,0,0
"17433",3,4,3,2,1,1
"245049",6,3,6,11,0,2
"68969",589,455,538,570,536,472
"215446",120,110,105,105,106,117
"67115",8662,7282,7114,7633,7731,6897
"100502773",0,0,0,0,0,0
"100502807",0,1,0,0,0,0
"76402",0,0,0,0,0,0
"78060",0,0,0,0,0,0
"12387",9621,7109,7298,8602,7601,7213
"209012",28,20,24,18,16,12
"67095",3532,2783,2693,3115,2651,2650
"12424",77,79,93,142,121,120
"69032",1,0,2,3,0,1
"75384",0,0,0,0,0,0
"22354",1,3,3,1,4,3
"215474",528,396,356,443,362,418
"26901",522,387,435,435,468,398
"18087",2301,1607,1645,1877,1328,1483
"320301",131,100,119,126,117,103
"270210",2229,1923,2028,1959,1907,1696
"72330",3851,3177,3088,3637,3301,3205
"74770",1478,1244,1239,1323,1291,1145
"100502861",3,8,5,6,2,2
"56295",906,835,933,888,1022,856
"59289",2,2,0,2,1,1
"13124",0,0,0,0,0,0
"69430",6,1,8,1,4,7
"100502928",0,0,0,2,0,1
"245050",8,0,1,2,3,1
"215494",548,406,484,437,393,417
"20623",458,336,331,384,351,351
"102566",946,795,827,896,816,791
"67469",828,645,589,765,664,598
"654800",0,0,0,1,0,0
"319626",0,1,0,0,0,0
"387156",0,0,0,0,0,0
"671232",0,0,0,0,0,0
"382117",324,306,251,325,283,313
"235682",1353,1017,1012,1072,889,949
"331045",2,1,0,0,1,2
"382118",68,31,37,60,44,36
"666257",1,0,2,2,3,1
"22646",130,77,83,91,81,76
"66202",180,140,113,157,142,121
"209737",7,5,5,9,8,3
"66079",36,40,44,43,55,45
"331046",121,71,92,97,84,87
"69035",896,707,776,877,783,749
"66446",250,209,213,210,227,204
"21922",1,2,0,0,1,1
"109332",1,5,4,5,3,1
"72309",379,338,507,446,531,437
"100502992",92,60,87,61,106,79
"102436",4394,4667,3449,3740,6747,13303
"29806",1988,1585,1732,1779,1647,1731
"83493",1417,1114,1081,1157,986,1039
"22599",0,0,0,0,2,1
"102680",1,0,1,2,0,0
"654467",270,201,224,251,239,214
"93730",531,442,411,529,460,411
"12769",4,2,2,1,7,2
"17281",3753,2970,2674,3141,2300,2774
"80901",6,5,5,2,2,13
"23832",17,22,20,16,29,16
"12768",1,1,1,2,0,0
"12770",0,0,0,0,0,0
"12771",0,0,0,2,2,1
"12772",0,0,0,0,0,0
"12774",0,0,0,0,0,0
"630836",135,105,107,117,113,93
"100861606",0,0,0,1,0,0
"235779",0,1,0,0,0,1
"75135",128,126,139,199,183,176
"671650",274,151,222,178,189,167
"19054",159,136,162,161,170,132
"17724",38507,27460,34447,28045,28660,22223
"17725",174032,118270,138465,119859,113140,89049
"17716",119455,83758,111204,103194,98624,77565
"17717",117789,84362,106052,102004,93009,73804
"17708",425093,306881,400154,367983,337269,259579
"17709",152638,109385,144291,131193,131958,96154
"17706",7983,5459,7169,6454,6948,5938
"17705",128434,92597,116262,112028,105389,82341
"17710",123934,88656,108668,102276,101660,81089
"17718",10320,7529,8195,8424,8382,6594
"17720",22430,15824,18499,19409,15027,12945
"17719",150716,110054,141054,134499,119789,89362
"17721",155186,110462,130346,134667,106172,92482
"17722",52057,38733,50364,47897,45659,32077
"17711",158841,112506,148160,136557,128775,94526
"673652",0,0,0,0,0,0
"100042019",0,0,0,0,0,0
"100861749",0,0,0,0,0,0
"100861738",0,0,0,0,0,0
"66776",0,0,0,0,0,0
"100861966",0,0,0,0,0,0
"100861971",0,0,0,0,0,0
"668958",0,0,0,0,0,0
"630022",0,0,0,0,0,0
"668960",0,0,0,0,0,0
"74851",0,0,0,0,0,0
"100042159",0,0,0,0,0,0
"100042168",0,0,0,0,0,0
"627264",0,0,0,0,0,0
"668963",0,0,0,0,0,0
"668964",0,0,0,0,0,0
"546185",0,0,0,0,0,0
"100042254",0,0,0,0,0,0
"100042275",0,0,0,0,0,0
"434724",0,0,0,0,0,0
"17870",0,0,0,0,0,0
"434725",0,0,0,0,0,0
"58242",27,22,26,18,23,29
"102991",0,0,0,0,0,0
"102954",17,20,21,18,22,21
"12155",0,0,0,0,0,0
"208431",16,10,11,13,6,10
"71422",0,0,0,0,0,0
"331374",21,20,20,23,26,18
"209091",2,2,3,1,1,0
"11643",0,0,0,0,0,1
"12728",1590,1072,763,1323,681,986
"723974",0,0,0,0,0,2
"751560",0,0,0,0,0,0
"723851",0,0,0,0,0,0
"387183",0,0,0,0,0,0
"751544",0,0,0,0,1,0
"54651",48,61,35,48,58,46
"100270707",2,2,0,8,3,4
"68355",35,29,35,33,34,43
"54646",93,65,84,86,85,66
"78185",7,3,5,7,3,5
"20371",2,2,1,2,1,3
"54638",434,360,309,335,312,309
"54652",1,0,0,0,0,0
"20977",45,30,42,36,26,36
"54630",93,72,68,89,77,60
"18824",841,609,671,726,703,714
"54634",4,6,4,3,3,2
"209416",828,679,581,756,630,610
"54636",354,297,297,359,361,250
"54637",255,193,251,258,283,200
"54648",39,19,22,36,23,27
"209446",468,366,470,395,436,365
"54645",1236,899,967,890,902,821
"100316807",0,1,1,0,0,0
"16506",25,13,14,19,12,15
"54644",805,664,654,728,747,610
"18715",121,93,107,108,94,76
"22232",506,365,413,464,458,373
"54633",727,598,666,637,683,645
"21855",463,374,376,441,465,383
"30052",7,8,14,7,2,7
"353283",0,0,0,0,0,0
"15185",494,340,337,360,359,383
"14460",0,0,0,0,0,0
"69824",0,0,1,0,0,0
"668975",0,1,0,0,0,0
"20937",145,149,159,150,153,131
"100504708",2,0,0,0,1,0
"22376",0,0,2,2,0,1
"627782",5,5,4,2,5,3
"73447",1492,1136,1078,1285,1071,997
"19652",2905,2289,2210,2463,2459,2182
"70226",7,9,7,7,13,10
"209815",211,178,163,151,142,143
"13595",748,575,628,617,597,581
"53627",1256,1047,1187,1024,986,981
"54632",480,434,370,393,434,413
"209837",0,0,0,1,0,0
"385312",0,0,0,0,0,0
"387131",0,0,0,0,0,0
"67985",0,0,0,0,0,0
"387132",0,0,0,0,0,0
"546263",0,0,0,0,0,0
"668976",0,0,0,0,0,0
"278174",0,0,0,0,0,0
"387284",0,0,0,0,0,0
"631002",0,0,0,0,0,0
"382206",0,0,0,1,0,0
"387586",0,0,0,0,0,0
"625480",0,0,0,0,0,0
"436188",5,5,5,1,2,3
"102941",28,18,24,28,36,18
"434726",0,0,0,0,0,0
"434727",0,0,0,0,0,0
"100042782",0,0,0,0,0,0
"83457",0,0,0,0,0,0
"434728",0,0,0,0,0,0
"434729",0,0,0,0,1,0
"75775",0,0,0,0,0,0
"236285",60,30,46,55,36,41
"22439",164,123,100,165,132,117
"76383",0,0,0,0,0,0
"547154",0,0,0,0,0,0
"100862340",0,0,0,0,0,0
"13058",1,0,1,0,3,0
"333452",0,0,0,0,0,0
"67117",2293,1693,1770,1912,1831,1537
"67334",0,0,0,0,0,0
"385317",0,0,0,0,0,0
"236643",47,59,33,51,30,41
"51795",5,3,4,6,5,7
"19893",117,94,88,129,108,87
"18416",0,0,0,0,2,0
"71180",1,0,0,0,0,0
"21912",2419,1931,1985,2178,1995,1973
"68041",2424,1969,2172,2354,2463,2103
"100042922",0,0,0,0,0,0
"100042927",0,0,0,0,0,0
"100042929",0,0,0,0,0,0
"100042931",0,0,0,0,0,0
"547160",0,0,0,0,0,0
"100042939",0,0,0,0,0,0
"100042943",0,0,0,0,0,0
"100042944",0,0,0,0,0,0
"100042946",0,0,0,0,0,0
"236663",0,0,0,0,0,0
"71458",1177,953,822,1172,899,905
"72937",28,22,36,29,23,19
"100043946",1212,1017,1090,988,1086,948
"70495",1660,1275,1318,1355,1497,1169
"245347",1,0,1,2,1,0
"69155",452,298,288,311,303,264
"26896",2448,1989,1787,2060,1648,1909
"552913",9,11,15,12,17,7
"70489",8,15,10,7,4,15
"22284",7852,5643,4845,6494,4703,5503
"100043002",249,229,210,205,241,214
"72122",0,0,0,1,0,1
"13205",6211,4712,4219,5020,3954,4183
"236690",4,1,0,2,0,1
"12361",614,443,428,499,392,385
"23890",1,0,0,0,0,0
"319200",0,0,0,0,0,0
"385328",0,0,0,0,0,0
"67395",0,0,0,0,0,0
"100503053",0,0,0,0,0,0
"66742",0,0,0,0,0,0
"17161",980,776,643,836,738,661
"109731",198,150,143,136,135,120
"17986",1,2,6,4,2,3
"74405",8,8,8,6,2,10
"72018",477,374,314,371,367,315
"278181",0,0,0,0,0,0
"436196",0,0,0,0,0,0
"331391",0,0,0,0,0,0
"73547",0,0,0,0,0,0
"22289",547,414,315,467,330,332
"75905",3,1,1,2,1,1
"723827",1,2,2,0,1,0
"723828",0,0,0,0,0,0
"100503338",4,5,4,1,4,2
"278255",0,0,0,0,0,0
"60322",6,10,8,4,9,5
"236727",208,127,104,124,129,150
"19889",231,161,191,209,172,148
"382207",37,19,20,45,20,31
"19733",0,0,0,0,0,0
"104130",2063,1637,1648,1785,1883,1709
"236732",1028,834,891,925,924,803
"22201",13234,10543,10711,11614,10148,10460
"18555",3407,2696,2857,3091,2887,2761
"236733",586,439,480,509,483,434
"11836",2663,2069,2232,2144,2117,1888
"20964",226,192,258,200,213,186
"21857",1756,1319,1567,1605,1685,1322
"18636",83,69,94,74,81,62
"13712",797,697,697,768,648,630
"22294",107,76,74,71,80,72
"320742",48,41,29,37,47,47
"319535",125,75,72,89,52,54
"278203",1,0,0,0,0,0
"245368",8,17,8,10,1,8
"385338",0,0,0,0,0,0
"100503481",0,0,0,0,0,0
"629024",0,0,0,0,0,0
"331392",49,24,22,23,26,17
"11609",4,6,4,6,4,3
"56774",0,0,0,0,0,0
"76705",0,0,0,0,0,0
"67455",8929,7161,6660,7928,6336,6745
"72404",2421,1736,1619,2197,1619,1681
"236749",3,2,3,1,1,3
"546272",0,0,0,0,0,0
"100043216",0,0,0,0,0,0
"546282",0,0,0,0,0,0
"100040417",0,0,0,0,0,0
"382277",0,0,0,0,0,0
"100038977",0,0,0,0,0,0
"100038997",0,0,0,0,0,0
"100503930",0,0,0,0,0,0
"382275",0,0,0,0,0,0
"100039030",0,0,0,0,0,0
"100039065",0,0,0,0,0,0
"100039078",0,0,0,0,0,0
"664829",0,1,0,0,0,0
"100039120",0,0,0,0,0,0
"619991",0,0,0,0,0,0
"664844",0,0,0,0,0,0
"664861",0,0,0,0,0,0
"100042175",0,0,0,0,0,0
"100039194",0,0,0,0,0,0
"100039208",0,0,0,0,0,0
"664877",0,0,0,0,0,0
"100039240",0,0,0,0,0,0
"664890",0,0,0,0,0,0
"22526",0,0,0,0,0,0
"100039324",0,0,0,0,0,0
"100039334",0,0,0,0,0,0
"664923",0,0,0,0,0,0
"100039377",0,0,0,0,0,0
"664944",0,0,0,0,0,0
"100862354",0,0,0,0,0,0
"100042087",0,0,0,0,0,0
"100042103",0,0,0,0,0,0
"100042109",0,0,0,0,0,0
"100042122",0,1,0,0,0,0
"100042144",0,0,0,0,0,0
"100504357",0,0,0,0,0,0
"664989",0,0,0,0,0,0
"100039467",0,0,0,0,0,0
"100862067",0,0,0,0,0,0
"100040467",0,0,0,0,0,0
"100040458",0,0,0,0,0,0
"100040448",0,0,0,0,0,0
"100862118",0,0,0,0,0,0
"100862274",0,0,0,0,0,0
"100862314",0,0,0,0,0,0
"100862323",0,0,0,0,0,0
"100040482",0,0,0,0,0,0
"71847",0,0,0,0,0,0
"100862329",0,0,0,0,0,0
"100862341",0,0,0,0,0,0
"100040533",0,0,0,0,0,0
"100040552",0,0,0,0,0,0
"100040606",0,0,0,0,0,0
"100039419",231,159,138,178,153,126
"100040698",0,0,0,0,0,0
"100040732",0,0,0,0,0,0
"100040781",0,0,0,0,0,0
"100862369",0,0,0,0,0,0
"100862389",0,0,0,0,0,0
"100039522",0,1,0,0,0,0
"100503691",0,0,0,0,0,0
"100039550",0,0,0,0,0,0
"100039573",0,0,0,0,0,0
"100039585",0,1,0,0,0,0
"75974",187,120,109,159,116,135
"16164",214,139,129,152,123,141
"72693",5,4,5,3,2,2
"547166",0,0,0,0,0,0
"74365",148,114,101,130,112,103
"621901",0,0,0,0,0,0
"53328",998,733,686,991,982,743
"338351",229,162,127,190,161,172
"194744",27,26,30,35,41,24
"11740",6310,5102,5041,5619,5252,4736
"69591",6,5,6,5,6,7
"100503771",4,1,4,4,3,4
"77644",562,424,433,559,424,408
"22209",582,448,494,512,523,471
"77286",203,158,152,211,183,160
"100534633",1,0,0,0,0,0
"56526",47,40,44,39,38,34
"245381",0,0,0,0,0,0
"67248",1,0,0,3,2,0
"100503795",0,0,0,0,0,0
"104369",0,0,0,0,1,0
"68134",394,314,360,356,350,280
"67050",444,301,303,338,312,334
"434756",1,1,1,1,0,0
"54405",643,486,572,525,603,475
"69942",33,35,28,45,34,29
"194854",0,0,0,0,0,0
"385343",0,0,0,0,0,0
"75199",2,0,0,0,0,0
"382209",0,0,0,0,0,0
"664609",0,0,0,0,0,0
"100861623",0,1,0,0,0,0
"100861640",0,0,0,0,0,0
"100039913",0,0,0,0,0,0
"57737",0,0,0,0,0,0
"100039948",0,0,0,0,0,0
"100135654",0,1,1,0,0,0
"434759",0,0,0,0,0,0
"434760",1,0,0,3,0,1
"546295",0,0,0,0,0,0
"664610",0,0,0,0,0,0
"100040016",2,0,0,0,0,0
"100135657",0,0,0,0,0,0
"194856",0,0,0,0,0,0
"434764",0,0,0,0,0,0
"621852",0,0,0,0,0,0
"636177",0,0,0,0,0,0
"546294",0,0,0,0,0,0
"434766",0,0,0,0,0,0
"664608",0,0,0,0,0,0
"434758",0,0,0,0,0,0
"622301",0,0,0,0,0,0
"622311",0,0,0,0,0,0
"18617",0,0,0,1,0,1
"19202",0,0,0,0,0,0
"547168",1,0,0,0,0,1
"434768",0,0,0,0,0,0
"104384",0,0,0,0,0,0
"436199",1,0,1,0,2,0
"194735",2,1,2,0,0,0
"434769",89,69,86,80,70,83
"194738",1,0,0,0,0,0
"382282",0,0,0,0,0,0
"73614",1,0,0,0,0,1
"56805",512,391,321,421,299,385
"245386",9,10,10,11,3,6
"100526512",0,0,0,0,0,0
"67821",126,109,96,145,105,124
"16784",5216,3796,3788,4570,3814,3732
"72584",1288,942,882,1016,919,882
"68995",499,396,458,454,424,415
"59048",994,742,714,737,704,634
"77883",0,0,0,0,0,0
"78631",0,0,0,0,0,0
"100504400",0,0,0,0,0,0
"53623",432,288,239,348,264,327
"331401",1642,1181,1104,1265,1131,1080
"11798",837,537,527,635,498,551
"20843",2542,1864,1762,2030,1639,1807
"100039899",0,0,0,0,0,0
"20400",0,0,0,0,0,0
"23963",0,2,2,0,0,1
"236774",0,0,0,0,0,0
"245403",0,0,0,0,0,0
"245404",47,23,30,30,28,21
"68800",453,360,335,362,414,320
"75133",0,0,0,0,0,0
"73360",0,0,0,0,0,0
"434775",1,1,2,4,3,0
"93761",33,47,29,30,24,38
"320634",312,262,241,325,186,236
"30878",23,11,49,17,18,19
"170745",37,21,30,37,21,25
"74131",0,0,0,0,0,0
"208884",682,507,521,548,587,520
"72554",716,564,524,639,684,522
"100500713",4,0,7,7,3,3
"320376",565,451,409,484,383,478
"56501",284,202,203,239,212,208
"26926",1306,1029,1124,1108,1102,1019
"19337",6,6,3,8,5,9
"208968",394,260,270,319,238,194
"20523",86,52,78,86,95,73
"236781",0,0,0,0,0,0
"209003",72,57,74,58,60,41
"209005",0,0,0,0,0,0
"209224",103,107,79,100,113,76
"75404",10,5,3,9,1,2
"100041697",19,8,10,16,16,16
"236784",0,0,0,0,0,0
"236785",0,0,0,0,0,0
"209268",2,8,6,4,5,5
"257978",0,0,0,0,0,0
"258385",0,0,0,0,0,0
"258289",0,0,0,0,0,0
"100504564",21,10,10,11,14,6
"103012",684,540,647,638,471,410
"70415",1,3,1,1,1,2
"385354",2,0,0,2,2,2
"72065",1192,928,875,977,903,882
"171170",61,34,42,62,47,50
"50786",1960,1541,1533,1653,1397,1435
"83563",0,0,0,0,0,0
"74279",0,0,0,0,0,0
"14735",3098,2335,2598,2742,2629,2576
"14734",1,4,3,2,4,2
"100861693",0,0,0,0,0,0
"751531",0,0,0,0,0,0
"100504594",0,0,0,0,0,0
"723852",0,0,0,0,0,0
"723942",0,0,0,0,0,0
"387195",0,0,0,0,0,0
"723923",0,0,0,0,0,0
"100124431",0,0,0,0,0,0
"723829",0,0,0,0,0,0
"751866",0,0,0,0,0,0
"100041925",43,26,38,44,31,25
"434778",2,0,0,2,0,1
"70998",245,207,179,192,163,192
"15452",840,630,592,775,681,583
"100861729",0,0,0,0,0,0
"751532",0,0,0,0,0,0
"723869",0,0,0,0,0,0
"723938",0,0,0,0,0,0
"723901",0,0,0,0,0,0
"72575",328,240,311,393,324,217
"723910",0,0,0,0,0,0
"723879",0,0,0,0,0,0
"723907",0,0,0,0,0,0
"56096",1,1,1,1,3,1
"78755",55,54,45,66,41,34
"73866",0,0,0,0,0,0
"70380",2318,1879,1802,2158,1910,1655
"69501",0,0,0,0,0,0
"71159",0,0,0,0,0,0
"72865",179,167,167,159,153,154
"66158",2780,2436,2563,2893,2906,2538
"553127",2516,2201,2311,2632,2695,2247
"100504039",0,1,0,0,0,0
"75013",1,2,0,3,2,1
"75514",0,0,0,0,0,0
"333473",0,1,0,0,0,0
"22441",18,3,1,7,15,14
"100040260",7,0,5,7,1,5
"100040317",0,0,0,0,0,0
"625508",0,0,0,0,0,0
"666096",0,0,0,0,0,0
"100040867",0,0,0,0,0,0
"100040894",0,0,0,0,0,0
"666122",0,0,0,0,0,0
"666135",0,0,0,0,0,0
"666151",0,0,0,0,0,0
"666161",0,0,0,0,0,0
"75140",0,0,0,0,0,0
"626274",0,0,0,0,0,0
"625210",0,0,0,0,0,0
"100039055",0,0,0,0,0,0
"626315",0,0,0,0,0,0
"666107",0,0,0,0,0,0
"70691",2,1,1,4,2,2
"331416",0,0,0,0,0,0
"72030",0,0,0,0,0,0
"78619",170,130,109,153,139,120
"320237",5,2,5,10,5,2
"236790",147,90,107,133,97,74
"100504519",8,5,8,13,5,13
"270599",1,0,1,0,1,0
"236792",641,524,456,554,533,464
"100628628",0,0,0,0,0,0
"236794",510,366,414,423,412,373
"14199",22581,20559,22922,18589,18562,20669
"320923",13,10,8,10,7,8
"236798",0,0,0,0,0,0
"12209",0,0,0,0,0,1
"72459",1234,1020,1053,1153,1048,919
"170828",0,0,0,0,0,0
"100502842",0,0,0,0,0,0
"21947",0,0,0,0,0,0
"73341",779,572,574,562,479,522
"19655",531,420,406,481,385,361
"353374",0,0,0,0,0,0
"245423",0,0,0,0,0,0
"245424",0,0,0,0,0,0
"22773",0,0,1,1,1,0
"75352",0,0,0,0,0,0
"100862172",0,0,0,0,0,0
"14168",1164,948,834,1043,900,831
"100124476",1,0,0,0,0,0
"14071",0,0,0,0,0,0
"434782",35,24,24,38,40,26
"109904",1,0,0,1,1,0
"320940",66,59,59,85,73,52
"751545",0,0,0,0,0,0
"631784",0,0,0,0,0,0
"279618",2,1,4,3,1,2
"20675",0,0,0,0,0,1
"331424",0,0,0,0,0,0
"631990",4,0,0,2,1,0
"320247",0,0,0,0,0,1
"245440",0,0,0,0,0,0
"434784",0,0,0,0,0,0
"74437",0,0,0,0,0,0
"70936",0,0,0,0,0,0
"75545",12,3,8,2,3,8
"671878",1012,778,754,773,715,709
"627470",0,0,0,0,0,0
"70696",1,0,1,0,0,1
"245446",31,14,28,20,23,25
"70062",0,0,0,0,0,0
"74862",1,0,0,0,0,0
"245450",23,15,8,17,16,4
"100861774",209,175,157,173,211,164
"100049546",0,0,0,0,0,0
"100124496",0,0,0,0,0,0
"100049548",0,0,0,0,0,0
"100124462",0,0,0,0,0,0
"100124493",0,0,0,0,0,0
"723939",0,0,0,0,0,0
"100049545",0,0,0,0,0,0
"723887",0,0,0,0,0,0
"100124480",0,0,0,0,0,0
"100124479",0,0,0,0,0,0
"100124460",0,0,0,0,0,0
"100124478",0,0,0,0,0,0
"723873",0,0,0,0,0,0
"100124441",0,0,0,0,0,0
"100124473",0,0,0,0,0,0
"100124464",0,0,0,0,0,0
"100124440",0,0,0,0,0,0
"723888",0,0,0,0,0,0
"382217",0,2,0,0,0,0
"666842",0,1,0,0,0,0
"66780",0,0,0,0,0,0
"387197",0,0,0,0,0,0
"723918",0,0,0,0,0,0
"100124449",0,0,0,0,0,0
"236844",0,0,0,0,0,0
"100038638",0,1,1,0,0,2
"14265",455,325,368,396,316,299
"207854",0,0,0,0,0,0
"100040244",124,94,99,113,75,102
"627927",0,0,0,0,0,0
"14266",432,285,197,447,203,253
"74305",0,0,0,0,0,0
"75509",0,0,0,0,0,0
"15931",569,405,417,525,405,447
"68618",223,158,170,175,188,154
"619303",0,0,0,0,0,0
"628012",0,0,0,0,0,0
"236848",541,431,443,445,413,368
"628053",0,0,0,0,0,0
"333639",325,274,218,375,241,294
"667013",22,12,12,10,15,8
"17772",282,207,197,263,245,232
"53332",1607,1305,1106,1326,1126,1143
"171486",1778,1528,1472,1582,1586,1375
"15354",176,116,136,172,169,144
"14765",1,1,1,0,1,0
"67048",2423,1907,1719,2176,1853,1708
"382221",7,4,3,4,5,0
"208748",10,8,9,12,12,7
"77905",0,0,0,1,0,0
"12789",7,2,3,5,1,0
"17140",0,0,0,0,0,0
"14404",48,46,39,31,33,30
"723894",0,0,0,0,0,0
"723919",0,0,0,0,0,2
"236852",0,0,0,0,0,0
"14396",1,3,1,0,1,1
"100316827",0,0,0,0,0,0
"100124463",0,0,0,0,0,0
"57249",0,0,0,2,2,1
"26370",608,491,521,558,539,482
"18194",1916,1551,1632,1703,1610,1683
"22673",4,11,9,7,6,11
"100316779",0,0,0,0,0,0
"385377",0,0,0,0,1,0
"245468",0,0,1,0,0,0
"434794",1,2,0,0,2,0
"22445",15,17,15,19,19,16
"574438",0,0,0,1,0,0
"574404",0,3,0,0,0,0
"574405",0,3,1,0,0,0
"627081",0,0,0,0,0,0
"100504429",0,0,0,0,1,0
"574437",139,121,142,109,107,98
"27083",1,4,1,0,0,1
"14070",155,103,116,155,155,129
"72891",0,0,0,0,0,0
"22446",6,3,17,9,9,3
"27084",0,0,0,0,0,0
"434795",1,0,0,0,0,0
"27081",2511,1868,1726,2057,1700,1644
"22754",0,0,1,5,2,0
"24102",0,0,0,0,0,0
"73738",375,303,350,343,328,303
"100504490",0,0,0,0,0,0
"12111",12726,8369,9729,11305,9497,9499
"100861843",0,0,0,0,0,0
"320707",37,42,35,38,41,36
"75590",58,39,47,69,57,40
"93843",63,58,56,41,66,42
"102857",2410,1711,2081,2140,2180,1846
"27061",2199,1663,1711,1851,1869,1578
"11666",572,409,450,530,457,453
"140571",86,58,75,68,63,71
"56504",1697,1421,1565,1424,1600,1325
"15929",2762,2293,2370,2364,2314,2161
"20832",919,789,844,807,841,719
"245469",109,92,82,98,111,84
"16728",56,57,50,61,32,62
"12000",1,1,0,1,1,0
"171207",12,6,12,12,20,5
"56292",507,401,418,456,446,393
"19703",774,585,654,664,663,543
"15161",3286,2352,2195,2711,1995,2245
"16179",1453,1158,1293,1304,1282,1159
"100628601",0,0,0,0,0,0
"751533",0,0,0,0,0,0
"17257",1248,918,826,1133,749,885
"14539",0,1,1,2,0,0
"385380",0,0,0,0,0,0
"83553",4,1,5,5,5,2
"192176",7171,4649,4518,5996,4224,4514
"13726",580,464,507,536,497,456
"110954",8711,6881,7078,7608,7728,6832
"104368",18,10,21,13,6,9
"69537",504,427,445,432,406,432
"66826",703,526,613,635,596,493
"54411",4169,3350,3671,3774,3611,3254
"14567",1780,1332,1630,1468,1444,1251
"108160",1029,825,900,996,1000,950
"18846",790,645,621,705,543,594
"66192",269,211,226,249,226,237
"27643",1150,997,904,1141,1022,942
"214601",191,165,209,198,181,185
"66294",380,328,351,369,405,311
"16151",1123,903,896,1018,876,829
"14381",563,475,433,541,503,495
"628456",6,2,1,4,1,0
"258393",0,0,0,0,0,0
"434797",12,1,7,3,6,5
"667379",0,0,0,0,3,0
"667387",1,0,0,0,0,0
"628518",0,0,0,0,0,0
"100041594",0,0,0,0,3,0
"546325",3,1,4,0,1,2
"628573",0,0,0,0,0,0
"100041642",0,0,0,0,3,0
"669291",0,0,0,0,0,0
"100503280",0,0,0,0,0,1
"210710",3,5,2,4,2,4
"245474",756,633,610,636,608,585
"17524",857,717,634,763,698,704
"434800",1,0,0,1,1,0
"14069",51,38,32,39,31,37
"67391",1992,1596,1556,1714,1633,1542
"17763",39,28,26,17,41,31
"210766",280,248,260,268,230,231
"22327",863,706,654,656,768,659
"67790",11,2,4,4,8,4
"74396",92,57,42,61,54,43
"102866",2000,1489,1543,1760,1642,1520
"667537",0,0,0,0,0,0
"238829",0,0,0,0,0,0
"619294",0,0,0,0,0,0
"74987",0,0,0,0,0,0
"21372",712,542,495,592,458,509
"628893",0,0,0,0,0,0
"19108",554,404,351,441,422,379
"54192",0,0,0,0,0,0
"628923",0,0,0,0,0,0
"71351",0,0,0,0,0,0
"18249",0,0,0,0,0,0
"546335",0,0,0,0,0,0
"628991",0,0,0,0,0,0
"236874",0,0,0,0,0,0
"74910",0,0,0,0,0,0
"546336",84,53,66,44,30,33
"70864",0,0,0,0,0,0
"667736",0,0,0,0,1,0
"100041373",0,0,1,0,0,1
"636104",0,0,0,0,0,0
"71967",0,0,0,0,0,0
"192216",2536,1840,1778,2091,1664,1473
"245492",0,0,0,0,0,0
"13405",5113,3605,2543,4284,2139,3809
"100502723",0,0,0,0,0,0
"71996",0,0,0,1,0,0
"66724",265,229,173,292,173,204
"14933",173,128,101,128,108,120
"100041562",1,2,0,4,1,2
"71398",3,0,1,2,3,2
"73495",0,0,0,0,0,0
"11614",0,0,0,0,0,0
"434903",0,0,0,0,0,0
"245502",0,0,0,0,0,0
"331461",0,0,0,1,0,1
"245506",0,0,0,0,0,0
"100499530",11,9,12,11,17,10
"18630",1,0,0,1,0,0
"245509",0,0,0,0,0,0
"245511",0,0,0,0,0,0
"212952",0,0,0,0,0,0
"17146",0,0,0,0,0,0
"278167",0,0,0,0,0,0
"667988",0,0,0,0,0,0
"73487",0,0,0,0,0,0
"236891",0,0,0,0,0,0
"629542",0,0,0,0,0,0
"74271",0,0,0,0,0,0
"278087",0,0,0,0,0,0
"17145",0,0,0,0,0,0
"215641",0,0,0,1,0,0
"668061",0,0,0,0,0,0
"546347",0,0,0,0,0,0
"100042663",0,0,0,0,0,0
"69357",0,0,0,0,0,0
"11878",117,97,111,126,146,116
"18968",30,24,20,32,20,15
"236899",59,40,50,43,43,48
"236900",396,350,379,377,313,319
"385493",0,0,0,0,0,0
"629591",0,0,0,0,0,0
"22764",875,616,551,732,525,556
"26905",4426,3517,3247,3968,3548,3298
"236904",58,27,30,49,40,47
"631145",0,0,0,0,0,0
"68316",804,672,668,658,679,608
"100503393",0,3,10,2,0,3
"94275",14560,11471,12010,12584,12182,11099
"14853",115,63,87,99,112,71
"668166",253,181,190,204,196,171
"631331",3,3,9,8,10,8
"668171",265,204,189,198,218,175
"270624",19,10,17,12,12,8
"236915",159,99,110,103,86,87
"72345",551,408,342,471,316,397
"70392",98,72,85,98,93,83
"245522",95,90,58,89,77,82
"547176",40,18,30,23,31,23
"76386",0,3,0,0,0,0
"76130",1369,1119,1130,1115,1121,999
"100503437",24,20,19,12,27,25
"17698",12095,9324,9609,10754,9368,9764
"100503808",0,0,0,0,0,0
"100038363",0,0,0,0,0,0
"723814",0,0,0,0,0,0
"278180",0,0,0,0,0,0
"245525",0,0,0,0,0,0
"15203",118,75,39,134,80,97
"76206",6,2,4,4,5,2
"668236",0,0,0,0,0,0
"245526",0,1,0,0,1,0
"245527",6174,4981,4149,5241,4174,4531
"11835",113,71,72,75,66,83
"94190",759,630,524,623,497,536
"77929",599,518,458,532,526,473
"236920",340,291,266,308,240,248
"13641",502,357,418,518,502,381
"100038584",0,0,0,0,0,0
"18744",1657,1370,1308,1453,1383,1173
"100042947",0,0,0,0,0,0
"620592",3,2,0,4,2,0
"13607",121,69,70,84,93,69
"751534",1,0,0,0,0,0
"245532",50,31,43,52,46,34
"408193",1,2,0,4,0,1
"18518",738,606,582,694,646,594
"668257",0,0,0,0,0,0
"245533",0,0,0,0,0,0
"57385",0,0,0,0,0,0
"170735",1,1,0,1,2,0
"72621",526,428,475,496,435,394
"16571",12,9,10,8,4,6
"71584",0,1,1,4,1,1
"53310",226,133,151,161,137,119
"83558",0,0,1,0,0,0
"11989",38,24,33,20,39,25
"55988",970,798,829,908,842,853
"54601",1878,1418,1526,1508,1533,1421
"245536",0,1,0,0,0,0
"16186",6,3,9,8,8,5
"100503548",0,0,0,0,0,0
"59024",1247,889,878,1101,812,831
"245537",6,1,3,2,1,7
"14618",0,1,0,1,0,0
"56364",686,506,575,574,477,442
"53610",4203,3172,3390,3703,3545,3167
"26549",6759,5523,5540,5801,5439,4909
"270627",1190,810,768,895,751,839
"108155",4517,3105,3425,3608,2800,2653
"12766",0,0,0,0,0,0
"212753",0,0,0,0,0,0
"382231",0,0,0,0,0,0
"100042480",21,11,10,10,11,19
"331474",39,30,18,31,31,21
"69713",512,372,404,377,382,379
"236930",8,6,4,10,7,7
"100503934",0,0,0,2,0,0
"20102",5802,4828,4727,5134,5058,4547
"12705",43,36,30,37,56,49
"434825",0,0,0,0,1,0
"70315",89,46,66,68,79,61
"18679",2035,1590,1333,1779,1395,1640
"668339",0,0,0,0,0,0
"632708",0,0,0,0,0,0
"100504003",0,0,0,0,0,0
"668349",0,0,0,0,0,0
"382233",0,0,0,0,0,0
"71083",0,0,0,0,1,0
"668357",0,0,0,0,1,0
"73300",0,0,0,0,0,0
"70887",0,0,0,0,0,0
"75443",0,0,0,0,0,0
"69388",0,0,0,0,0,0
"331480",0,0,1,0,1,0
"668382",8,5,4,6,4,0
"17954",16,12,14,17,12,12
"668217",0,0,0,0,0,0
"75106",0,0,0,0,0,0
"12592",0,0,0,0,0,0
"12212",69,43,33,63,42,41
"22127",0,0,0,0,0,0
"22097",0,0,0,0,0,0
"213742",0,0,0,0,0,0
"70252",15,18,15,11,10,9
"676246",1,2,1,1,4,2
"668415",0,0,0,2,0,0
"78878",49,31,44,52,26,16
"100124494",0,0,3,0,0,0
"751546",0,0,0,0,0,0
"100526513",0,0,0,0,0,0
"75064",0,0,0,0,0,0
"20502",629,503,496,585,551,449
"621381",1,1,1,2,0,1
"19820",1548,1120,1087,1328,1092,1152
"245555",23,21,16,21,12,17
"751535",0,0,0,0,0,0
"11306",868,632,562,699,512,552
"621542",0,0,0,0,0,0
"331487",206,166,128,191,125,180
"108672",31,29,32,33,34,20
"76643",0,0,0,0,0,0
"272790",4,2,7,7,4,10
"71445",64,43,35,37,49,38
"100503212",16,13,8,4,3,4
"67683",342,289,266,324,292,263
"107528",467,331,395,373,352,364
"279610",0,0,0,0,0,0
"723861",0,0,0,0,0,0
"100043213",1,0,0,0,0,0
"723929",0,0,0,0,0,0
"245566",0,0,0,0,1,0
"80903",0,0,2,1,0,0
"22589",3143,2164,1855,2409,1536,2065
"67075",2086,1577,1569,1874,1622,1508
"66142",3340,2634,2657,2683,2877,2310
"11977",800,536,449,653,404,478
"279572",2,1,2,1,2,1
"18655",13787,11753,12950,12778,12631,11639
"407786",243,199,149,242,198,187
"331491",1,0,0,1,0,0
"333564",446,322,276,338,277,268
"58861",17,15,8,11,12,7
"331493",2,1,2,0,0,0
"213436",58,48,33,44,35,30
"78134",90,57,70,87,73,47
"78826",0,0,0,0,1,0
"213438",87,62,58,75,55,41
"213439",4,2,3,0,4,0
"16431",11773,9374,9310,9957,9121,8188
"71011",0,0,0,0,0,0
"245572",0,0,1,0,0,0
"67028",159,116,91,130,106,125
"213449",2,0,0,1,0,0
"213450",0,0,0,0,0,0
"213454",0,0,0,0,0,0
"382236",356,263,196,320,179,237
"69964",18,12,8,9,12,10
"70550",0,0,0,0,0,0
"50887",416,326,326,276,339,274
"56726",926,636,698,775,680,629
"622976",2,2,0,0,1,0
"634340",0,0,0,0,0,0
"18994",4,3,1,3,1,2
"67407",0,0,0,1,0,0
"67071",23,27,25,32,25,13
"664791",15,5,6,6,7,12
"245596",15,9,9,16,10,8
"246155",120,62,29,75,24,46
"83556",258,179,96,183,67,124
"71030",164,147,65,141,57,97
"68117",824,696,664,810,776,655
"73809",0,2,0,1,0,0
"67715",1,0,0,0,0,0
"245595",11,7,7,10,3,7
"69693",0,0,1,0,0,0
"12662",505,440,314,437,316,369
"723850",0,0,0,0,0,0
"93837",3,6,7,13,4,3
"237010",0,2,0,0,0,1
"546361",0,0,0,0,0,0
"237009",0,0,0,0,0,0
"75097",0,0,0,0,0,0
"664969",0,0,0,0,0,0
"382239",0,0,0,0,0,0
"624153",0,0,0,0,0,0
"100039319",0,0,0,0,0,0
"100039551",0,0,0,0,0,0
"245583",0,0,0,0,0,0
"93728",5,0,2,4,3,2
"245578",12,3,2,7,8,5
"624957",0,1,0,0,0,0
"54561",52,41,46,38,52,43
"73061",10,3,5,3,11,6
"100151772",0,0,0,0,0,0
"100039763",1,0,0,0,0,0
"625591",3,2,3,1,1,2
"382265",0,1,0,0,0,0
"546368",1,1,1,0,0,1
"100038941",0,0,0,0,0,0
"100503089",0,0,0,0,0,0
"434843",5,3,6,8,9,10
"100503369",0,0,0,0,0,0
"665463",4,6,3,9,14,11
"100503425",0,0,0,0,0,0
"100038969",3,1,1,0,1,3
"100504560",0,0,0,0,0,0
"665522",1,3,1,1,4,2
"100504511",0,0,0,0,0,0
"100862269",0,0,0,0,0,0
"100862223",5,5,8,4,14,6
"100862282",0,0,0,0,0,0
"100504579",0,0,0,0,0,0
"665579",3,4,5,4,13,6
"100504606",0,0,0,0,0,0
"665611",5,2,7,5,9,8
"100502659",0,0,0,0,0,0
"626048",8,5,5,9,11,9
"100502716",0,0,0,0,0,0
"100040410",0,0,0,0,0,0
"237029",0,0,0,0,0,0
"211208",0,0,0,0,0,0
"245598",0,0,0,0,0,0
"73934",0,0,0,0,0,0
"237030",0,0,0,0,0,0
"75274",0,0,0,0,0,0
"54004",245,163,164,211,130,162
"245600",0,0,0,0,0,0
"279653",668,445,316,533,312,459
"64103",0,0,1,0,0,0
"56496",424,299,327,315,380,279
"68792",1143,914,998,806,788,807
"27359",32,20,21,15,20,23
"108062",621,485,482,596,434,451
"100526514",8,2,2,6,8,3
"237038",0,0,0,1,0,0
"331524",4,8,3,5,6,5
"74448",3,0,0,0,0,2
"215201",490,463,436,413,404,420
"67564",33,11,29,31,32,21
"102920",7,12,11,7,8,9
"13497",1435,1155,1183,1280,1084,1029
"74469",3,4,2,3,2,1
"30058",194,152,152,165,174,188
"100504630",0,0,0,0,0,0
"12229",0,0,0,1,0,1
"19982",2901,2382,2461,2589,2929,2171
"11605",283,175,194,289,255,181
"56258",2983,2218,2358,2420,2281,2266
"77983",81,49,44,58,20,57
"100503043",4307,3261,2614,3497,2492,2948
"78248",1351,1050,1103,1234,1255,1023
"100038691",6,4,13,15,2,7
"278097",447,313,310,343,377,321
"71703",3179,2649,2486,3026,2570,2367
"67416",2736,2005,2037,2460,2049,1900
"83454",1,0,2,0,0,3
"215693",41,32,22,36,31,32
"320606",3,1,0,5,0,0
"100040635",2,1,2,3,2,3
"66104",437,344,407,409,497,371
"621322",0,0,0,0,1,0
"83565",1,0,0,2,1,1
"331529",5,0,0,0,1,3
"666040",6,0,0,0,1,3
"331531",0,0,2,1,1,3
"170722",31,20,23,24,32,23
"75829",8,6,11,17,6,12
"71841",108,107,109,127,124,89
"78478",7,11,2,5,9,5
"67298",931,743,687,747,616,646
"494468",288,267,249,259,263,223
"100316820",2,0,0,0,0,1
"245607",5,21,18,19,8,18
"70237",333,256,259,322,273,227
"76976",138,133,115,138,127,127
"76219",53,58,42,71,46,50
"12069",15,12,9,16,8,8
"245610",0,0,0,0,0,0
"70491",0,0,0,0,0,0
"406217",204,160,165,113,155,163
"66684",3153,2734,2592,2865,2779,2531
"331532",1954,1598,1811,1654,1878,1747
"19716",8416,6809,7485,7622,8108,6992
"100040972",12053,10195,9612,11365,11086,10498
"22381",2740,2196,2273,2560,2520,2147
"12070",701,584,653,678,659,596
"245615",0,1,0,0,0,0
"245616",0,0,0,0,0,0
"594844",1453,1153,1338,1409,1478,1248
"237052",365,278,272,293,276,254
"56397",9359,7050,7371,8126,7677,6643
"436230",31,22,24,24,22,15
"14657",2,0,0,0,0,0
"18823",21,14,25,33,29,30
"319642",70,81,51,78,38,49
"100862124",0,0,0,0,0,0
"69389",0,0,0,0,0,0
"399591",0,0,0,0,0,0
"100034363",0,0,0,0,0,0
"666244",0,0,0,0,0,0
"67062",13,9,10,9,10,7
"66995",6,2,5,2,0,3
"245622",283,233,194,225,183,210
"13984",0,5,0,0,0,0
"60367",1,0,1,1,0,2
"632883",0,0,0,0,0,0
"67944",0,0,0,0,0,0
"27206",511,391,245,478,269,419
"331535",0,1,1,0,1,0
"75125",0,0,0,0,3,0
"71248",0,0,0,0,0,0
"245631",640,439,417,559,460,442
"78526",7,4,3,1,3,2
"22037",1,0,0,0,0,0
"102871",18,17,21,23,12,13
"66889",921,755,722,789,746,683
"245638",661,485,473,519,385,464
"622473",314,269,263,351,306,312
"12738",369,311,273,343,336,332
"75746",709,541,473,553,405,536
"237073",358,320,257,312,232,269
"279706",1,3,4,7,1,4
"331537",1,0,0,0,1,0
"100499512",0,0,0,0,0,0
"245643",11,9,5,7,11,11
"19139",398,375,320,354,377,364
"14605",591,539,582,615,560,533
"23947",578,455,388,521,370,452
"286951",0,0,0,0,0,0
"83555",0,1,0,0,0,0
"78789",0,0,0,0,0,0
"53380",808,629,640,741,693,598
"666468",1214,1134,975,1117,993,869
"94216",5,1,2,7,3,1
"12830",813,568,584,668,537,614
"16370",0,0,0,0,0,0
"245650",1,0,0,1,1,0
"237082",68,35,56,62,41,37
"434858",21,10,7,14,13,14
"66240",44,36,41,52,50,42
"50790",5165,3695,3575,3861,3230,3437
"100039086",0,0,0,0,0,0
"209497",498,394,380,441,358,350
"723976",0,0,0,0,0,0
"56068",1677,1377,1060,1491,932,1116
"209540",2,4,4,6,5,7
"83453",1,0,1,0,0,1
"18481",257,181,156,208,192,161
"12338",1132,887,1001,1089,1046,834
"13193",162,121,142,212,154,154
"319764",0,0,0,0,1,0
"100503205",0,0,0,0,0,0
"751551",0,0,0,0,0,0
"67574",82,61,86,104,92,76
"22067",0,0,1,2,1,0
"100503240",2,0,2,4,0,2
"100039436",0,0,0,0,0,0
"619287",1,0,3,2,0,0
"237091",10,14,5,6,13,9
"27494",3577,2822,2502,2891,2040,2632
"15560",1,1,0,1,0,1
"100303736",0,0,0,0,0,0
"791081",0,0,0,0,0,0
"100526529",0,0,0,0,0,0
"100526460",0,0,0,0,0,0
"100526462",0,0,0,0,0,0
"723914",0,0,0,0,0,0
"16165",5,7,2,7,13,5
"210297",95,41,57,38,26,36
"434863",0,0,0,0,0,0
"666184",0,0,0,0,0,0
"434864",0,0,0,0,0,0
"100039545",0,0,0,0,0,0
"100034729",0,0,0,0,0,0
"434866",0,0,0,0,0,0
"434865",0,0,0,0,0,0
"18422",0,0,0,0,0,0
"100039890",0,0,0,0,0,0
"100039934",0,0,0,0,0,0
"382243",0,0,0,0,0,0
"434869",0,0,0,0,0,0
"382244",0,0,0,0,0,0
"100504292",0,0,0,0,0,0
"546387",5,9,4,3,2,5
"333588",2,0,0,0,0,0
"382245",14,5,5,8,3,6
"100504335",0,0,0,1,0,0
"11656",4,1,1,0,4,0
"77622",127,91,97,113,81,94
"18639",8,4,6,3,10,9
"56191",413,310,287,291,256,281
"80884",1914,1579,1563,1700,1589,1410
"634882",0,0,0,0,0,0
"237107",1629,1220,1159,1407,1142,1165
"14163",195,138,132,165,128,173
"69499",293,220,216,224,261,249
"279561",83,56,58,75,51,56
"331547",2,1,1,4,0,7
"207375",866,630,576,725,530,603
"320595",438,346,306,334,294,340
"59026",9295,6480,4872,7879,3944,6800
"387253",0,0,0,0,0,0
"723947",1,0,0,0,0,0
"15108",1040,777,799,852,840,761
"66611",27,30,22,26,35,21
"24061",1535,1162,1119,1336,1104,1195
"100046078",0,0,0,0,0,0
"245666",623,485,514,512,492,436
"20591",1816,1378,1285,1522,1248,1384
"72997",61,48,54,49,53,48
"52808",620,475,570,552,573,477
"70771",5,3,6,6,3,3
"75693",2,2,1,4,3,2
"635396",0,0,0,0,0,0
"110380",535,441,406,504,385,374
"18241",1,2,2,3,1,1
"100504521",2,0,0,0,2,1
"635253",2,2,1,0,0,0
"75625",156,97,118,132,119,112
"319781",0,1,0,0,1,0
"385454",0,0,0,0,0,0
"436240",0,0,0,0,0,0
"245670",7,6,4,5,4,4
"245671",70,46,31,71,43,46
"54609",797,608,683,783,683,681
"69361",0,0,0,0,0,0
"207474",23,6,13,16,16,9
"70123",318,280,333,296,309,308
"278240",14,8,9,15,21,7
"78092",0,1,0,1,0,0
"667256",0,1,0,1,0,0
"625650",0,1,0,0,0,0
"100040020",0,0,0,0,0,0
"546397",0,0,0,0,0,0
"625713",0,1,0,1,0,1
"434874",0,0,0,0,0,0
"635580",0,0,0,0,0,0
"75071",0,0,0,0,0,0
"434879",0,0,0,0,0,0
"75185",0,0,0,0,0,0
"434881",0,0,0,0,0,0
"100040899",0,0,0,0,0,0
"667331",1,1,0,0,0,0
"100040937",0,0,0,0,0,0
"17142",0,0,0,0,0,0
"17139",0,0,0,0,0,0
"17144",0,0,0,0,0,0
"17138",0,0,0,0,0,0
"17141",0,0,0,0,0,0
"17137",0,0,0,0,0,0
"73347",0,0,0,0,0,0
"245676",0,0,0,0,0,0
"20229",1386,1007,971,997,1072,944
"56360",2055,1672,1656,1553,1495,1527
"53381",137,111,115,117,138,112
"211612",39,27,23,38,32,46
"74941",0,0,0,0,0,0
"18675",15,19,14,10,9,16
"20603",2732,2221,2195,2393,2214,1992
"625253",5,0,1,1,1,1
"270669",639,489,454,593,455,415
"100073351",95,53,62,68,43,42
"66106",7155,6019,5964,6474,6183,5783
"245683",342,328,309,365,325,303
"245684",97,76,80,85,73,69
"110651",1851,1389,1210,1455,1003,1363
"66235",1652,1230,1164,1311,1247,1134
"78283",70,42,53,71,72,67
"382252",93,69,52,96,68,77
"58194",1423,995,1050,1248,1111,1046
"270672",32,20,30,31,23,25
"18597",7742,6294,5858,6549,5678,6125
"237175",144,95,100,120,95,105
"110094",1233,940,974,1010,816,852
"237178",22,14,7,16,8,6
"20147",3,1,0,1,0,1
"382253",36,31,27,23,16,20
"414089",6,3,1,6,5,2
"107815",11,4,7,21,6,7
"24004",895,733,768,874,804,801
"195727",36,45,21,41,22,31
"194590",29,18,18,19,25,28
"245688",4106,3262,3400,3467,3313,3108
"353170",268,231,220,238,214,240
"67043",2224,1717,1752,1905,1662,1491
"100499528",0,1,1,0,0,0
"55936",222,179,192,214,187,197
"12309",0,0,0,0,0,0
"14829",1,0,1,0,0,0
"74264",1,0,0,0,0,0
"108012",336,274,252,355,297,254
"22184",719,621,691,688,687,600
"56078",75,52,65,57,76,69
"20438",42,38,46,44,41,48
"57394",0,0,0,0,0,0
"70008",0,0,0,0,0,0
"12169",3,0,0,0,1,0
"69656",60,47,49,62,47,43
"14205",43,33,28,25,23,29
"18700",52,36,47,28,41,38
"68854",64,43,49,50,43,39
"69299",0,0,0,0,0,0
"76763",269,205,200,245,177,176
"237211",17,11,14,8,18,12
"237213",0,0,0,0,0,0
"237221",78,55,65,60,94,54
"14758",102,62,83,84,90,73
"237222",270,225,228,258,231,222
"66226",343,247,255,303,286,255
"56382",468,389,371,397,401,367
"245695",69,31,43,44,39,55
"54156",0,0,0,0,0,0
"382255",3,7,11,2,10,6
"667794",1,0,0,0,2,0
"100503034",2,1,2,1,0,1
"100503054",1,0,0,1,0,0
"19241",6,6,3,3,5,2
"170744",0,0,0,0,0,0
"170743",2,1,0,4,0,0
"110639",316,234,252,260,218,214
"627311",0,0,0,0,0,0
"333605",5,2,5,10,5,4
"17692",654,522,465,511,461,443
"11856",114,100,66,78,68,81
"11704",0,0,0,0,0,0
"15159",759,621,575,630,687,558
"237246",9,8,7,8,9,10
"17318",3480,2908,2888,3254,2846,2555
"66747",0,0,0,0,0,0
"654820",59,40,40,42,23,32
"100861696",0,0,0,0,0,0
"100862004",164,168,411,366,516,246
"107626",0,1,3,2,0,0
"20955",0,0,0,0,0,0
"236576",0,0,0,0,0,0
"192289",0,0,0,0,0,0
"100862337",0,0,0,0,0,0
"331360",0,0,0,0,0,0
"100862032",0,0,0,0,0,0
"100862038",0,0,0,0,0,0
"100862051",0,0,0,0,0,0
"22767",0,0,0,0,1,0
"22202",0,0,0,0,2,0
"20592",387,268,266,315,268,254
"26908",1692,1336,1338,1398,1395,1180
"22109",0,0,0,0,0,1
"22290",658,522,468,578,433,434
"26900",2463,1805,1674,1979,1709,1775
"107868",0,0,0,0,0,0
"22768",0,0,0,0,0,1
"547210",0,0,0,0,0,0
"21674",0,0,0,0,0,0
"100042840",0,0,0,0,0,0
"100042849",0,0,0,0,0,0
"19657",0,1,0,0,0,0
"100042874",0,1,0,0,0,0
"100042881",0,0,0,0,0,0
"100862365",0,0,0,0,0,0
"100861683",0,0,0,0,0,0
"100862383",0,0,0,0,0,0
"100862394",0,0,0,0,0,0
"100862398",0,1,0,0,0,0
"100041505",0,0,0,0,0,0
"100861598",0,0,0,0,0,0
"100042435",0,0,0,0,0,0
"100042401",0,0,0,0,0,0
"100041362",0,0,0,0,0,0
"100040196",0,0,0,0,0,0
"100861820",0,0,0,0,0,0
"100040160",0,0,0,0,0,0
"100040083",0,0,0,0,0,0
"100040054",0,0,0,0,0,0
"100039753",0,0,0,0,0,0
"100861879",0,0,0,0,0,0
"100039914",0,0,0,0,0,0
"100861888",0,0,0,0,0,0
"100861899",0,0,0,0,0,0
"100040263",0,0,0,0,0,0
"382131",0,0,0,0,0,0
"665687",0,0,0,0,0,0
"100040187",0,0,0,0,0,0
"100039693",0,0,0,0,0,0
"100861987",2,0,0,0,0,0
"100503772",0,0,0,0,0,0
"100039595",0,0,0,0,0,0
"100862042",0,0,0,0,0,0
"100862059",0,0,0,0,0,0
"100862075",0,0,0,0,0,1
"665301",0,0,0,0,0,0
"100040335",0,0,0,0,0,0
"100042565",0,0,0,0,0,0
"100040022",0,0,0,0,0,0
"664924",0,0,0,0,0,0
"100041550",0,0,0,0,0,0
"74484",2,0,0,0,0,0
"100504099",0,0,0,0,0,0
"100040262",0,0,0,0,0,0
"665276",0,0,0,0,0,0
"385550",0,0,0,0,0,0
"100040223",0,0,0,0,0,2
"20611",0,0,0,0,0,1
"100040714",0,0,0,0,0,0
"100862345",0,0,0,0,0,0
"100862366",0,0,0,0,0,0
"100042337",0,0,0,0,0,0
"100042321",0,0,0,0,0,0
"100041223",0,0,0,0,0,0
"100861599",0,0,0,0,0,0
"100861973",0,0,0,0,0,0
"100862091",0,0,0,0,0,0
"100862346",0,0,0,0,0,0
"100042537",0,0,0,0,0,0
"100042550",0,0,0,0,0,0
"100040400",0,0,0,0,0,0
"100039614",0,0,0,0,0,0
"100861950",0,0,0,0,0,0
"100862028",0,0,0,0,0,0
"100041014",0,0,0,0,0,0
"100862045",0,0,0,0,0,0
"100041033",0,0,0,0,0,0
"100862062",0,0,0,0,0,0
"100041973",0,0,0,0,0,0
"100041897",0,0,0,0,0,0
"100041922",0,0,0,0,0,0
"100862099",0,0,0,0,0,0
"100862113",0,0,0,0,0,0
"100862135",0,0,0,0,0,0
"100041913",0,0,0,0,0,0
"100041934",0,0,0,0,0,0
"100041966",0,0,0,0,0,0
"100862320",0,0,0,0,0,0
"100039659",0,0,0,0,0,0
"100039675",0,0,0,2,0,0
"100862367",0,0,0,0,0,0
"100504451",0,0,0,0,0,0
"100862161",0,0,0,0,0,0
"100862173",1,0,0,0,0,0
"100862209",0,0,0,0,0,0
"100862224",0,0,0,0,0,0
"100861636",0,0,0,0,0,0
"100862250",0,0,0,0,0,0
"100862262",0,0,0,0,0,0
"100040363",0,0,0,0,0,0
"100862296",1,0,0,0,0,0
"100862310",0,0,0,0,0,0
"100862326",0,0,0,0,0,0
"100861748",0,0,0,0,0,0
"100861769",0,0,0,0,0,0
"100040873",0,0,0,0,0,0
"100040963",0,0,0,0,0,0
"100039209",0,0,0,0,0,0
"100039068",0,0,0,0,0,0
"100041987",1,0,0,0,0,0
"100042013",0,0,0,0,0,0
"100040264",0,0,0,0,0,0
"100042195",0,0,0,0,0,0
"100042494",0,0,0,0,0,0
"382133",0,0,0,0,0,0
"100042012",1,0,0,0,0,0
"100042025",8769,7654,8173,8246,8515,7748
"100042079",0,0,0,0,0,0
"100039014",0,0,0,0,0,0
"100039034",0,0,0,0,0,0
"100040171",0,0,0,0,0,0
"100504515",0,0,0,0,0,0
"100861807",0,0,0,0,0,0
"100861816",0,0,0,0,0,0
"100861824",0,0,0,0,0,0
"100861835",0,0,0,0,0,0
"100861730",0,0,0,0,0,0
"100038971",0,0,0,0,0,0
"100861756",0,0,0,0,0,0
"100861854",0,0,0,0,0,0
"100861867",0,0,0,0,0,0
"100861896",0,0,0,0,0,0
"100861779",0,0,0,0,0,0
"100861905",0,0,0,0,0,0
"100861914",0,0,0,0,0,0
"100041662",0,0,0,0,0,0
"100041682",0,0,0,0,0,0
"100041698",0,0,0,0,0,0
"100041813",0,0,0,0,0,0
"100041789",0,0,0,1,0,0
"100861665",0,0,0,0,0,0
"100041714",0,0,0,0,0,0
"100861997",0,0,0,0,0,0
"100862009",0,0,0,0,0,0
"100042443",0,0,0,0,0,0
"100861821",0,0,0,1,0,0
"100042509",0,0,0,0,0,0
"100861828",0,0,0,0,0,0
"100861839",0,0,0,0,0,0
"100861850",0,0,0,0,0,0
"100861860",0,0,0,0,0,0
"100861871",0,0,0,0,0,0
"434960",0,0,0,0,0,0
"100042578",0,0,0,0,0,0
"100861889",0,0,0,0,0,0
"100042563",0,0,0,0,0,0
"100042585",0,0,0,0,0,0
"100042594",0,0,0,0,0,0
"100861923",0,0,0,0,0,0
"100861937",0,0,0,0,0,0
"100042395",0,0,0,0,0,0
"382301",0,0,0,0,0,0
"434935",0,0,0,0,0,0
"100862321",0,0,0,0,0,0
"100502866",0,0,0,0,0,0
"100502805",0,0,0,0,0,0
"100862020",0,0,0,0,0,0
"100862029",0,0,0,0,0,0
"100862036",0,0,0,0,0,0
"100862046",0,0,0,0,0,0
"100041346",0,0,0,0,0,0
"100504063",0,0,0,0,0,0
"100862071",0,0,0,0,0,0
"100862076",0,0,0,0,0,0
"73329",0,0,0,0,0,0
"100039032",0,0,0,0,0,0
"100504492",0,0,0,0,0,0
"100504725",0,0,0,0,0,0
"100862210",0,0,0,0,0,0
"100862114",0,0,0,0,0,0
"100862225",0,0,0,0,0,0
"100862125",0,0,0,0,0,0
"100039393",0,0,0,0,0,0
"100039444",0,0,0,0,0,0
"100862147",0,0,0,0,0,0
"100040031",0,0,0,0,0,0
"100862270",0,0,0,0,0,0
"100862162",0,0,0,0,0,0
"100862283",0,0,0,0,0,0
"100862297",0,0,0,0,0,0
"100862311",0,0,0,0,0,0
"100041751",0,0,0,0,0,0
"100862336",0,0,0,0,0,0
"100041683",0,0,0,0,0,0
"100042268",0,0,0,0,0,0
"100042279",1,0,0,0,0,0
"100042475",0,0,0,1,0,0
"100861731",0,0,0,0,0,0
"100042512",0,0,0,0,0,0
"380994",0,0,0,0,0,0
"100042689",0,0,0,0,0,0
"100042669",0,0,0,0,0,0
"100042649",0,0,0,0,0,0
"100040786",0,0,0,0,0,0
"70009",0,0,0,0,0,0
"100861662",0,0,0,0,0,0
"100041440",0,0,0,0,0,0
"100042682",0,0,0,0,0,0
"100042709",0,0,0,0,0,0
"100861677",0,0,0,0,0,0
"100039810",0,0,0,0,0,0
"100039842",0,0,0,0,0,0
"100039876",0,0,0,0,0,0
"100861704",0,0,0,0,0,0
"100861717",0,0,0,0,0,0
"100042619",0,0,0,0,0,0
"100862156",0,0,0,0,0,0
"100862360",0,0,0,0,0,0
"100861667",0,0,0,1,0,0
"619557",0,0,0,0,0,0
"100041812",0,0,0,0,0,0
"100041776",0,0,0,0,0,0
"100862016",0,0,0,0,0,0
"100041255",0,0,0,0,0,0
"100041284",0,0,0,0,0,0
"100041309",0,0,0,0,0,0
"100041345",0,0,0,0,0,0
"100040429",0,0,0,1,0,0
"100040483",0,0,0,1,0,0
"100040489",0,0,0,0,0,0
"100040509",1,0,0,0,0,0
"100040564",0,0,0,0,0,0
"100040595",0,0,0,0,0,0
"100040636",0,0,0,0,0,0
"100039271",0,0,0,0,0,0
"100862371",0,0,0,0,0,0
"100042080",0,0,0,0,0,0
"100042110",0,0,0,0,0,0
"100862406",0,0,0,0,0,0
"100039523",0,0,0,0,0,0
"100861611",0,0,0,0,0,0
"100039732",0,0,0,0,0,0
"100039752",0,0,0,0,0,0
"100861659",0,0,0,0,0,0
"100040712",0,0,0,0,0,0
"100042116",0,0,0,0,0,0
"100861709",0,0,0,0,0,0
"100861720",0,0,0,0,0,0
"100861734",0,0,0,0,0,0
"100861743",0,0,0,0,0,0
"100041080",0,0,0,0,0,0
"100862315",0,0,0,0,0,0
"100862330",0,0,0,0,0,0
"100041256",0,0,0,0,0,0
"100862342",0,0,0,0,0,0
"100861764",0,0,0,0,0,0
"100039602",0,0,0,0,0,0
"100039574",0,0,0,0,0,0
"100042440",0,0,0,0,0,0
"100042428",0,0,0,0,0,0
"100042417",0,0,0,0,0,0
"100861817",0,0,0,0,0,0
"100861825",0,0,0,0,0,0
"100861836",0,0,0,0,0,0
"100038944",0,0,0,0,0,0
"100040418",0,0,0,0,0,0
"100861868",0,0,0,0,0,0
"100042357",0,0,0,0,0,0
"100042391",0,0,0,0,0,0
"100039294",0,0,0,0,0,0
"100861906",0,0,0,0,0,0
"100861928",0,0,0,0,0,0
"100861942",0,0,0,0,0,0
"100040673",0,0,0,0,0,0
"100861630",0,0,0,0,0,0
"100041142",0,0,0,0,0,0
"100041168",0,0,0,0,0,0
"100041207",0,0,0,0,0,0
"100861637",1,0,0,0,0,0
"100861988",0,0,0,0,0,0
"100862006",0,0,0,0,0,0
"100862025",0,0,0,0,0,0
"100040991",0,0,0,0,0,0
"100040911",0,0,0,0,0,0
"100862053",0,0,0,0,0,0
"100039905",0,0,0,0,0,0
"100041141",0,0,0,0,0,0
"100041117",0,0,0,0,0,0
"100862083",0,0,0,0,0,0
"100862092",0,0,0,0,0,0
"100862100",0,0,0,0,0,0
"100042201",0,0,0,0,0,0
"100039904",0,0,0,0,0,0
"100861873",0,0,0,0,0,0
"100861881",0,0,0,0,0,0
"100504642",0,0,0,0,0,0
"100041631",0,0,0,0,0,0
"100504702",0,0,0,0,0,0
"100040357",0,0,0,0,0,0
"100861808",0,0,0,0,0,0
"100504460",0,0,0,0,0,0
"100861837",2059,1699,1879,2055,1774,1537
"100861924",0,0,0,0,0,0
"170942",444,343,550,515,670,392
"100861691",0,0,0,0,0,0
"100504472",0,0,0,0,0,0
